Customer ID,Age,Gender,Location,Subscription Status,Item Purchased,Category,Purchase Amount (USD),Season,Size,Color,Discount Applied,Promo Code Used,Previous Purchases,Frequency of Purchases,Review Rating,Shipping Type,Payment Method
1,32,Male,Arizona,No,Pants,Clothing,35.64,Winter,XL,Blue,Yes,No,0,Quarterly,4.82,Express,Debit Card
2,50,Male,Washington,Yes,Jewelry,Accessories,15.0,Winter,XL,Blue,No,No,1,Weekly,4.23,Standard,Cash
3,56,Female,Ohio,No,Sandals,Footwear,47.59,Winter,L,Blue,No,No,0,Quarterly,3.6,Express,Debit Card
4,35,Female,Arizona,No,Pants,Clothing,73.57,Winter,S,Gray,No,No,1,Annually,3.66,Express,Credit Card
5,62,Female,Montana,No,Sweater,Clothing,71.24,Summer,L,Purple,Yes,No,0,Quarterly,4.19,Express,Venmo
6,39,Female,Montana,No,Boots,Footwear,38.84,Fall,L,Brown,Yes,No,2,Bi-Weekly,3.71,Standard,Venmo
7,56,Male,Florida,No,Scarf,Accessories,77.67,Fall,L,Blue,Yes,No,0,Annually,3.76,Express,Venmo
8,28,Male,Georgia,No,Coat,Outerwear,53.41,Spring,XL,Pink,No,Yes,2,Monthly,4.09,Express,Venmo
9,61,Male,Florida,No,Shoes,Footwear,49.94,Spring,M,Red,Yes,No,2,Monthly,3.47,Express,Credit Card
10,66,Male,Montana,Yes,Hoodie,Outerwear,50.76,Summer,S,Purple,No,Yes,1,Quarterly,3.71,Standard,Cash
11,41,Male,Montana,Yes,Sunglasses,Accessories,71.34,Fall,M,Blue,No,No,1,Monthly,4.85,Express,Cash
12,69,Female,Georgia,Yes,Coat,Clothing,68.16,Fall,L,Purple,No,No,0,Bi-Weekly,2.52,Express,PayPal
13,18,Male,Texas,No,Shirt,Clothing,30.8,Summer,XL,Black,No,Yes,1,Quarterly,4.35,Express,PayPal
14,42,Male,Georgia,Yes,Dress,Clothing,96.92,Winter,S,Green,Yes,No,0,Monthly,3.99,Express,Credit Card
15,68,Female,Texas,No,T-shirt,Clothing,70.39,Fall,L,White,No,No,2,Weekly,3.0,Standard,Venmo
16,52,Male,Illinois,No,Sweater,Clothing,59.37,Spring,S,Gray,No,No,0,Monthly,3.85,Express,PayPal
17,49,Male,Illinois,No,Pants,Clothing,41.08,Winter,M,Gray,Yes,No,0,Bi-Weekly,3.49,Express,Debit Card
18,57,Male,Ohio,No,Jacket,Outerwear,40.42,Summer,S,Gray,No,No,0,Weekly,4.44,Express,PayPal
19,63,Male,California,No,Dress,Clothing,53.29,Fall,M,Blue,No,No,1,Annually,4.13,Express,Debit Card
20,59,Male,New York,No,Scarf,Accessories,41.74,Winter,S,Brown,Yes,Yes,2,Quarterly,3.58,Express,Cash
21,33,Female,Texas,No,Sweater,Clothing,19.1,Fall,M,Green,Yes,Yes,1,Weekly,3.84,Express,Credit Card
22,64,Male,New York,No,Jewelry,Accessories,63.28,Fall,L,Purple,No,No,1,Weekly,4.04,Express,PayPal
23,47,Male,New York,No,Jewelry,Accessories,54.85,Spring,M,Green,No,No,1,Annually,4.69,Express,PayPal
24,36,Male,Ohio,No,Shirt,Clothing,98.27,Winter,XL,Red,No,No,0,Quarterly,3.96,Standard,Venmo
25,29,Male,Arizona,No,Pants,Clothing,65.22,Summer,M,White,No,No,0,Bi-Weekly,3.44,Express,Venmo
26,38,Male,Texas,No,Jacket,Outerwear,15.26,Winter,XL,White,No,No,0,Annually,4.44,Standard,Venmo
27,58,Male,Texas,No,Sneakers,Footwear,53.08,Winter,S,Pink,No,No,0,Quarterly,5.0,Express,PayPal
28,33,Male,Florida,No,Coat,Clothing,39.48,Winter,S,Brown,Yes,No,0,Bi-Weekly,3.14,Express,Venmo
29,64,Male,Ohio,No,Shirt,Clothing,71.88,Winter,M,Pink,No,No,0,Annually,4.43,Express,Cash
30,18,Male,Illinois,No,Pants,Clothing,46.32,Summer,M,Blue,Yes,No,0,Annually,4.43,Express,Debit Card
31,58,Male,Montana,Yes,Boots,Footwear,37.52,Spring,M,Green,No,Yes,0,Annually,4.13,Standard,Venmo
32,28,Male,Georgia,Yes,Jewelry,Accessories,76.47,Fall,L,Black,No,No,0,Weekly,3.22,Express,Debit Card
33,29,Male,Washington,Yes,Coat,Outerwear,42.81,Winter,XL,Green,No,No,0,Weekly,3.45,Express,Venmo
34,65,Female,California,No,Boots,Footwear,33.2,Spring,L,Gray,No,No,0,Weekly,4.67,Express,Debit Card
35,44,Male,New York,No,Skirt,Clothing,63.97,Spring,L,Green,No,No,0,Monthly,3.51,Standard,Credit Card
36,62,Male,Arizona,Yes,Belt,Accessories,66.32,Summer,M,Yellow,No,No,1,Quarterly,4.0,Express,PayPal
37,34,Male,Illinois,No,Skirt,Clothing,89.38,Summer,M,White,No,No,2,Monthly,4.19,Standard,Debit Card
38,50,Female,New York,No,Skirt,Clothing,92.17,Summer,XL,Black,No,No,2,Annually,3.06,Express,Venmo
39,60,Male,Arizona,No,Skirt,Clothing,66.93,Winter,L,White,No,Yes,2,Annually,3.28,Standard,PayPal
40,38,Female,Montana,No,Skirt,Clothing,16.68,Spring,L,Pink,Yes,No,0,Monthly,4.01,Express,Venmo
41,18,Male,Arizona,No,Scarf,Accessories,63.16,Summer,XL,Brown,No,No,0,Bi-Weekly,3.77,Standard,Cash
42,40,Male,Texas,No,Sneakers,Footwear,40.15,Winter,S,Brown,No,Yes,2,Weekly,3.79,Express,Debit Card
43,34,Male,Florida,No,Blouse,Clothing,80.71,Summer,L,Gray,No,No,0,Bi-Weekly,4.08,Express,PayPal
44,62,Male,Arizona,No,Shirt,Clothing,47.26,Fall,L,Blue,Yes,No,0,Bi-Weekly,3.12,Express,Cash
45,66,Male,Arizona,No,Coat,Outerwear,70.17,Spring,XL,Green,Yes,No,1,Monthly,3.85,Standard,PayPal
46,18,Male,Florida,No,Belt,Accessories,72.37,Fall,S,Yellow,No,Yes,1,Bi-Weekly,2.92,Express,Venmo
47,18,Female,Montana,No,Boots,Footwear,107.4,Winter,XL,White,Yes,No,0,Weekly,3.45,Standard,Cash
48,39,Male,Texas,Yes,Scarf,Accessories,66.35,Spring,L,Purple,No,No,0,Bi-Weekly,3.54,Express,Cash
49,40,Male,California,No,Blouse,Clothing,22.38,Winter,XL,Blue,No,No,2,Monthly,4.25,Express,Debit Card
50,64,Female,Illinois,No,Belt,Accessories,78.92,Spring,S,Brown,Yes,Yes,0,Bi-Weekly,3.79,Express,Cash
51,55,Male,Arizona,Yes,Shoes,Footwear,44.01,Fall,XL,White,Yes,No,2,Quarterly,2.65,Express,Cash
52,28,Male,Washington,No,Sweater,Clothing,36.04,Winter,M,Gray,No,No,1,Quarterly,3.41,Express,PayPal
53,22,Male,Washington,Yes,Sweater,Clothing,43.79,Fall,S,Gray,No,No,0,Weekly,3.99,Standard,Venmo
54,40,Male,New York,No,Scarf,Accessories,60.71,Spring,S,Purple,No,Yes,0,Weekly,4.3,Standard,PayPal
55,55,Male,Texas,Yes,T-shirt,Clothing,85.0,Spring,L,Red,No,No,2,Weekly,3.34,Express,Cash
56,67,Male,Arizona,No,Sweater,Clothing,54.22,Spring,XL,Brown,No,No,0,Annually,3.2,Express,Venmo
57,36,Male,Montana,No,Dress,Clothing,54.5,Summer,L,Red,Yes,No,0,Monthly,4.5,Express,Debit Card
58,50,Male,Montana,No,Coat,Outerwear,69.31,Fall,XL,Brown,No,Yes,2,Weekly,3.36,Express,Cash
59,25,Female,Florida,No,Hoodie,Outerwear,75.88,Summer,S,Brown,No,Yes,2,Weekly,3.28,Standard,Cash
60,53,Male,Ohio,Yes,Belt,Accessories,34.77,Winter,S,Green,No,No,1,Bi-Weekly,3.34,Express,Cash
61,61,Female,Montana,No,Coat,Outerwear,58.85,Spring,M,Pink,No,No,0,Weekly,4.3,Standard,Cash
62,46,Male,Georgia,No,Shirt,Clothing,27.01,Winter,L,Green,Yes,Yes,1,Weekly,4.03,Express,Cash
63,62,Male,California,Yes,Sweater,Clothing,22.78,Fall,S,Blue,Yes,No,0,Annually,3.11,Express,Cash
64,56,Female,Illinois,No,Blouse,Clothing,57.05,Spring,M,Red,No,Yes,2,Quarterly,4.03,Standard,Cash
65,26,Female,Washington,No,Shirt,Clothing,58.9,Fall,L,White,No,No,1,Bi-Weekly,4.64,Standard,Venmo
66,66,Male,Arizona,No,Belt,Accessories,58.11,Fall,S,Black,No,No,0,Weekly,4.06,Express,PayPal
67,58,Male,New York,No,Sunglasses,Accessories,75.97,Fall,XL,Gray,No,No,1,Bi-Weekly,3.82,Express,PayPal
68,59,Male,California,No,Shoes,Footwear,34.12,Fall,XL,Purple,No,Yes,0,Weekly,4.46,Express,Credit Card
69,33,Male,California,Yes,Sandals,Footwear,55.24,Fall,S,White,No,No,1,Quarterly,4.25,Standard,Credit Card
70,61,Male,Florida,No,Pants,Clothing,43.48,Summer,S,Blue,No,No,2,Bi-Weekly,3.65,Express,Venmo
71,70,Male,Washington,No,Jewelry,Accessories,20.93,Spring,L,Yellow,No,No,2,Monthly,3.15,Express,Debit Card
72,21,Male,Washington,Yes,Scarf,Accessories,82.94,Spring,M,Pink,Yes,No,0,Annually,4.56,Standard,Credit Card
73,66,Female,Arizona,No,Sweater,Clothing,88.01,Fall,M,Gray,No,Yes,2,Quarterly,3.46,Express,Debit Card
74,20,Male,New York,No,Dress,Clothing,65.32,Summer,XL,Yellow,No,No,0,Bi-Weekly,3.92,Express,Venmo
75,45,Male,Texas,No,Jewelry,Accessories,59.27,Winter,XL,White,No,No,0,Weekly,4.34,Express,Cash
76,65,Female,Illinois,Yes,Jacket,Outerwear,69.65,Spring,L,Purple,No,No,0,Bi-Weekly,4.18,Standard,Cash
77,48,Male,Montana,No,Belt,Accessories,60.17,Winter,L,White,No,No,1,Monthly,4.39,Standard,Cash
78,58,Female,Illinois,No,Shoes,Footwear,35.89,Winter,XL,White,No,Yes,2,Quarterly,3.55,Standard,Debit Card
79,43,Male,Florida,No,Skirt,Clothing,47.87,Fall,S,Black,No,No,2,Monthly,4.71,Express,Debit Card
80,46,Male,California,No,Sunglasses,Accessories,85.57,Winter,M,Blue,No,Yes,0,Quarterly,3.8,Express,Venmo
81,36,Female,California,Yes,Skirt,Clothing,58.69,Winter,S,Pink,No,No,0,Quarterly,3.87,Express,PayPal
82,46,Male,New York,No,Jewelry,Accessories,92.13,Summer,L,Red,No,No,2,Weekly,2.51,Express,PayPal
83,65,Male,Arizona,No,Skirt,Clothing,33.07,Spring,S,Gray,No,No,2,Bi-Weekly,4.33,Express,Cash
84,55,Male,Georgia,No,Sandals,Footwear,78.4,Fall,XL,Yellow,No,No,10,Bi-Weekly,4.17,Express,Debit Card
85,50,Male,Illinois,No,Shirt,Clothing,54.22,Summer,L,Purple,No,No,3,Bi-Weekly,3.71,Standard,PayPal
86,20,Male,Georgia,No,Belt,Accessories,93.63,Winter,XL,White,No,No,8,Monthly,4.44,Express,Cash
87,39,Female,California,Yes,Coat,Outerwear,67.63,Fall,XL,Pink,No,Yes,9,Quarterly,4.84,Express,Venmo
88,49,Male,Arizona,No,Sneakers,Footwear,94.15,Fall,XL,Purple,No,Yes,6,Weekly,3.97,Express,Credit Card
89,41,Female,Arizona,No,Hoodie,Outerwear,35.08,Fall,XL,Pink,No,No,7,Quarterly,3.02,Express,Debit Card
90,59,Male,California,No,Sneakers,Footwear,41.84,Fall,S,Blue,No,No,5,Bi-Weekly,3.07,Standard,Debit Card
91,55,Male,Arizona,No,Jewelry,Accessories,70.47,Winter,M,Brown,Yes,No,3,Weekly,3.56,Express,Cash
92,18,Male,Washington,No,Sneakers,Footwear,28.48,Winter,M,Pink,No,Yes,6,Monthly,3.61,Express,Credit Card
93,45,Male,Montana,No,Scarf,Accessories,76.54,Winter,XL,Yellow,Yes,Yes,5,Bi-Weekly,4.36,Express,Credit Card
94,43,Female,New York,Yes,Sweater,Clothing,56.98,Fall,M,Purple,No,No,3,Monthly,3.23,Standard,Debit Card
95,56,Male,Florida,Yes,Pants,Clothing,17.58,Summer,S,Red,No,Yes,10,Bi-Weekly,5.0,Standard,Venmo
96,64,Female,Washington,Yes,Pants,Clothing,77.0,Summer,S,Purple,No,No,9,Quarterly,4.0,Standard,Credit Card
97,18,Male,Washington,No,Sandals,Footwear,37.81,Summer,M,Yellow,No,No,9,Weekly,4.57,Express,Credit Card
98,58,Female,Texas,No,Belt,Accessories,84.06,Summer,S,Pink,No,No,6,Weekly,4.1,Standard,Credit Card
99,29,Male,Montana,Yes,Blouse,Clothing,19.21,Spring,L,Yellow,Yes,No,9,Bi-Weekly,4.29,Express,Credit Card
100,25,Male,New York,No,Shirt,Clothing,50.52,Spring,L,Red,No,No,4,Bi-Weekly,3.74,Express,Cash
101,60,Male,Texas,Yes,Belt,Accessories,74.78,Spring,S,Yellow,Yes,Yes,10,Quarterly,3.89,Express,PayPal
102,64,Female,California,No,Sandals,Footwear,43.02,Winter,M,Pink,No,Yes,5,Quarterly,3.83,Standard,Venmo
103,66,Male,Arizona,No,Belt,Accessories,87.55,Fall,L,Brown,No,No,7,Quarterly,3.71,Standard,Credit Card
104,59,Female,California,No,Dress,Clothing,34.72,Winter,XL,Brown,No,Yes,10,Quarterly,3.4,Standard,Debit Card
105,52,Male,New York,No,Jewelry,Accessories,108.96,Winter,L,Purple,No,No,4,Weekly,2.8,Express,Debit Card
106,38,Female,Ohio,No,Coat,Clothing,22.24,Summer,L,Red,No,No,5,Annually,2.76,Standard,Venmo
107,26,Male,Montana,No,Hoodie,Outerwear,46.61,Winter,S,Green,No,No,3,Monthly,3.14,Express,Venmo
108,23,Female,Ohio,No,Skirt,Clothing,29.61,Winter,M,Purple,No,Yes,9,Weekly,3.09,Standard,Debit Card
109,33,Male,Texas,Yes,Jewelry,Accessories,15.0,Spring,XL,Gray,No,Yes,3,Annually,3.5,Standard,Debit Card
110,50,Male,Florida,No,Boots,Footwear,34.84,Summer,S,White,No,No,10,Weekly,3.76,Express,Cash
111,40,Male,Florida,Yes,Shoes,Footwear,66.91,Fall,S,Purple,No,No,6,Bi-Weekly,4.45,Express,Cash
112,31,Female,California,No,Boots,Footwear,35.84,Summer,XL,Purple,No,Yes,9,Weekly,3.57,Express,Credit Card
113,63,Male,New York,Yes,Skirt,Clothing,15.0,Spring,M,Red,Yes,No,6,Quarterly,3.78,Express,PayPal
114,37,Male,California,No,Skirt,Clothing,65.27,Fall,L,Blue,No,Yes,7,Weekly,3.35,Standard,Cash
115,32,Male,Texas,Yes,Sneakers,Footwear,48.33,Winter,XL,Black,No,No,9,Weekly,3.54,Standard,PayPal
116,53,Female,Texas,No,Sweater,Clothing,38.72,Winter,M,Brown,No,No,8,Bi-Weekly,3.65,Standard,Venmo
117,38,Male,New York,No,Belt,Accessories,61.78,Spring,S,Green,No,No,9,Quarterly,3.19,Express,Credit Card
118,38,Male,Florida,Yes,Coat,Clothing,59.05,Summer,XL,Blue,No,No,10,Bi-Weekly,3.28,Express,Venmo
119,34,Female,Arizona,No,Scarf,Accessories,55.64,Fall,L,White,No,No,3,Weekly,3.56,Express,PayPal
120,36,Male,Arizona,Yes,Pants,Clothing,59.0,Fall,S,Blue,Yes,Yes,10,Annually,3.88,Express,Debit Card
121,28,Male,Illinois,No,Sweater,Clothing,38.07,Winter,M,Yellow,Yes,No,9,Weekly,2.86,Express,Credit Card
122,67,Male,Georgia,No,Hoodie,Outerwear,42.37,Summer,L,White,No,Yes,3,Monthly,3.31,Express,Venmo
123,33,Female,Ohio,Yes,Coat,Clothing,52.3,Winter,L,Purple,No,No,4,Quarterly,3.33,Standard,Cash
124,52,Male,California,No,Jacket,Outerwear,74.52,Summer,S,Gray,No,No,10,Quarterly,3.57,Standard,Cash
125,46,Male,California,Yes,Sweater,Clothing,66.05,Fall,L,Gray,No,No,4,Annually,3.41,Express,Cash
126,40,Female,Arizona,No,T-shirt,Clothing,66.17,Winter,XL,Black,No,No,8,Quarterly,4.2,Standard,Debit Card
127,27,Female,Georgia,No,Sandals,Footwear,68.26,Summer,M,Purple,No,No,10,Weekly,4.34,Express,Credit Card
128,68,Male,Florida,No,Boots,Footwear,64.23,Winter,M,Blue,Yes,No,9,Annually,2.07,Standard,PayPal
129,37,Female,New York,No,Jewelry,Accessories,60.18,Fall,XL,Red,Yes,No,9,Bi-Weekly,4.29,Express,PayPal
130,63,Female,New York,No,Sandals,Footwear,80.95,Winter,L,Red,Yes,No,8,Weekly,4.17,Standard,PayPal
131,64,Male,Florida,No,Scarf,Accessories,63.4,Fall,L,Yellow,No,No,3,Weekly,4.04,Express,Venmo
132,27,Male,Texas,No,Jewelry,Accessories,49.04,Summer,L,Purple,No,No,5,Annually,4.14,Express,Venmo
133,53,Male,Montana,No,Pants,Clothing,63.71,Winter,M,Pink,Yes,No,4,Quarterly,3.56,Express,PayPal
134,38,Male,Texas,No,Boots,Footwear,57.6,Summer,XL,Purple,No,No,10,Bi-Weekly,3.65,Express,PayPal
135,60,Male,California,No,Scarf,Accessories,15.0,Fall,XL,Gray,No,No,4,Bi-Weekly,4.19,Express,Credit Card
136,35,Male,Texas,No,Pants,Clothing,42.85,Winter,XL,Pink,Yes,Yes,5,Annually,4.06,Standard,Debit Card
137,50,Female,Montana,No,Sunglasses,Accessories,53.69,Summer,M,White,No,Yes,10,Bi-Weekly,3.83,Express,Credit Card
138,33,Male,Arizona,Yes,Shoes,Footwear,71.98,Fall,M,Blue,Yes,No,5,Annually,4.78,Standard,PayPal
139,32,Male,Washington,No,Shoes,Footwear,52.39,Spring,L,White,Yes,No,10,Quarterly,4.01,Express,PayPal
140,69,Male,Arizona,Yes,Sneakers,Footwear,43.33,Winter,XL,Pink,No,No,3,Weekly,3.65,Express,Debit Card
141,23,Female,California,Yes,Scarf,Accessories,76.28,Summer,S,Black,Yes,No,4,Quarterly,3.54,Express,Venmo
142,63,Male,Montana,No,Skirt,Clothing,63.43,Fall,S,Green,No,No,5,Quarterly,3.87,Express,Cash
143,22,Female,New York,No,Belt,Accessories,95.46,Winter,S,Pink,No,No,5,Monthly,3.86,Express,Credit Card
144,61,Female,Washington,Yes,Coat,Clothing,57.78,Winter,XL,Purple,Yes,Yes,3,Quarterly,2.63,Express,Cash
145,28,Female,Texas,Yes,Shirt,Clothing,29.23,Spring,XL,White,No,No,9,Quarterly,4.37,Express,Credit Card
146,25,Female,Illinois,No,Sandals,Footwear,55.11,Spring,L,Pink,No,No,9,Quarterly,3.45,Express,Credit Card
147,32,Male,California,No,Sandals,Footwear,65.05,Summer,M,Red,No,Yes,5,Monthly,4.08,Express,Cash
148,57,Female,Texas,No,Blouse,Clothing,55.16,Fall,M,Blue,No,Yes,8,Weekly,3.96,Express,Credit Card
149,69,Male,Georgia,Yes,Coat,Clothing,66.95,Winter,XL,Pink,No,Yes,10,Weekly,4.67,Express,Credit Card
150,45,Female,Ohio,No,Scarf,Accessories,78.61,Summer,S,Blue,No,No,4,Annually,4.61,Express,Venmo
151,20,Male,Texas,No,Pants,Clothing,63.23,Winter,XL,Black,Yes,No,3,Quarterly,4.6,Express,Credit Card
152,46,Female,Texas,Yes,Sweater,Clothing,58.05,Fall,XL,Red,No,No,10,Quarterly,4.07,Express,Debit Card
153,18,Male,Illinois,Yes,Blouse,Clothing,77.74,Winter,L,Purple,No,No,9,Weekly,3.64,Express,Cash
154,66,Female,Montana,Yes,Sweater,Clothing,53.42,Summer,L,Yellow,No,No,7,Annually,3.37,Express,Credit Card
155,56,Female,Montana,No,Belt,Accessories,58.32,Fall,XL,Gray,No,No,3,Quarterly,3.45,Express,Credit Card
156,45,Female,California,No,Sneakers,Footwear,62.5,Spring,L,Red,No,Yes,7,Quarterly,3.44,Express,Credit Card
157,68,Male,California,No,Sunglasses,Accessories,62.97,Spring,M,White,Yes,Yes,3,Quarterly,3.97,Standard,Cash
158,55,Male,Ohio,No,Sandals,Footwear,65.94,Summer,S,Green,No,Yes,10,Weekly,4.7,Express,Credit Card
159,60,Male,Washington,No,Jewelry,Accessories,35.73,Winter,M,Blue,No,No,6,Weekly,4.21,Express,Cash
160,53,Male,Ohio,Yes,Shirt,Clothing,87.54,Winter,S,Black,No,No,3,Bi-Weekly,5.0,Express,PayPal
161,48,Female,Arizona,No,Belt,Accessories,42.29,Winter,XL,Yellow,No,No,8,Annually,3.85,Express,Cash
162,21,Male,New York,No,Pants,Clothing,24.25,Spring,M,Green,No,No,5,Quarterly,3.02,Express,Credit Card
163,64,Male,New York,No,Jacket,Outerwear,110.0,Fall,L,Purple,No,No,6,Bi-Weekly,2.85,Standard,PayPal
164,56,Female,California,No,Belt,Accessories,65.47,Fall,S,Black,No,No,5,Weekly,3.16,Express,Cash
165,25,Male,New York,No,Jewelry,Accessories,110.0,Summer,S,Yellow,Yes,No,7,Quarterly,3.0,Standard,PayPal
166,29,Male,Florida,No,Shirt,Clothing,59.98,Fall,L,Purple,No,No,3,Monthly,4.08,Express,Credit Card
167,68,Male,Florida,No,Blouse,Clothing,15.61,Fall,XL,Pink,Yes,Yes,8,Weekly,2.89,Express,Cash
168,22,Male,Illinois,No,T-shirt,Clothing,72.72,Fall,L,Yellow,No,No,9,Annually,3.85,Express,Debit Card
169,47,Male,Ohio,Yes,T-shirt,Clothing,78.66,Winter,S,Green,No,Yes,8,Annually,4.01,Express,Credit Card
170,52,Male,Florida,No,Boots,Footwear,59.07,Summer,L,Blue,No,No,9,Annually,3.31,Express,Debit Card
171,55,Female,Illinois,Yes,Belt,Accessories,59.62,Summer,M,Gray,No,Yes,4,Monthly,3.34,Express,Cash
172,70,Male,Texas,No,Belt,Accessories,30.05,Spring,S,Yellow,Yes,No,3,Bi-Weekly,3.88,Express,PayPal
173,31,Male,Florida,Yes,Shirt,Clothing,44.26,Fall,XL,White,No,Yes,6,Bi-Weekly,3.23,Standard,Debit Card
174,29,Male,Montana,Yes,Sandals,Footwear,73.74,Summer,XL,Pink,No,No,9,Annually,4.22,Express,Credit Card
175,26,Female,Texas,No,T-shirt,Clothing,80.15,Winter,XL,Blue,Yes,No,4,Bi-Weekly,3.42,Express,PayPal
176,27,Male,Arizona,No,Dress,Clothing,70.6,Spring,XL,Pink,No,Yes,9,Monthly,3.57,Express,Venmo
177,65,Male,Texas,No,Jewelry,Accessories,58.14,Winter,L,Pink,Yes,No,6,Quarterly,4.31,Express,Credit Card
178,39,Male,Arizona,No,Sneakers,Footwear,79.02,Winter,M,Blue,No,No,6,Annually,4.55,Express,Credit Card
179,52,Male,New York,No,Hoodie,Outerwear,69.89,Spring,S,Yellow,No,Yes,3,Quarterly,4.04,Express,Cash
180,55,Male,Florida,Yes,Coat,Clothing,58.05,Summer,M,Black,No,No,6,Weekly,3.76,Express,Debit Card
181,70,Male,Ohio,Yes,Coat,Outerwear,29.11,Spring,S,Black,No,Yes,5,Weekly,3.07,Express,Cash
182,24,Female,Ohio,No,Sandals,Footwear,70.0,Winter,S,Yellow,Yes,No,9,Annually,4.72,Standard,Debit Card
183,32,Female,Ohio,No,Pants,Clothing,76.58,Winter,XL,White,No,No,9,Weekly,4.64,Standard,Debit Card
184,43,Female,Arizona,No,Sunglasses,Accessories,36.86,Fall,L,Black,No,No,4,Quarterly,3.28,Express,Credit Card
185,66,Male,Montana,No,Shoes,Footwear,28.18,Fall,M,Purple,No,Yes,7,Bi-Weekly,3.74,Express,Venmo
186,47,Male,Montana,No,T-shirt,Clothing,78.67,Spring,M,Yellow,Yes,No,7,Quarterly,3.73,Express,Cash
187,29,Male,Illinois,Yes,Jacket,Outerwear,100.09,Summer,XL,Blue,No,No,7,Weekly,3.07,Express,Venmo
188,25,Male,Montana,No,Coat,Outerwear,95.69,Spring,L,Red,No,No,4,Quarterly,3.65,Standard,Debit Card
189,45,Male,California,No,Boots,Footwear,34.59,Winter,L,Yellow,No,Yes,9,Monthly,4.05,Express,Venmo
190,44,Male,Texas,No,Jewelry,Accessories,110.0,Spring,M,Blue,Yes,No,5,Bi-Weekly,3.02,Express,Debit Card
191,37,Female,Washington,No,Jacket,Outerwear,82.12,Winter,L,Purple,No,No,5,Annually,3.61,Standard,Credit Card
192,62,Male,New York,No,Scarf,Accessories,93.27,Summer,L,Blue,Yes,No,7,Bi-Weekly,3.49,Express,Venmo
193,59,Male,Texas,No,Sneakers,Footwear,31.23,Summer,XL,Pink,No,No,9,Monthly,3.86,Express,Cash
194,57,Male,Florida,Yes,Belt,Accessories,77.59,Spring,S,Brown,Yes,No,7,Annually,4.12,Standard,Venmo
195,23,Male,Texas,Yes,Sandals,Footwear,37.86,Winter,XL,Yellow,No,No,3,Weekly,3.21,Express,Debit Card
196,54,Male,Illinois,No,Skirt,Clothing,50.31,Winter,XL,Yellow,No,No,10,Weekly,3.98,Express,Debit Card
197,51,Male,Georgia,No,Sneakers,Footwear,70.97,Winter,XL,Pink,Yes,No,8,Weekly,3.8,Express,Credit Card
198,58,Male,Illinois,No,Jewelry,Accessories,52.5,Fall,M,Brown,No,No,10,Bi-Weekly,3.56,Express,Venmo
199,23,Male,Montana,No,Sunglasses,Accessories,74.35,Summer,L,Red,No,No,6,Bi-Weekly,4.32,Standard,Cash
200,31,Male,Texas,No,Boots,Footwear,58.39,Spring,S,Gray,Yes,No,3,Monthly,3.98,Express,Venmo
201,52,Female,Florida,No,Coat,Outerwear,68.01,Summer,XL,Yellow,No,No,6,Monthly,3.6,Express,Cash
202,33,Male,Illinois,No,Sweater,Clothing,35.06,Spring,XL,Green,Yes,No,6,Bi-Weekly,3.53,Express,Cash
203,19,Female,Ohio,No,Sneakers,Footwear,62.89,Summer,L,Blue,No,No,9,Quarterly,3.73,Express,Debit Card
204,25,Female,New York,No,Jacket,Outerwear,33.03,Spring,S,White,No,No,8,Monthly,3.79,Express,Cash
205,42,Female,Washington,No,Shirt,Clothing,75.62,Fall,L,Yellow,Yes,No,10,Quarterly,4.81,Express,PayPal
206,47,Male,Georgia,No,Sunglasses,Accessories,41.5,Winter,M,Pink,No,Yes,4,Bi-Weekly,4.48,Express,Credit Card
207,27,Male,Montana,Yes,Jewelry,Accessories,30.71,Winter,L,Black,No,No,9,Bi-Weekly,4.47,Express,Venmo
208,49,Female,California,Yes,Dress,Clothing,59.1,Fall,S,Pink,No,No,10,Annually,4.8,Express,Cash
209,45,Female,Arizona,No,Scarf,Accessories,33.75,Spring,L,Red,Yes,Yes,5,Weekly,4.09,Standard,Cash
210,28,Male,California,No,Scarf,Accessories,73.24,Fall,M,White,No,No,4,Monthly,4.49,Express,Cash
211,44,Female,Illinois,No,Blouse,Clothing,55.9,Fall,S,Black,No,No,10,Monthly,3.44,Express,Venmo
212,55,Female,California,No,Hoodie,Outerwear,99.45,Summer,XL,Purple,Yes,No,10,Annually,3.37,Express,PayPal
213,20,Male,New York,No,Jewelry,Accessories,34.47,Winter,S,White,No,No,8,Quarterly,4.16,Express,PayPal
214,29,Male,Washington,No,Sweater,Clothing,110.0,Spring,S,Brown,Yes,No,5,Annually,4.37,Express,Debit Card
215,56,Male,Texas,No,Shirt,Clothing,72.36,Spring,M,Green,No,No,3,Monthly,3.61,Express,Credit Card
216,40,Male,Montana,No,Jewelry,Accessories,38.86,Spring,M,Green,No,No,10,Weekly,4.12,Express,Cash
217,31,Male,Washington,No,Sneakers,Footwear,81.98,Summer,L,Brown,Yes,No,4,Quarterly,4.67,Express,Cash
218,50,Female,Montana,Yes,Coat,Clothing,97.02,Summer,L,Yellow,No,Yes,3,Annually,3.94,Express,Venmo
219,56,Female,Texas,Yes,Jewelry,Accessories,39.25,Spring,L,Green,No,No,4,Monthly,3.77,Standard,Venmo
220,70,Female,Georgia,No,Pants,Clothing,72.31,Spring,S,Pink,No,Yes,10,Quarterly,3.93,Express,Credit Card
221,36,Male,Georgia,No,Pants,Clothing,51.3,Fall,XL,White,Yes,No,4,Quarterly,2.49,Standard,PayPal
222,66,Male,Washington,No,Boots,Footwear,83.6,Fall,L,Yellow,No,No,4,Quarterly,3.5,Express,PayPal
223,60,Male,California,No,Belt,Accessories,72.63,Fall,XL,Pink,No,No,8,Bi-Weekly,3.18,Express,Venmo
224,69,Female,Ohio,No,Dress,Clothing,81.08,Fall,XL,Yellow,No,No,5,Monthly,4.51,Express,Debit Card
225,70,Female,Illinois,No,Jacket,Outerwear,57.75,Winter,L,Pink,Yes,Yes,8,Quarterly,3.14,Express,Cash
226,43,Male,Montana,No,Jewelry,Accessories,82.72,Summer,S,Blue,No,No,4,Weekly,3.54,Express,PayPal
227,30,Male,Ohio,Yes,Skirt,Clothing,71.88,Winter,M,Green,No,Yes,6,Weekly,4.01,Express,Venmo
228,32,Male,Arizona,Yes,Hoodie,Outerwear,61.51,Winter,XL,Brown,No,No,6,Bi-Weekly,3.62,Express,Credit Card
229,55,Female,Texas,No,Dress,Clothing,74.74,Winter,S,Black,No,No,5,Annually,4.06,Express,Cash
230,65,Male,Ohio,No,Scarf,Accessories,64.39,Fall,M,Blue,No,No,5,Annually,3.99,Express,Credit Card
231,36,Male,Texas,No,Jewelry,Accessories,43.23,Fall,M,White,No,No,4,Monthly,4.52,Express,Venmo
232,66,Female,California,No,Coat,Outerwear,59.73,Summer,M,Gray,No,Yes,6,Annually,4.11,Standard,Cash
233,27,Male,Arizona,No,Sandals,Footwear,74.61,Summer,M,Black,No,Yes,5,Quarterly,4.05,Express,Credit Card
234,32,Male,California,No,T-shirt,Clothing,39.99,Summer,M,Red,Yes,No,10,Quarterly,5.0,Express,PayPal
235,43,Female,Ohio,No,Scarf,Accessories,78.23,Fall,L,Gray,Yes,No,3,Weekly,3.88,Express,PayPal
236,64,Female,Florida,No,Jewelry,Accessories,71.24,Spring,L,Black,No,No,9,Annually,3.83,Standard,Cash
237,61,Female,Florida,No,Sneakers,Footwear,46.03,Winter,L,Green,No,No,4,Quarterly,3.73,Express,Cash
238,46,Male,Florida,Yes,Dress,Clothing,51.97,Summer,XL,White,No,No,10,Bi-Weekly,3.46,Express,Cash
239,22,Male,Ohio,Yes,Dress,Clothing,36.29,Fall,L,Purple,No,Yes,4,Bi-Weekly,3.76,Express,Venmo
240,68,Male,Ohio,No,Shirt,Clothing,38.02,Spring,XL,Pink,No,Yes,10,Annually,4.04,Express,Credit Card
241,55,Male,Ohio,No,Sweater,Clothing,78.63,Fall,S,Gray,Yes,No,6,Annually,3.57,Express,Venmo
242,31,Male,Illinois,Yes,Shirt,Clothing,65.51,Winter,XL,Green,No,Yes,8,Annually,2.99,Express,Venmo
243,25,Female,Montana,No,Coat,Clothing,45.74,Spring,L,Green,Yes,No,3,Weekly,4.15,Express,Venmo
244,39,Male,Florida,No,Hoodie,Outerwear,86.59,Summer,XL,Black,No,Yes,7,Bi-Weekly,4.58,Standard,Cash
245,25,Male,Montana,No,Sunglasses,Accessories,65.44,Spring,XL,Brown,No,No,5,Weekly,3.66,Express,Venmo
246,63,Male,Florida,No,Sandals,Footwear,47.61,Winter,M,Green,Yes,Yes,4,Weekly,3.19,Express,Credit Card
247,61,Male,Montana,No,Sandals,Footwear,28.54,Spring,S,Gray,No,Yes,5,Weekly,3.6,Express,Debit Card
248,56,Male,New York,No,T-shirt,Clothing,44.98,Winter,M,Yellow,Yes,Yes,9,Monthly,4.13,Express,Credit Card
249,28,Male,Ohio,Yes,T-shirt,Clothing,34.94,Spring,M,Blue,Yes,No,3,Annually,3.25,Express,PayPal
250,60,Male,Florida,No,Blouse,Clothing,98.45,Summer,L,Purple,No,Yes,4,Monthly,3.51,Express,Debit Card
251,50,Female,Georgia,Yes,Dress,Clothing,50.23,Winter,XL,Gray,No,No,6,Bi-Weekly,3.17,Standard,Debit Card
252,36,Male,Texas,Yes,Coat,Outerwear,70.92,Spring,XL,Purple,No,No,10,Bi-Weekly,4.1,Express,PayPal
253,65,Male,Georgia,No,Coat,Clothing,49.55,Winter,M,Green,No,No,8,Annually,3.5,Express,Debit Card
254,63,Male,Ohio,No,Belt,Accessories,23.49,Summer,S,Blue,No,No,7,Monthly,4.44,Express,Debit Card
255,25,Male,Ohio,No,Blouse,Clothing,57.15,Fall,S,Yellow,Yes,Yes,5,Bi-Weekly,3.8,Express,PayPal
256,45,Female,Illinois,No,T-shirt,Clothing,65.46,Summer,S,Brown,No,No,6,Bi-Weekly,3.94,Standard,PayPal
257,39,Male,Illinois,No,Jewelry,Accessories,31.27,Fall,S,Yellow,No,No,7,Weekly,4.08,Express,Debit Card
258,34,Male,Arizona,No,Sunglasses,Accessories,62.26,Summer,S,Black,No,Yes,8,Quarterly,4.17,Standard,Debit Card
259,51,Male,California,No,Sandals,Footwear,15.0,Spring,S,Brown,No,Yes,9,Monthly,3.42,Express,PayPal
260,36,Male,Arizona,No,Sneakers,Footwear,67.79,Spring,L,White,Yes,No,6,Annually,3.83,Express,Venmo
261,21,Male,California,No,Belt,Accessories,50.83,Summer,XL,Gray,No,No,5,Annually,3.48,Express,PayPal
262,33,Male,Ohio,No,Coat,Outerwear,63.65,Fall,M,Brown,No,No,8,Bi-Weekly,4.57,Standard,PayPal
263,23,Male,Washington,No,Coat,Clothing,65.71,Winter,XL,Blue,No,No,4,Quarterly,2.94,Express,Credit Card
264,49,Male,Washington,Yes,Sandals,Footwear,86.53,Winter,XL,Brown,No,No,10,Monthly,3.51,Express,Debit Card
265,22,Male,Arizona,No,Coat,Clothing,15.0,Spring,M,Purple,Yes,No,6,Weekly,4.38,Standard,Cash
266,27,Female,Washington,No,Shirt,Clothing,69.42,Fall,L,Black,Yes,No,5,Monthly,3.57,Express,Credit Card
267,64,Female,California,Yes,Sneakers,Footwear,24.98,Fall,L,Gray,No,No,4,Quarterly,4.5,Express,Cash
268,34,Male,New York,Yes,Sandals,Footwear,57.39,Winter,M,Purple,No,No,6,Annually,3.3,Express,Cash
269,63,Male,Ohio,Yes,Coat,Clothing,46.58,Winter,S,Yellow,No,No,5,Bi-Weekly,3.43,Standard,PayPal
270,40,Male,Georgia,Yes,T-shirt,Clothing,33.72,Fall,M,Yellow,No,No,7,Quarterly,3.13,Express,PayPal
271,37,Male,California,Yes,Jewelry,Accessories,42.89,Spring,M,Brown,Yes,Yes,8,Monthly,3.79,Express,Venmo
272,70,Male,Montana,No,Coat,Clothing,28.9,Winter,M,Brown,No,No,5,Weekly,2.81,Standard,Venmo
273,64,Male,Arizona,No,Shoes,Footwear,72.87,Fall,M,Gray,Yes,No,6,Monthly,3.39,Express,Debit Card
274,19,Male,Washington,No,Coat,Outerwear,39.47,Winter,S,Gray,No,Yes,10,Annually,3.58,Express,Venmo
275,67,Male,California,No,Sweater,Clothing,42.66,Spring,XL,Purple,Yes,Yes,5,Bi-Weekly,4.37,Express,PayPal
276,53,Female,New York,No,Sneakers,Footwear,79.75,Spring,L,Gray,No,No,8,Annually,3.12,Express,Debit Card
277,23,Female,Florida,No,Coat,Outerwear,64.18,Winter,S,Red,No,No,7,Annually,2.82,Express,Cash
278,57,Female,Montana,No,Jacket,Outerwear,48.31,Summer,S,Brown,Yes,No,8,Weekly,3.71,Express,PayPal
279,44,Male,Montana,Yes,Pants,Clothing,77.23,Fall,S,Blue,Yes,Yes,9,Annually,4.11,Express,Cash
280,23,Female,Georgia,No,Jacket,Outerwear,90.77,Spring,XL,Brown,Yes,No,3,Monthly,3.21,Express,Debit Card
281,63,Male,California,No,Scarf,Accessories,54.38,Summer,XL,Blue,No,No,3,Annually,2.75,Express,PayPal
282,26,Male,Georgia,No,Sweater,Clothing,61.96,Winter,L,Green,No,Yes,6,Quarterly,3.66,Express,Debit Card
283,40,Male,Ohio,No,Sunglasses,Accessories,42.53,Fall,L,Brown,Yes,No,7,Monthly,3.79,Express,Debit Card
284,23,Female,Arizona,No,Dress,Clothing,77.88,Winter,M,Gray,Yes,No,6,Quarterly,2.98,Standard,Debit Card
285,60,Female,Georgia,No,Boots,Footwear,94.15,Summer,S,Red,No,No,7,Weekly,3.86,Express,Debit Card
286,58,Female,Washington,No,Skirt,Clothing,63.96,Spring,L,Black,No,Yes,7,Quarterly,3.26,Express,PayPal
287,63,Male,Illinois,No,Coat,Clothing,23.72,Summer,XL,Brown,No,No,3,Weekly,3.07,Express,Credit Card
288,24,Male,Florida,No,Jewelry,Accessories,42.83,Fall,M,Purple,Yes,Yes,7,Bi-Weekly,3.5,Express,Cash
289,36,Male,Georgia,No,Scarf,Accessories,99.38,Winter,S,Blue,Yes,No,4,Quarterly,3.92,Express,Debit Card
290,21,Female,Florida,No,Blouse,Clothing,80.16,Spring,L,Brown,No,No,8,Bi-Weekly,3.42,Express,Venmo
291,25,Female,Georgia,No,Sweater,Clothing,15.0,Summer,S,Yellow,No,No,8,Annually,3.26,Standard,Venmo
292,70,Male,Texas,Yes,Skirt,Clothing,34.31,Summer,XL,Yellow,Yes,No,4,Monthly,4.51,Standard,Cash
293,21,Female,Illinois,No,Shoes,Footwear,64.65,Fall,S,Green,No,No,4,Quarterly,4.44,Express,Cash
294,62,Male,Washington,No,Blouse,Clothing,69.58,Summer,L,Brown,No,Yes,10,Monthly,4.03,Express,Venmo
295,29,Male,Ohio,Yes,Skirt,Clothing,15.0,Fall,XL,Blue,Yes,Yes,8,Annually,4.78,Express,Credit Card
296,70,Male,Montana,No,Pants,Clothing,63.11,Winter,M,Gray,No,Yes,9,Quarterly,3.08,Express,PayPal
297,31,Male,California,No,Scarf,Accessories,65.98,Fall,S,Blue,No,No,6,Weekly,3.82,Express,PayPal
298,63,Male,New York,Yes,Sweater,Clothing,70.18,Summer,M,White,No,No,4,Bi-Weekly,3.78,Express,PayPal
299,64,Female,Arizona,No,Sunglasses,Accessories,69.65,Fall,L,Brown,No,Yes,9,Monthly,3.58,Express,PayPal
300,50,Male,Washington,No,T-shirt,Clothing,66.39,Fall,L,Gray,No,No,6,Quarterly,3.89,Express,PayPal
301,62,Male,Ohio,No,Boots,Footwear,86.96,Spring,L,White,No,Yes,10,Weekly,3.17,Standard,Cash
302,41,Female,Florida,No,Shirt,Clothing,58.62,Fall,S,Green,No,No,9,Bi-Weekly,3.67,Express,Venmo
303,37,Male,Georgia,No,Coat,Clothing,95.79,Spring,M,Pink,Yes,Yes,8,Monthly,3.01,Express,Cash
304,50,Male,Texas,No,Belt,Accessories,76.65,Winter,S,Black,No,No,5,Weekly,4.81,Express,Venmo
305,42,Male,California,Yes,Sneakers,Footwear,62.49,Winter,L,White,No,No,8,Annually,4.16,Express,Credit Card
306,48,Male,Florida,No,Belt,Accessories,29.82,Fall,L,Red,No,No,4,Weekly,3.8,Express,Credit Card
307,69,Female,Florida,No,Belt,Accessories,80.89,Summer,S,Pink,No,Yes,9,Weekly,4.03,Standard,Cash
308,59,Male,Arizona,Yes,Jewelry,Accessories,100.6,Fall,M,Yellow,No,Yes,6,Annually,3.75,Express,Debit Card
309,48,Male,California,No,Sneakers,Footwear,57.69,Summer,L,Purple,No,No,9,Monthly,3.96,Express,PayPal
310,39,Female,Arizona,No,Sneakers,Footwear,42.93,Fall,S,Brown,No,Yes,6,Monthly,3.43,Express,Cash
311,64,Male,Ohio,No,Boots,Footwear,52.41,Summer,XL,Pink,No,Yes,10,Annually,5.0,Express,Credit Card
312,43,Male,Texas,No,Sneakers,Footwear,51.75,Spring,M,Gray,Yes,No,5,Monthly,3.66,Express,Cash
313,18,Male,Texas,Yes,Sandals,Footwear,64.21,Winter,L,Black,No,No,9,Quarterly,3.42,Standard,Cash
314,50,Male,Texas,No,Sandals,Footwear,61.42,Winter,XL,Blue,No,Yes,9,Quarterly,4.65,Express,Venmo
315,34,Male,California,Yes,Hoodie,Outerwear,65.88,Summer,L,White,No,No,10,Monthly,3.24,Express,Venmo
316,57,Male,California,No,Dress,Clothing,63.38,Spring,L,Pink,Yes,No,10,Bi-Weekly,2.91,Standard,Credit Card
317,37,Female,Washington,No,Pants,Clothing,47.16,Fall,S,Purple,Yes,No,7,Bi-Weekly,4.04,Express,Credit Card
318,22,Male,New York,No,Jacket,Outerwear,50.44,Summer,S,Red,No,No,10,Bi-Weekly,3.67,Standard,Cash
319,24,Male,California,Yes,Sunglasses,Accessories,39.7,Fall,XL,Black,No,Yes,9,Quarterly,3.66,Express,Debit Card
320,41,Male,New York,No,Sunglasses,Accessories,84.66,Spring,M,Black,No,No,3,Monthly,3.53,Standard,Debit Card
321,24,Female,Florida,No,T-shirt,Clothing,64.57,Spring,S,Purple,No,Yes,4,Quarterly,2.94,Express,Cash
322,41,Male,Illinois,No,Scarf,Accessories,61.91,Fall,XL,Blue,No,No,8,Monthly,3.19,Express,Venmo
323,51,Female,Illinois,No,Shoes,Footwear,84.97,Spring,L,Gray,Yes,No,9,Monthly,3.26,Express,Debit Card
324,18,Female,New York,No,Jacket,Outerwear,43.51,Winter,L,Yellow,Yes,No,7,Weekly,3.79,Express,Cash
325,40,Female,Florida,No,Belt,Accessories,61.34,Winter,L,Blue,No,Yes,6,Weekly,4.99,Express,Credit Card
326,64,Male,Ohio,No,Skirt,Clothing,55.19,Spring,L,Purple,No,No,4,Monthly,3.38,Express,Venmo
327,50,Male,Texas,No,Shirt,Clothing,50.96,Fall,S,White,No,No,9,Monthly,4.92,Express,Debit Card
328,18,Male,Washington,No,Jacket,Outerwear,70.39,Winter,S,Black,No,No,8,Bi-Weekly,3.86,Express,PayPal
329,49,Male,California,No,Blouse,Clothing,49.85,Fall,XL,White,No,No,8,Quarterly,4.02,Standard,Debit Card
330,42,Male,Arizona,Yes,Shirt,Clothing,47.52,Spring,S,Gray,No,Yes,10,Weekly,3.06,Standard,Credit Card
331,70,Male,California,No,Blouse,Clothing,92.58,Winter,M,Black,Yes,Yes,10,Annually,4.06,Express,Credit Card
332,46,Male,New York,No,Blouse,Clothing,78.6,Summer,XL,Purple,No,No,6,Quarterly,3.87,Express,Venmo
333,59,Male,Texas,No,Jewelry,Accessories,47.55,Fall,M,Blue,No,No,3,Quarterly,2.88,Express,Venmo
334,66,Male,Ohio,No,Sandals,Footwear,56.43,Winter,XL,Brown,No,No,4,Bi-Weekly,3.44,Express,Credit Card
335,37,Male,Washington,No,Sandals,Footwear,57.85,Spring,M,Gray,No,No,5,Annually,4.02,Standard,PayPal
336,26,Male,California,Yes,Sunglasses,Accessories,38.22,Fall,M,Blue,No,No,9,Quarterly,2.96,Express,Cash
337,63,Male,Texas,Yes,Pants,Clothing,79.76,Winter,XL,Blue,No,No,7,Monthly,3.48,Standard,Cash
338,20,Male,Illinois,Yes,Sneakers,Footwear,65.89,Spring,XL,Green,No,No,7,Bi-Weekly,4.67,Express,Cash
339,31,Male,Texas,No,Coat,Clothing,85.89,Fall,S,Brown,No,Yes,6,Bi-Weekly,3.82,Express,Credit Card
340,36,Male,Texas,No,Jacket,Outerwear,69.72,Spring,L,Pink,No,No,6,Quarterly,4.47,Express,Debit Card
341,25,Female,California,No,Boots,Footwear,62.43,Spring,XL,White,Yes,No,7,Weekly,2.54,Express,Venmo
342,27,Female,Arizona,No,Sweater,Clothing,60.19,Winter,XL,Green,No,No,8,Weekly,3.61,Express,PayPal
343,29,Female,Washington,No,Scarf,Accessories,60.05,Fall,L,White,No,No,4,Annually,3.05,Express,Credit Card
344,64,Male,Illinois,No,Shoes,Footwear,58.38,Summer,XL,Gray,Yes,No,7,Bi-Weekly,3.47,Express,Credit Card
345,43,Male,Texas,No,Coat,Outerwear,91.57,Summer,L,Purple,No,No,3,Weekly,4.15,Standard,Debit Card
346,35,Male,Texas,No,Scarf,Accessories,78.14,Fall,M,Purple,No,No,10,Quarterly,4.85,Express,Venmo
347,54,Male,Georgia,No,Coat,Outerwear,51.31,Spring,S,Green,Yes,No,4,Weekly,4.22,Standard,Debit Card
348,24,Male,New York,No,Boots,Footwear,35.82,Winter,L,Purple,No,No,6,Annually,4.28,Express,Venmo
349,57,Female,Arizona,No,Coat,Clothing,56.86,Spring,M,Pink,Yes,No,9,Weekly,3.95,Standard,PayPal
350,45,Female,Florida,No,Sweater,Clothing,37.63,Fall,XL,Pink,No,No,5,Bi-Weekly,4.46,Standard,Venmo
351,68,Male,California,No,Skirt,Clothing,56.95,Fall,S,Green,Yes,No,6,Weekly,3.56,Express,Credit Card
352,58,Female,Florida,No,Pants,Clothing,43.45,Summer,S,Brown,No,Yes,7,Monthly,3.25,Standard,Cash
353,56,Male,Georgia,No,Skirt,Clothing,81.69,Fall,M,Black,No,No,3,Monthly,3.45,Express,Credit Card
354,64,Male,Florida,No,Boots,Footwear,73.47,Spring,M,White,No,No,9,Weekly,3.71,Standard,Venmo
355,61,Male,New York,No,Coat,Clothing,64.06,Spring,M,Green,No,No,4,Bi-Weekly,4.38,Standard,PayPal
356,36,Male,California,No,Sweater,Clothing,47.65,Fall,M,Purple,No,Yes,6,Bi-Weekly,3.51,Express,Cash
357,38,Male,New York,Yes,Hoodie,Outerwear,40.16,Spring,S,Purple,Yes,No,3,Annually,4.24,Express,Cash
358,67,Male,Montana,No,Scarf,Accessories,67.52,Winter,M,Yellow,No,No,7,Monthly,3.88,Express,PayPal
359,42,Male,Texas,No,Skirt,Clothing,64.47,Spring,S,Blue,No,No,7,Monthly,3.2,Express,Venmo
360,37,Female,Ohio,No,Coat,Clothing,54.47,Spring,S,Black,No,Yes,6,Bi-Weekly,3.48,Express,Debit Card
361,34,Female,New York,No,Jacket,Outerwear,98.17,Spring,M,Brown,No,No,9,Annually,3.92,Standard,Credit Card
362,26,Male,Texas,No,Jacket,Outerwear,53.39,Spring,M,Gray,No,Yes,5,Weekly,3.45,Express,PayPal
363,41,Male,Florida,Yes,Scarf,Accessories,88.44,Spring,S,Black,Yes,Yes,7,Quarterly,3.78,Express,Cash
364,56,Female,California,No,Sneakers,Footwear,53.42,Summer,XL,Yellow,No,No,7,Weekly,2.96,Standard,Cash
365,31,Male,Illinois,Yes,Jacket,Outerwear,21.85,Winter,XL,Yellow,Yes,No,8,Weekly,3.45,Express,Credit Card
366,22,Male,Washington,No,Sunglasses,Accessories,90.05,Fall,M,Pink,No,No,4,Bi-Weekly,3.79,Standard,Venmo
367,51,Male,Washington,Yes,Shoes,Footwear,29.92,Spring,XL,Black,No,No,9,Quarterly,3.65,Standard,Credit Card
368,22,Male,Florida,No,T-shirt,Clothing,47.89,Fall,L,Red,Yes,Yes,3,Monthly,3.13,Express,PayPal
369,21,Male,California,Yes,Pants,Clothing,48.46,Winter,M,Red,Yes,No,8,Monthly,3.42,Express,Cash
370,41,Male,Washington,Yes,Boots,Footwear,62.82,Winter,M,Blue,No,No,6,Monthly,3.29,Express,Venmo
371,69,Male,Florida,No,Shirt,Clothing,20.28,Summer,XL,Pink,No,No,5,Annually,3.71,Express,Venmo
372,23,Male,Montana,No,Skirt,Clothing,64.71,Spring,S,Red,No,No,4,Annually,4.15,Standard,Venmo
373,48,Female,Montana,Yes,Hoodie,Outerwear,67.67,Summer,L,White,No,No,9,Weekly,3.36,Express,Venmo
374,56,Male,Washington,Yes,Pants,Clothing,46.26,Summer,L,Green,Yes,No,6,Quarterly,3.85,Express,Debit Card
375,26,Female,Texas,No,T-shirt,Clothing,31.66,Spring,XL,Black,No,Yes,8,Weekly,4.36,Express,Debit Card
376,64,Male,Ohio,No,Belt,Accessories,42.01,Fall,M,Red,Yes,No,5,Bi-Weekly,3.92,Standard,Venmo
377,26,Male,Florida,No,Pants,Clothing,75.13,Spring,L,Yellow,No,No,4,Annually,3.72,Express,Venmo
378,55,Male,Montana,Yes,Shoes,Footwear,56.27,Fall,XL,Gray,No,No,6,Bi-Weekly,3.52,Express,Debit Card
379,55,Male,Illinois,Yes,Belt,Accessories,52.79,Fall,M,Green,No,Yes,3,Bi-Weekly,4.0,Express,Debit Card
380,26,Male,Florida,Yes,Dress,Clothing,69.21,Spring,M,Brown,No,No,8,Quarterly,4.5,Standard,Venmo
381,44,Female,New York,No,Blouse,Clothing,83.37,Summer,XL,Pink,Yes,Yes,7,Weekly,4.67,Express,Cash
382,59,Female,Washington,No,Coat,Outerwear,96.94,Summer,XL,Yellow,No,No,3,Quarterly,4.37,Express,Credit Card
383,69,Female,Arizona,Yes,Pants,Clothing,72.22,Winter,S,Purple,No,Yes,8,Bi-Weekly,3.43,Express,PayPal
384,33,Male,California,No,Scarf,Accessories,68.64,Fall,M,Blue,No,No,3,Annually,3.61,Express,Debit Card
385,59,Male,Montana,No,Jacket,Outerwear,56.43,Spring,XL,White,No,Yes,9,Quarterly,4.38,Express,Venmo
386,18,Male,Texas,No,Jacket,Outerwear,76.29,Winter,L,Yellow,No,No,10,Annually,2.83,Standard,PayPal
387,70,Male,Florida,No,Scarf,Accessories,53.19,Fall,L,Brown,Yes,Yes,4,Weekly,3.3,Express,Cash
388,66,Female,Texas,Yes,Shoes,Footwear,81.41,Summer,L,Blue,No,Yes,4,Monthly,4.35,Express,Debit Card
389,46,Female,Washington,No,Sweater,Clothing,23.18,Fall,S,Green,No,No,8,Weekly,3.45,Express,Debit Card
390,46,Female,Florida,No,Blouse,Clothing,40.42,Spring,S,Brown,Yes,No,4,Monthly,4.19,Express,Debit Card
391,59,Female,Illinois,Yes,Jewelry,Accessories,75.44,Fall,M,Black,No,No,4,Quarterly,3.46,Express,Venmo
392,62,Male,Texas,Yes,Belt,Accessories,49.47,Spring,M,Pink,No,No,4,Quarterly,3.33,Express,Venmo
393,40,Female,California,No,Hoodie,Outerwear,63.79,Spring,M,Purple,No,No,4,Monthly,3.26,Express,Debit Card
394,23,Male,Washington,No,Coat,Clothing,78.89,Winter,S,Red,No,No,9,Bi-Weekly,3.93,Standard,PayPal
395,61,Female,Arizona,No,Sunglasses,Accessories,44.93,Fall,S,Blue,No,No,7,Annually,3.42,Express,Cash
396,49,Male,Ohio,No,Scarf,Accessories,82.52,Spring,L,Green,No,Yes,5,Bi-Weekly,2.33,Standard,Venmo
397,22,Male,Ohio,Yes,Pants,Clothing,89.71,Summer,M,Green,No,No,4,Weekly,4.06,Express,Credit Card
398,66,Male,Montana,No,Sunglasses,Accessories,91.21,Spring,M,Yellow,No,No,8,Bi-Weekly,4.09,Express,Cash
399,40,Male,Georgia,Yes,T-shirt,Clothing,33.2,Summer,S,White,No,No,9,Monthly,3.66,Standard,Cash
400,66,Female,Texas,Yes,Boots,Footwear,24.18,Summer,XL,Green,No,Yes,5,Annually,3.43,Express,Venmo
401,62,Female,Washington,Yes,Pants,Clothing,63.19,Fall,XL,Yellow,Yes,Yes,10,Weekly,3.0,Standard,Debit Card
402,68,Male,Georgia,Yes,Scarf,Accessories,53.72,Spring,L,Yellow,No,No,10,Annually,3.89,Express,Venmo
403,23,Male,Texas,No,Sneakers,Footwear,83.8,Winter,M,Gray,No,No,10,Annually,4.3,Express,Cash
404,66,Male,Ohio,Yes,Belt,Accessories,64.19,Winter,S,Blue,Yes,No,10,Bi-Weekly,3.73,Standard,Venmo
405,55,Male,Georgia,Yes,Hoodie,Outerwear,66.37,Spring,S,Blue,No,Yes,4,Weekly,3.51,Standard,Cash
406,51,Female,New York,No,Pants,Clothing,74.97,Spring,XL,Gray,No,Yes,9,Bi-Weekly,3.44,Express,Debit Card
407,62,Male,Arizona,No,Pants,Clothing,57.05,Winter,M,White,No,Yes,9,Annually,3.79,Standard,Credit Card
408,66,Male,Texas,Yes,Shoes,Footwear,48.66,Summer,S,Brown,No,No,9,Weekly,3.7,Express,Credit Card
409,34,Female,Arizona,No,T-shirt,Clothing,109.2,Fall,M,Black,No,No,8,Weekly,4.18,Express,Credit Card
410,52,Female,Arizona,No,Coat,Outerwear,110.0,Fall,XL,Purple,Yes,No,7,Weekly,4.37,Standard,Cash
411,29,Male,Georgia,No,Dress,Clothing,35.65,Fall,XL,Pink,Yes,No,3,Annually,4.35,Standard,PayPal
412,18,Male,Georgia,Yes,Sandals,Footwear,62.76,Summer,L,Purple,No,Yes,8,Annually,4.14,Standard,Credit Card
413,65,Male,Florida,No,Sweater,Clothing,91.07,Summer,S,Purple,No,No,7,Quarterly,4.03,Express,Cash
414,52,Male,Ohio,Yes,Scarf,Accessories,61.84,Fall,L,Green,Yes,No,9,Monthly,3.8,Standard,Debit Card
415,21,Female,Arizona,No,Sweater,Clothing,18.51,Spring,M,Brown,Yes,Yes,4,Bi-Weekly,4.93,Express,Cash
416,29,Male,Georgia,No,Scarf,Accessories,60.45,Fall,L,Blue,No,No,7,Quarterly,4.64,Express,Debit Card
417,21,Male,New York,Yes,Sandals,Footwear,31.36,Spring,XL,Blue,No,No,8,Bi-Weekly,3.63,Express,Cash
418,19,Male,Montana,Yes,Jacket,Outerwear,32.8,Summer,L,Gray,Yes,Yes,9,Annually,3.97,Standard,Debit Card
419,28,Male,Florida,No,Hoodie,Outerwear,60.67,Winter,L,White,No,No,8,Bi-Weekly,4.24,Express,Venmo
420,53,Male,Washington,Yes,T-shirt,Clothing,50.96,Summer,L,Gray,Yes,No,3,Quarterly,3.94,Standard,Venmo
421,59,Female,Texas,No,Scarf,Accessories,86.24,Fall,M,Purple,No,No,6,Monthly,2.82,Express,Venmo
422,59,Male,Washington,Yes,Sunglasses,Accessories,15.0,Summer,XL,Pink,No,Yes,4,Monthly,3.75,Standard,PayPal
423,45,Male,Illinois,Yes,Coat,Clothing,50.4,Spring,M,White,Yes,No,5,Monthly,4.02,Express,Venmo
424,26,Female,Arizona,Yes,Coat,Outerwear,84.31,Winter,S,Yellow,Yes,No,4,Monthly,3.66,Express,Credit Card
425,57,Male,Arizona,No,Sandals,Footwear,69.19,Summer,L,Green,No,No,3,Monthly,3.72,Express,Debit Card
426,65,Male,Illinois,No,T-shirt,Clothing,90.17,Winter,XL,White,No,No,9,Weekly,3.71,Express,PayPal
427,26,Male,New York,Yes,Sandals,Footwear,65.06,Winter,L,Pink,No,Yes,6,Bi-Weekly,3.08,Express,Credit Card
428,27,Male,Ohio,Yes,Sweater,Clothing,73.83,Spring,XL,Yellow,No,No,3,Monthly,5.0,Express,Cash
429,33,Male,Ohio,No,Boots,Footwear,93.25,Winter,L,Brown,No,No,8,Bi-Weekly,3.38,Express,Credit Card
430,53,Male,California,No,Jacket,Outerwear,61.44,Fall,L,Gray,No,No,10,Quarterly,4.2,Express,Cash
431,38,Female,Ohio,No,Coat,Clothing,80.46,Fall,M,Brown,No,No,9,Weekly,4.43,Express,Credit Card
432,29,Male,Washington,No,Shoes,Footwear,18.11,Winter,L,White,No,Yes,8,Monthly,3.74,Express,Venmo
433,43,Male,Ohio,No,Sweater,Clothing,48.17,Winter,XL,Pink,No,No,6,Bi-Weekly,3.48,Express,PayPal
434,22,Male,Illinois,No,Sunglasses,Accessories,44.15,Summer,XL,Pink,No,No,10,Monthly,4.19,Express,Credit Card
435,33,Male,Ohio,Yes,Jacket,Outerwear,39.87,Summer,L,Yellow,No,Yes,8,Quarterly,4.18,Express,Debit Card
436,40,Male,Illinois,No,Skirt,Clothing,68.64,Spring,XL,Black,No,No,10,Bi-Weekly,3.15,Express,Cash
437,66,Male,Georgia,No,Belt,Accessories,80.18,Summer,XL,Green,No,No,9,Quarterly,4.0,Standard,Cash
438,68,Female,Ohio,Yes,Pants,Clothing,58.8,Spring,XL,Purple,No,Yes,9,Weekly,3.05,Express,Venmo
439,42,Male,Ohio,No,Hoodie,Outerwear,70.58,Fall,S,Blue,No,No,9,Weekly,3.76,Express,Cash
440,41,Male,California,Yes,Sneakers,Footwear,67.45,Spring,L,White,Yes,Yes,3,Bi-Weekly,3.98,Express,Venmo
441,61,Female,Georgia,No,Jacket,Outerwear,55.18,Winter,M,Purple,Yes,No,5,Monthly,3.42,Express,Debit Card
442,23,Male,Texas,Yes,Shirt,Clothing,42.21,Summer,XL,Black,No,No,3,Weekly,3.74,Standard,Debit Card
443,44,Male,California,No,Belt,Accessories,64.29,Spring,XL,Red,No,Yes,9,Annually,4.23,Express,Debit Card
444,50,Male,Arizona,No,Sweater,Clothing,68.8,Spring,L,Black,No,No,10,Bi-Weekly,3.86,Express,Credit Card
445,22,Male,Texas,No,Blouse,Clothing,55.04,Summer,L,Black,No,No,7,Quarterly,4.47,Standard,Credit Card
446,27,Male,Ohio,Yes,Shirt,Clothing,74.09,Spring,S,Green,Yes,Yes,6,Weekly,3.78,Standard,Venmo
447,68,Female,Montana,No,Dress,Clothing,102.47,Winter,M,Yellow,No,No,10,Monthly,3.92,Express,Credit Card
448,41,Male,California,No,Jacket,Outerwear,30.76,Fall,L,Yellow,No,No,10,Annually,4.07,Express,Debit Card
449,67,Male,California,Yes,Jewelry,Accessories,54.01,Summer,L,Purple,Yes,Yes,9,Annually,3.07,Express,Debit Card
450,19,Male,Illinois,No,T-shirt,Clothing,46.7,Spring,M,Black,No,No,6,Monthly,4.24,Standard,Venmo
451,41,Male,New York,No,Pants,Clothing,66.64,Summer,L,Purple,No,No,4,Quarterly,4.01,Express,Debit Card
452,59,Male,Arizona,No,Belt,Accessories,91.98,Summer,M,Black,No,No,10,Quarterly,3.96,Standard,Debit Card
453,26,Male,Georgia,Yes,Jacket,Outerwear,43.85,Summer,M,Purple,No,No,7,Monthly,3.38,Express,Venmo
454,54,Male,Montana,No,T-shirt,Clothing,87.59,Fall,XL,White,Yes,No,5,Quarterly,3.93,Express,Venmo
455,41,Male,Montana,No,Coat,Outerwear,81.28,Spring,XL,Blue,No,No,10,Weekly,3.86,Express,PayPal
456,23,Male,California,No,Blouse,Clothing,44.17,Spring,M,Red,Yes,No,4,Bi-Weekly,3.5,Express,Venmo
457,33,Female,California,No,Coat,Outerwear,25.56,Fall,M,Black,No,No,6,Quarterly,3.47,Express,PayPal
458,51,Female,Illinois,Yes,Jacket,Outerwear,62.95,Spring,S,Green,No,No,8,Annually,4.33,Standard,Credit Card
459,28,Female,Montana,No,Sunglasses,Accessories,71.09,Summer,XL,Green,No,Yes,4,Weekly,2.66,Express,Credit Card
460,21,Female,Washington,No,Blouse,Clothing,62.54,Summer,M,Yellow,Yes,No,8,Bi-Weekly,4.08,Express,PayPal
461,30,Male,Texas,No,Coat,Outerwear,68.86,Fall,L,Green,No,No,7,Bi-Weekly,3.66,Standard,Debit Card
462,26,Male,Illinois,Yes,Shoes,Footwear,49.68,Summer,L,Brown,No,No,5,Weekly,4.19,Standard,Venmo
463,42,Female,Texas,No,Skirt,Clothing,47.02,Summer,S,Red,No,No,5,Bi-Weekly,3.85,Express,Credit Card
464,58,Female,Georgia,No,Hoodie,Outerwear,28.97,Summer,XL,Yellow,No,No,9,Weekly,4.33,Standard,Debit Card
465,27,Male,Georgia,No,T-shirt,Clothing,58.37,Summer,XL,White,No,Yes,5,Bi-Weekly,4.36,Express,Debit Card
466,36,Female,Illinois,Yes,Coat,Clothing,85.88,Spring,M,Blue,No,No,6,Quarterly,4.07,Express,Cash
467,64,Male,Illinois,No,Jacket,Outerwear,75.2,Winter,XL,Green,No,No,5,Monthly,4.33,Standard,Credit Card
468,30,Male,Washington,Yes,Blouse,Clothing,67.28,Fall,S,Purple,No,No,10,Annually,4.2,Express,Credit Card
469,37,Male,California,Yes,Dress,Clothing,72.59,Fall,XL,Red,Yes,No,10,Monthly,3.57,Express,Cash
470,50,Female,Ohio,Yes,Skirt,Clothing,94.41,Summer,M,Yellow,No,No,5,Quarterly,3.39,Express,Credit Card
471,36,Female,California,No,Dress,Clothing,74.31,Spring,L,Pink,No,No,8,Annually,3.78,Express,Credit Card
472,31,Female,Ohio,No,Sunglasses,Accessories,38.56,Fall,S,Black,No,No,4,Annually,2.62,Express,Venmo
473,37,Male,Georgia,No,Sunglasses,Accessories,90.58,Fall,L,Red,Yes,No,5,Bi-Weekly,4.15,Express,Credit Card
474,62,Male,Texas,No,Sneakers,Footwear,74.1,Summer,XL,Red,No,No,5,Monthly,4.47,Express,Debit Card
475,37,Male,California,No,Jacket,Outerwear,62.91,Spring,L,Red,No,No,6,Weekly,5.0,Express,Venmo
476,36,Female,Montana,No,T-shirt,Clothing,38.69,Spring,XL,Purple,No,No,3,Annually,3.74,Standard,Cash
477,44,Male,New York,No,Shirt,Clothing,53.13,Spring,XL,Black,No,No,5,Quarterly,3.76,Express,PayPal
478,41,Male,Georgia,No,T-shirt,Clothing,23.41,Winter,S,Black,Yes,No,10,Annually,3.85,Express,Debit Card
479,66,Male,Washington,No,Sneakers,Footwear,56.66,Fall,XL,Green,No,No,10,Annually,2.76,Express,PayPal
480,56,Male,Illinois,No,Sandals,Footwear,76.74,Summer,M,Black,Yes,No,7,Bi-Weekly,3.83,Express,Debit Card
481,47,Female,Georgia,No,Skirt,Clothing,93.92,Spring,S,Purple,No,Yes,9,Quarterly,3.7,Standard,Credit Card
482,49,Female,Montana,Yes,Boots,Footwear,101.29,Spring,M,White,No,No,8,Monthly,3.25,Express,PayPal
483,51,Male,New York,No,Sweater,Clothing,59.57,Summer,M,Purple,Yes,No,4,Quarterly,4.31,Express,Venmo
484,41,Male,Florida,Yes,Sneakers,Footwear,59.75,Fall,L,White,No,No,7,Bi-Weekly,3.01,Express,Cash
485,18,Male,Texas,No,Skirt,Clothing,63.19,Summer,M,Blue,No,Yes,10,Bi-Weekly,4.42,Standard,Credit Card
486,22,Female,Arizona,No,Coat,Outerwear,25.27,Fall,XL,Gray,No,No,9,Monthly,3.06,Express,Credit Card
487,44,Male,Washington,No,Belt,Accessories,58.49,Winter,S,Pink,No,No,3,Bi-Weekly,3.96,Express,Credit Card
488,27,Male,Ohio,Yes,Sweater,Clothing,52.74,Spring,L,White,No,No,5,Quarterly,2.71,Express,Cash
489,44,Male,Georgia,No,Shoes,Footwear,34.22,Summer,M,Yellow,No,No,9,Weekly,3.82,Standard,Debit Card
490,26,Male,Arizona,No,Sandals,Footwear,70.95,Spring,L,White,No,No,5,Bi-Weekly,3.23,Express,PayPal
491,24,Male,Montana,No,Scarf,Accessories,63.79,Spring,M,Pink,Yes,Yes,10,Weekly,3.47,Express,Credit Card
492,65,Male,Georgia,No,Blouse,Clothing,51.92,Summer,M,Blue,Yes,No,3,Annually,3.85,Express,Credit Card
493,63,Male,Washington,No,Scarf,Accessories,78.93,Winter,L,Brown,Yes,No,7,Bi-Weekly,3.41,Express,Credit Card
494,42,Female,Washington,Yes,Jewelry,Accessories,71.1,Winter,M,Pink,Yes,Yes,7,Annually,3.48,Express,Debit Card
495,44,Male,Montana,No,Boots,Footwear,85.39,Summer,L,Pink,No,No,9,Monthly,3.77,Express,Credit Card
496,33,Male,Washington,Yes,Scarf,Accessories,64.08,Summer,L,Gray,No,No,4,Monthly,3.48,Express,Credit Card
497,26,Male,Washington,No,Sandals,Footwear,81.66,Spring,L,Gray,No,No,5,Monthly,4.47,Express,Cash
498,39,Male,Montana,No,Dress,Clothing,96.28,Fall,S,Brown,No,Yes,7,Quarterly,4.05,Express,Cash
499,23,Male,Illinois,No,Sunglasses,Accessories,78.21,Spring,L,Red,No,No,3,Weekly,3.02,Express,Debit Card
500,29,Female,Texas,Yes,Pants,Clothing,81.32,Winter,XL,Purple,No,No,7,Quarterly,3.19,Express,Venmo
501,21,Male,New York,No,Jewelry,Accessories,66.36,Fall,XL,Black,No,Yes,3,Annually,4.07,Standard,PayPal
502,43,Male,Texas,No,Sunglasses,Accessories,66.81,Spring,L,Red,No,Yes,3,Annually,3.29,Express,Debit Card
503,28,Male,Montana,No,Dress,Clothing,31.78,Spring,S,Black,No,No,7,Monthly,3.51,Express,Credit Card
504,23,Female,Florida,No,Pants,Clothing,60.7,Summer,S,Blue,Yes,Yes,10,Weekly,3.59,Express,Venmo
505,51,Female,Arizona,No,Blouse,Clothing,61.62,Spring,S,Brown,No,No,10,Annually,3.98,Standard,Venmo
506,25,Male,Illinois,No,Jacket,Outerwear,69.28,Summer,S,Red,No,No,6,Weekly,3.75,Express,PayPal
507,43,Male,Washington,No,Jewelry,Accessories,48.27,Winter,L,Purple,No,No,4,Bi-Weekly,4.17,Express,Cash
508,41,Male,Georgia,Yes,Shoes,Footwear,26.85,Fall,S,Green,No,No,7,Bi-Weekly,3.49,Express,Credit Card
509,36,Female,Texas,No,Sunglasses,Accessories,73.66,Winter,XL,Gray,No,No,6,Weekly,3.49,Standard,Venmo
510,43,Female,Ohio,No,Scarf,Accessories,44.21,Fall,XL,Gray,Yes,No,8,Bi-Weekly,3.91,Express,PayPal
511,27,Female,Florida,No,Blouse,Clothing,31.46,Fall,S,Yellow,Yes,Yes,10,Weekly,3.53,Express,Venmo
512,50,Female,California,No,Shirt,Clothing,68.3,Spring,L,Yellow,Yes,Yes,6,Weekly,3.55,Express,Cash
513,48,Male,Illinois,No,Jewelry,Accessories,82.65,Summer,L,Green,Yes,No,9,Monthly,3.14,Standard,Venmo
514,54,Male,Texas,No,Blouse,Clothing,71.06,Spring,M,White,No,Yes,3,Bi-Weekly,3.25,Express,Cash
515,51,Female,Georgia,No,Blouse,Clothing,62.85,Winter,S,Yellow,No,No,5,Quarterly,3.22,Express,PayPal
516,67,Female,Georgia,No,Dress,Clothing,76.0,Fall,L,Gray,No,No,5,Weekly,4.16,Express,Cash
517,27,Male,Arizona,No,Shirt,Clothing,83.28,Winter,XL,Purple,No,No,7,Annually,3.4,Standard,Cash
518,52,Male,Montana,No,Scarf,Accessories,59.49,Winter,S,Purple,No,Yes,10,Monthly,4.61,Express,Credit Card
519,62,Female,New York,Yes,Sneakers,Footwear,34.03,Fall,M,Gray,Yes,Yes,10,Quarterly,3.3,Express,Credit Card
520,63,Male,Texas,Yes,Sunglasses,Accessories,64.89,Winter,M,White,Yes,Yes,4,Monthly,3.73,Express,Cash
521,39,Female,Texas,No,Dress,Clothing,64.26,Summer,XL,Green,Yes,No,5,Monthly,3.39,Express,Credit Card
522,61,Female,Illinois,Yes,Sweater,Clothing,85.94,Spring,M,Yellow,No,No,4,Bi-Weekly,3.64,Standard,Venmo
523,24,Male,Ohio,No,Sweater,Clothing,43.28,Spring,M,Black,No,No,4,Monthly,3.02,Standard,Cash
524,52,Male,Arizona,No,Skirt,Clothing,63.3,Fall,L,Yellow,No,No,7,Monthly,4.05,Express,PayPal
525,20,Female,Georgia,Yes,Coat,Outerwear,50.89,Summer,S,Gray,No,No,6,Quarterly,3.57,Express,PayPal
526,61,Male,California,No,Sunglasses,Accessories,50.01,Winter,L,Green,No,No,5,Annually,3.01,Standard,Debit Card
527,24,Female,Georgia,No,Coat,Clothing,82.32,Winter,XL,Red,No,Yes,8,Annually,3.67,Standard,Credit Card
528,34,Female,California,No,Sunglasses,Accessories,30.56,Spring,XL,Blue,No,Yes,8,Annually,3.51,Standard,Debit Card
529,57,Male,Arizona,Yes,Sneakers,Footwear,63.76,Fall,L,Purple,No,Yes,5,Quarterly,3.22,Express,PayPal
530,67,Male,Florida,Yes,Coat,Outerwear,105.44,Spring,XL,Yellow,Yes,No,6,Weekly,4.68,Express,Cash
531,52,Male,Montana,No,Sunglasses,Accessories,27.5,Fall,L,Red,No,No,9,Annually,3.29,Express,PayPal
532,52,Female,Montana,No,Sweater,Clothing,45.1,Winter,XL,Pink,No,Yes,3,Monthly,3.31,Express,Cash
533,24,Male,Florida,Yes,Blouse,Clothing,75.43,Fall,XL,Yellow,Yes,No,3,Quarterly,3.19,Express,Debit Card
534,57,Male,Arizona,Yes,Hoodie,Outerwear,70.35,Spring,L,Blue,No,No,6,Bi-Weekly,4.07,Express,Credit Card
535,61,Male,Washington,No,Jewelry,Accessories,35.06,Winter,M,Blue,No,No,8,Quarterly,4.4,Express,Cash
536,53,Male,New York,Yes,Belt,Accessories,57.76,Summer,M,Purple,No,Yes,10,Monthly,3.21,Express,Cash
537,24,Female,Illinois,Yes,Hoodie,Outerwear,61.87,Spring,L,Gray,No,No,3,Annually,3.84,Express,Cash
538,46,Male,California,Yes,Dress,Clothing,70.98,Summer,L,Blue,No,No,3,Quarterly,3.88,Express,Debit Card
539,34,Female,California,No,Sandals,Footwear,20.65,Fall,M,Pink,No,No,10,Quarterly,4.24,Standard,Debit Card
540,27,Male,Washington,No,Shoes,Footwear,46.4,Winter,L,White,No,Yes,7,Monthly,3.36,Express,Debit Card
541,46,Male,Illinois,No,Blouse,Clothing,67.88,Winter,L,Black,No,No,9,Bi-Weekly,4.01,Express,PayPal
542,64,Male,Texas,Yes,Sandals,Footwear,96.23,Winter,L,Black,No,Yes,5,Annually,3.63,Express,PayPal
543,64,Male,Washington,Yes,Coat,Outerwear,18.06,Fall,M,Black,No,No,7,Weekly,3.63,Standard,Debit Card
544,32,Female,California,Yes,Shoes,Footwear,56.79,Winter,XL,Blue,No,No,7,Bi-Weekly,3.98,Standard,Venmo
545,46,Male,Montana,Yes,Skirt,Clothing,77.73,Summer,M,Pink,Yes,No,4,Bi-Weekly,3.79,Standard,Debit Card
546,70,Male,Illinois,No,Sunglasses,Accessories,65.48,Summer,L,Pink,Yes,Yes,8,Weekly,3.56,Express,Venmo
547,58,Male,Georgia,No,Sneakers,Footwear,44.61,Fall,M,Pink,No,No,3,Annually,3.6,Express,Venmo
548,26,Male,Texas,Yes,Pants,Clothing,79.18,Summer,S,Green,Yes,No,8,Monthly,3.63,Express,Credit Card
549,21,Male,New York,No,Sunglasses,Accessories,71.05,Spring,L,Black,No,No,5,Monthly,3.32,Standard,Venmo
550,45,Male,Illinois,No,Scarf,Accessories,21.61,Spring,L,Green,Yes,No,4,Weekly,3.69,Standard,Venmo
551,24,Male,Illinois,No,Jacket,Outerwear,34.82,Spring,M,Purple,No,No,7,Annually,3.15,Express,Cash
552,52,Female,Montana,Yes,Sneakers,Footwear,55.18,Fall,S,White,No,No,4,Annually,3.29,Express,PayPal
553,43,Female,Washington,No,Sweater,Clothing,36.88,Summer,L,Blue,No,Yes,5,Weekly,3.23,Express,Cash
554,23,Male,New York,No,Sneakers,Footwear,65.2,Spring,M,Red,Yes,Yes,9,Bi-Weekly,2.77,Express,Debit Card
555,32,Female,Florida,No,Skirt,Clothing,68.37,Winter,XL,White,Yes,Yes,5,Bi-Weekly,3.06,Standard,Credit Card
556,25,Female,Texas,Yes,Jacket,Outerwear,15.0,Fall,XL,Red,No,No,10,Quarterly,3.58,Express,Cash
557,46,Male,Georgia,No,Sunglasses,Accessories,60.97,Summer,S,Gray,No,No,6,Bi-Weekly,4.6,Express,Venmo
558,59,Female,Arizona,Yes,Shirt,Clothing,69.62,Spring,XL,Purple,No,No,6,Bi-Weekly,3.76,Standard,Venmo
559,39,Male,Texas,No,Sandals,Footwear,49.27,Fall,M,Purple,Yes,No,7,Bi-Weekly,3.24,Express,Cash
560,61,Female,New York,No,Hoodie,Outerwear,70.74,Winter,XL,Green,No,No,5,Annually,2.73,Express,Venmo
561,21,Female,Ohio,Yes,Pants,Clothing,15.0,Spring,L,Yellow,Yes,No,10,Quarterly,3.21,Express,Cash
562,34,Male,Illinois,No,Shoes,Footwear,36.58,Spring,XL,Gray,Yes,Yes,10,Annually,3.27,Express,Debit Card
563,45,Male,Georgia,No,Sandals,Footwear,45.41,Fall,M,White,Yes,Yes,8,Monthly,3.71,Standard,Cash
564,41,Male,Georgia,No,Pants,Clothing,50.65,Summer,L,Yellow,No,No,9,Monthly,4.08,Express,Cash
565,46,Female,Washington,No,Dress,Clothing,59.57,Spring,XL,Yellow,Yes,Yes,10,Quarterly,4.05,Express,Credit Card
566,64,Male,Georgia,Yes,Sweater,Clothing,52.92,Spring,XL,Purple,Yes,Yes,9,Quarterly,4.11,Express,Cash
567,30,Female,Arizona,No,Jacket,Outerwear,46.17,Spring,L,Red,Yes,No,8,Monthly,3.82,Standard,Credit Card
568,61,Male,California,No,Shirt,Clothing,81.72,Winter,S,Blue,No,No,3,Weekly,3.85,Standard,Credit Card
569,40,Male,New York,Yes,Jewelry,Accessories,63.64,Fall,L,Blue,Yes,Yes,9,Bi-Weekly,4.55,Standard,PayPal
570,46,Male,Illinois,No,Scarf,Accessories,89.69,Winter,S,Gray,No,No,4,Quarterly,3.81,Standard,Venmo
571,29,Female,Montana,No,Sunglasses,Accessories,61.39,Winter,XL,Green,Yes,Yes,6,Monthly,3.78,Express,Debit Card
572,23,Male,New York,No,Sneakers,Footwear,75.09,Fall,XL,Brown,No,No,3,Annually,3.84,Express,Debit Card
573,22,Male,Ohio,No,Coat,Clothing,88.72,Winter,XL,Pink,No,No,5,Annually,3.72,Express,Venmo
574,58,Male,New York,No,T-shirt,Clothing,53.42,Winter,S,Gray,No,Yes,3,Monthly,3.58,Express,PayPal
575,32,Female,Montana,No,Sweater,Clothing,43.45,Summer,M,Purple,No,No,9,Annually,3.64,Express,PayPal
576,69,Female,Georgia,No,Jacket,Outerwear,76.09,Spring,M,Red,Yes,No,5,Bi-Weekly,3.79,Standard,Cash
577,22,Male,Florida,Yes,Sweater,Clothing,49.02,Spring,S,Brown,No,No,6,Annually,3.53,Express,Cash
578,55,Male,New York,Yes,Sneakers,Footwear,64.4,Spring,M,Black,No,No,10,Bi-Weekly,3.95,Express,Debit Card
579,39,Female,Ohio,No,Jacket,Outerwear,74.19,Spring,M,Purple,No,No,5,Quarterly,3.1,Express,Venmo
580,18,Male,California,No,Jewelry,Accessories,64.28,Spring,XL,Purple,No,No,5,Bi-Weekly,3.77,Standard,Credit Card
581,63,Male,Washington,No,Pants,Clothing,72.42,Spring,XL,Green,No,No,5,Weekly,3.79,Express,Venmo
582,29,Male,Florida,No,Jacket,Outerwear,39.45,Fall,M,Purple,No,No,5,Monthly,3.75,Standard,PayPal
583,27,Male,Texas,No,Coat,Outerwear,69.22,Summer,L,Red,No,Yes,8,Bi-Weekly,3.24,Express,Credit Card
584,40,Male,Illinois,No,Pants,Clothing,49.9,Fall,XL,Yellow,Yes,Yes,7,Bi-Weekly,3.98,Express,Debit Card
585,19,Female,Arizona,No,Boots,Footwear,108.42,Fall,S,Pink,No,No,6,Weekly,3.97,Express,PayPal
586,32,Male,California,No,T-shirt,Clothing,71.34,Spring,L,Purple,No,Yes,8,Quarterly,3.14,Express,Venmo
587,41,Female,Texas,No,Jacket,Outerwear,49.07,Winter,XL,Gray,No,No,4,Monthly,3.09,Express,PayPal
588,31,Male,California,No,Coat,Clothing,93.44,Winter,XL,Pink,Yes,Yes,4,Monthly,4.52,Express,Cash
589,34,Male,Ohio,Yes,Pants,Clothing,45.2,Spring,M,Pink,Yes,No,6,Annually,3.19,Express,Venmo
590,34,Male,Ohio,No,Blouse,Clothing,58.93,Winter,M,Green,Yes,No,7,Quarterly,4.36,Express,PayPal
591,62,Male,New York,Yes,Pants,Clothing,52.95,Summer,S,Black,No,No,5,Quarterly,3.73,Express,Debit Card
592,18,Male,Ohio,No,Shirt,Clothing,58.72,Summer,XL,Gray,No,Yes,7,Weekly,4.55,Standard,PayPal
593,33,Male,Florida,No,Sneakers,Footwear,61.69,Winter,L,Blue,Yes,No,5,Bi-Weekly,3.55,Express,Venmo
594,50,Male,California,No,Dress,Clothing,63.19,Fall,XL,Brown,No,No,10,Annually,3.5,Standard,PayPal
595,47,Female,New York,Yes,Sweater,Clothing,60.64,Spring,M,Brown,Yes,No,3,Annually,3.07,Standard,PayPal
596,24,Female,New York,No,Sunglasses,Accessories,68.87,Fall,XL,Brown,No,No,4,Quarterly,4.02,Express,Venmo
597,28,Male,Montana,No,Coat,Outerwear,37.08,Spring,S,Black,No,No,9,Bi-Weekly,3.01,Standard,PayPal
598,21,Male,Florida,Yes,Sweater,Clothing,65.95,Spring,XL,Black,Yes,No,4,Weekly,3.6,Standard,Cash
599,68,Male,Illinois,No,Sunglasses,Accessories,67.3,Summer,L,Gray,Yes,No,5,Weekly,4.13,Express,PayPal
600,61,Female,Illinois,No,T-shirt,Clothing,61.75,Summer,L,Yellow,No,No,3,Monthly,3.53,Express,PayPal
601,55,Female,Florida,No,Shoes,Footwear,39.05,Fall,M,Yellow,No,No,8,Monthly,4.47,Express,Venmo
602,50,Male,Washington,No,Scarf,Accessories,21.42,Winter,M,Purple,No,No,8,Monthly,4.13,Express,Debit Card
603,66,Male,Montana,No,Jacket,Outerwear,69.31,Fall,S,Yellow,Yes,No,3,Weekly,4.55,Express,PayPal
604,25,Male,Texas,No,Sneakers,Footwear,74.24,Summer,S,Black,No,No,7,Annually,4.38,Express,PayPal
605,70,Male,California,No,Sweater,Clothing,94.99,Winter,S,Pink,No,No,7,Weekly,3.85,Express,Credit Card
606,18,Female,Ohio,No,Jewelry,Accessories,34.44,Fall,M,Pink,No,No,8,Annually,4.19,Standard,PayPal
607,36,Male,Montana,No,Shoes,Footwear,94.66,Winter,M,Black,Yes,No,7,Bi-Weekly,3.57,Express,PayPal
608,43,Female,Ohio,Yes,Shoes,Footwear,63.0,Summer,M,Gray,No,No,8,Bi-Weekly,3.74,Express,Cash
609,41,Female,Illinois,No,Jacket,Outerwear,44.37,Fall,L,Pink,No,No,6,Annually,4.03,Express,Cash
610,51,Male,Ohio,No,Coat,Clothing,75.35,Spring,M,Blue,No,No,6,Annually,4.22,Express,Venmo
611,38,Male,Florida,No,Sneakers,Footwear,79.11,Fall,XL,Brown,No,No,10,Quarterly,3.88,Standard,Debit Card
612,19,Male,Ohio,No,Scarf,Accessories,53.49,Winter,L,Blue,Yes,No,3,Quarterly,4.43,Express,PayPal
613,47,Male,Washington,No,Pants,Clothing,65.92,Winter,S,Black,No,No,3,Quarterly,4.03,Express,PayPal
614,67,Male,Washington,No,Shirt,Clothing,70.52,Summer,S,Gray,No,No,7,Weekly,3.66,Standard,Debit Card
615,59,Male,Washington,Yes,Blouse,Clothing,59.36,Spring,S,Green,No,Yes,4,Monthly,3.19,Express,Credit Card
616,59,Male,Ohio,No,Jacket,Outerwear,48.77,Winter,XL,Black,No,Yes,5,Bi-Weekly,3.36,Express,Venmo
617,26,Female,Arizona,No,Jewelry,Accessories,66.33,Spring,S,Black,No,No,3,Quarterly,3.38,Express,Debit Card
618,23,Female,Ohio,Yes,Shoes,Footwear,73.98,Winter,XL,Blue,No,Yes,10,Monthly,4.66,Express,Cash
619,22,Male,Texas,No,Skirt,Clothing,84.67,Winter,M,Purple,No,No,3,Quarterly,4.6,Express,Cash
620,23,Male,Ohio,No,T-shirt,Clothing,56.12,Summer,XL,Gray,Yes,Yes,5,Quarterly,4.61,Standard,PayPal
621,39,Female,New York,Yes,Pants,Clothing,58.21,Spring,L,Gray,No,No,9,Quarterly,4.7,Standard,Cash
622,36,Female,Texas,No,Shoes,Footwear,41.84,Winter,XL,Black,Yes,No,3,Annually,3.32,Express,Debit Card
623,25,Female,Georgia,No,Shirt,Clothing,37.24,Winter,XL,Black,Yes,Yes,9,Annually,4.52,Express,Venmo
624,65,Female,Washington,No,Sandals,Footwear,73.65,Summer,S,White,No,No,3,Weekly,4.49,Express,Cash
625,53,Male,Washington,No,Jacket,Outerwear,43.29,Summer,S,Brown,No,No,9,Monthly,3.13,Express,Debit Card
626,60,Female,California,No,Pants,Clothing,88.6,Winter,M,Green,No,Yes,9,Weekly,3.11,Express,Cash
627,55,Male,Georgia,No,Sunglasses,Accessories,80.36,Spring,XL,Green,No,No,9,Monthly,4.13,Express,Venmo
628,20,Female,Washington,Yes,Jacket,Outerwear,67.09,Fall,S,Purple,Yes,No,10,Quarterly,4.2,Express,Debit Card
629,56,Male,Texas,No,Sneakers,Footwear,33.44,Summer,M,Green,No,No,3,Bi-Weekly,3.58,Standard,Venmo
630,43,Male,Montana,Yes,Sneakers,Footwear,71.83,Spring,L,Brown,No,No,5,Quarterly,3.86,Express,Cash
631,24,Male,Arizona,No,Shoes,Footwear,92.37,Spring,M,Yellow,No,No,7,Monthly,4.05,Express,Cash
632,34,Male,Georgia,No,Sneakers,Footwear,54.36,Winter,S,Black,Yes,No,4,Annually,3.69,Express,Debit Card
633,23,Male,Montana,No,Skirt,Clothing,61.42,Spring,S,Green,No,No,9,Bi-Weekly,4.14,Express,PayPal
634,28,Female,Illinois,Yes,Jewelry,Accessories,69.82,Winter,M,Yellow,Yes,Yes,3,Quarterly,2.95,Standard,PayPal
635,67,Male,Illinois,No,Coat,Outerwear,48.81,Winter,XL,Purple,No,No,8,Weekly,2.8,Express,Debit Card
636,53,Female,Texas,No,Sandals,Footwear,86.91,Spring,S,Brown,No,No,6,Weekly,3.72,Standard,Cash
637,24,Male,Arizona,Yes,Boots,Footwear,48.42,Spring,S,Blue,Yes,Yes,3,Quarterly,3.59,Standard,PayPal
638,64,Male,Ohio,Yes,Dress,Clothing,69.44,Fall,L,Yellow,Yes,No,7,Bi-Weekly,3.21,Express,PayPal
639,55,Female,California,No,Skirt,Clothing,46.47,Spring,S,Red,No,No,9,Weekly,3.82,Standard,PayPal
640,64,Male,California,No,Sweater,Clothing,48.7,Spring,M,Brown,No,Yes,10,Annually,3.86,Express,Credit Card
641,31,Male,Ohio,No,Blouse,Clothing,61.36,Winter,M,White,Yes,No,3,Bi-Weekly,3.53,Express,Cash
642,44,Female,Washington,No,Belt,Accessories,87.41,Summer,S,White,No,No,4,Weekly,4.41,Express,Venmo
643,61,Male,California,No,Sneakers,Footwear,83.25,Fall,M,Black,Yes,No,3,Bi-Weekly,3.65,Express,Credit Card
644,38,Male,Illinois,No,T-shirt,Clothing,54.42,Winter,XL,Purple,No,Yes,8,Bi-Weekly,3.18,Express,Venmo
645,38,Male,Ohio,No,Sunglasses,Accessories,48.36,Summer,M,Brown,No,No,4,Bi-Weekly,3.04,Standard,PayPal
646,25,Male,Montana,No,Sunglasses,Accessories,67.02,Spring,M,Yellow,Yes,No,7,Quarterly,3.63,Express,Cash
647,54,Female,Florida,No,Pants,Clothing,78.63,Fall,XL,Green,No,No,10,Annually,2.9,Express,Cash
648,30,Male,Arizona,No,Shoes,Footwear,71.13,Winter,L,Yellow,Yes,No,5,Monthly,4.05,Express,Venmo
649,50,Male,Washington,No,Belt,Accessories,43.54,Spring,XL,Brown,No,No,6,Annually,3.38,Express,PayPal
650,41,Female,Texas,No,Blouse,Clothing,73.84,Fall,S,Purple,No,No,3,Bi-Weekly,3.27,Express,Cash
651,48,Male,California,No,Shirt,Clothing,63.98,Fall,L,Black,No,No,7,Monthly,4.4,Express,Debit Card
652,20,Male,Montana,Yes,Shoes,Footwear,39.31,Winter,XL,Gray,No,No,10,Quarterly,3.78,Express,Debit Card
653,35,Male,California,No,Skirt,Clothing,39.99,Spring,L,Red,Yes,No,3,Quarterly,4.68,Express,Venmo
654,22,Male,Washington,Yes,Dress,Clothing,50.23,Winter,XL,Blue,No,No,8,Annually,3.27,Express,Debit Card
655,54,Male,Georgia,No,Sneakers,Footwear,87.29,Fall,M,Yellow,No,No,9,Weekly,3.48,Express,Venmo
656,52,Male,Montana,Yes,Shirt,Clothing,64.91,Spring,S,Green,No,Yes,6,Quarterly,3.77,Express,Debit Card
657,49,Male,Arizona,No,Dress,Clothing,45.32,Fall,M,Gray,No,Yes,7,Quarterly,4.34,Express,Credit Card
658,37,Male,Arizona,No,Jacket,Outerwear,90.45,Spring,S,Pink,No,No,3,Annually,3.87,Express,PayPal
659,22,Male,Florida,No,Blouse,Clothing,52.67,Fall,L,Brown,No,No,5,Monthly,3.61,Express,Debit Card
660,59,Male,Washington,No,T-shirt,Clothing,23.89,Summer,XL,Blue,No,No,9,Bi-Weekly,3.76,Express,Credit Card
661,32,Female,Texas,No,Boots,Footwear,53.79,Summer,XL,Purple,No,Yes,6,Weekly,3.97,Express,Credit Card
662,67,Female,Illinois,No,T-shirt,Clothing,60.85,Summer,XL,Brown,Yes,No,9,Weekly,4.21,Express,PayPal
663,58,Male,Washington,No,Hoodie,Outerwear,55.4,Fall,M,Yellow,No,Yes,8,Weekly,3.71,Express,Cash
664,47,Female,Arizona,No,Shoes,Footwear,20.14,Spring,M,Red,Yes,No,10,Annually,4.23,Standard,Debit Card
665,33,Male,Georgia,Yes,Shoes,Footwear,61.01,Winter,S,Blue,No,No,10,Monthly,3.98,Express,PayPal
666,49,Female,Illinois,No,Scarf,Accessories,39.6,Winter,L,White,No,No,9,Weekly,4.85,Express,Venmo
667,52,Female,Florida,No,T-shirt,Clothing,86.69,Spring,L,White,Yes,No,6,Bi-Weekly,4.28,Express,Venmo
668,62,Male,California,No,Scarf,Accessories,56.58,Summer,S,Purple,No,No,3,Bi-Weekly,3.33,Standard,PayPal
669,40,Male,Illinois,No,Shirt,Clothing,69.17,Winter,M,Green,No,Yes,3,Annually,3.03,Express,Debit Card
670,19,Male,California,No,Belt,Accessories,72.68,Fall,L,Brown,Yes,No,9,Quarterly,3.99,Express,Credit Card
671,49,Male,Texas,No,Hoodie,Outerwear,35.9,Summer,L,Yellow,Yes,No,8,Weekly,4.34,Express,Venmo
672,49,Male,Georgia,No,Coat,Clothing,67.38,Fall,XL,Red,No,No,4,Quarterly,3.16,Express,Cash
673,28,Female,Washington,Yes,Belt,Accessories,20.09,Winter,L,Gray,No,Yes,8,Monthly,4.59,Standard,Credit Card
674,44,Female,California,No,Sweater,Clothing,60.31,Spring,M,Blue,No,No,8,Annually,2.87,Standard,Venmo
675,20,Male,Texas,Yes,Jacket,Outerwear,48.27,Fall,XL,Pink,No,No,4,Annually,4.89,Express,PayPal
676,62,Male,California,Yes,Shirt,Clothing,94.32,Fall,S,Yellow,No,No,10,Monthly,3.89,Express,Cash
677,23,Male,Montana,No,Coat,Outerwear,54.19,Winter,S,Gray,No,Yes,6,Weekly,3.06,Express,Cash
678,57,Female,Florida,No,Scarf,Accessories,55.83,Summer,L,Black,No,No,6,Bi-Weekly,2.66,Express,Debit Card
679,37,Male,Montana,No,Coat,Clothing,61.31,Spring,L,Brown,Yes,No,9,Bi-Weekly,2.89,Standard,Debit Card
680,49,Male,Arizona,No,Sneakers,Footwear,81.19,Winter,M,Pink,No,No,10,Weekly,4.44,Express,Credit Card
681,47,Male,Illinois,No,Scarf,Accessories,50.41,Spring,XL,Red,No,No,6,Monthly,3.84,Express,PayPal
682,56,Female,New York,Yes,Shirt,Clothing,57.33,Summer,XL,Blue,No,No,7,Quarterly,3.72,Express,Debit Card
683,39,Male,Arizona,No,Dress,Clothing,55.21,Summer,XL,Blue,Yes,No,10,Monthly,3.25,Standard,Debit Card
684,57,Male,Montana,No,Sneakers,Footwear,16.68,Winter,L,Red,Yes,Yes,10,Weekly,3.1,Standard,Debit Card
685,53,Female,New York,No,Jewelry,Accessories,57.99,Fall,L,Blue,No,No,10,Quarterly,3.32,Express,Venmo
686,33,Female,Illinois,No,Hoodie,Outerwear,61.18,Fall,M,Brown,No,No,9,Quarterly,3.61,Express,Debit Card
687,20,Male,California,Yes,Shirt,Clothing,50.32,Winter,XL,Red,No,No,10,Monthly,4.87,Express,PayPal
688,35,Male,Texas,Yes,T-shirt,Clothing,60.55,Fall,S,Red,No,Yes,3,Weekly,2.86,Standard,Debit Card
689,70,Male,Illinois,Yes,Dress,Clothing,64.15,Fall,L,Black,No,No,4,Weekly,4.04,Express,Cash
690,61,Male,Washington,No,Sneakers,Footwear,27.28,Summer,S,Pink,No,No,7,Quarterly,3.32,Standard,Venmo
691,65,Female,Montana,Yes,Sweater,Clothing,72.88,Spring,M,Brown,No,No,4,Monthly,3.65,Express,Cash
692,19,Male,Illinois,No,Sweater,Clothing,64.22,Winter,L,Gray,No,No,5,Bi-Weekly,4.49,Express,Credit Card
693,30,Male,New York,No,Hoodie,Outerwear,65.22,Fall,S,Yellow,No,No,6,Weekly,4.67,Express,PayPal
694,18,Male,Arizona,No,Sunglasses,Accessories,23.98,Fall,L,Pink,No,No,9,Quarterly,3.97,Express,Debit Card
695,53,Male,California,No,Skirt,Clothing,53.01,Spring,L,Red,Yes,No,4,Quarterly,3.98,Express,Venmo
696,57,Female,Ohio,No,Shoes,Footwear,77.12,Spring,S,Yellow,No,No,8,Quarterly,3.9,Express,PayPal
697,50,Male,Texas,Yes,Belt,Accessories,54.55,Spring,XL,Purple,No,Yes,3,Monthly,3.64,Express,Credit Card
698,52,Male,Ohio,No,Coat,Clothing,50.96,Spring,S,White,No,No,8,Bi-Weekly,3.34,Express,Credit Card
699,41,Male,California,Yes,Dress,Clothing,29.63,Summer,L,White,Yes,No,10,Quarterly,4.56,Express,Credit Card
700,53,Male,Illinois,Yes,Dress,Clothing,49.47,Summer,L,Red,No,Yes,7,Annually,3.87,Express,Cash
701,22,Male,Washington,No,Boots,Footwear,84.49,Fall,S,Purple,No,No,6,Bi-Weekly,4.18,Standard,Cash
702,63,Male,Georgia,Yes,Blouse,Clothing,26.89,Fall,S,Green,No,No,9,Monthly,3.62,Express,Credit Card
703,51,Female,Texas,No,Belt,Accessories,80.96,Summer,S,Yellow,Yes,No,4,Quarterly,3.94,Express,Credit Card
704,60,Female,Washington,No,Sandals,Footwear,42.43,Summer,M,Blue,Yes,Yes,8,Annually,3.87,Express,Cash
705,51,Female,Arizona,No,Scarf,Accessories,42.31,Summer,L,Green,No,No,8,Weekly,4.32,Express,Venmo
706,50,Female,Washington,No,Coat,Clothing,75.7,Fall,M,Yellow,Yes,Yes,7,Bi-Weekly,4.85,Express,PayPal
707,38,Male,Illinois,No,Shoes,Footwear,81.93,Spring,S,Blue,No,No,7,Quarterly,3.87,Standard,Cash
708,37,Male,Georgia,No,Jewelry,Accessories,82.35,Spring,L,Red,No,Yes,3,Monthly,3.11,Express,PayPal
709,51,Male,Washington,No,Skirt,Clothing,22.33,Summer,S,Pink,No,No,6,Annually,4.14,Express,Debit Card
710,55,Male,Illinois,No,T-shirt,Clothing,44.81,Spring,XL,Brown,No,Yes,10,Quarterly,3.3,Express,Debit Card
711,55,Male,New York,No,Jewelry,Accessories,58.59,Spring,S,Yellow,Yes,No,6,Quarterly,4.28,Express,Debit Card
712,59,Male,California,No,Pants,Clothing,72.7,Fall,M,Yellow,No,No,3,Annually,3.88,Express,Cash
713,54,Female,California,Yes,Jewelry,Accessories,75.22,Winter,M,Brown,Yes,No,6,Quarterly,3.76,Express,Debit Card
714,39,Male,New York,No,Skirt,Clothing,110.0,Summer,XL,Red,No,No,10,Monthly,3.56,Express,PayPal
715,67,Male,California,No,Blouse,Clothing,73.13,Winter,L,Pink,No,No,3,Bi-Weekly,3.73,Express,Debit Card
716,54,Male,Washington,No,Sneakers,Footwear,62.98,Summer,M,Black,No,No,6,Annually,3.09,Express,Debit Card
717,39,Male,Florida,Yes,Jewelry,Accessories,58.3,Winter,L,Blue,No,No,9,Weekly,3.8,Standard,Venmo
718,66,Male,California,No,Sunglasses,Accessories,51.59,Winter,M,Purple,Yes,Yes,10,Annually,2.83,Express,PayPal
719,45,Female,California,No,Belt,Accessories,56.03,Winter,XL,White,No,No,3,Bi-Weekly,3.45,Express,Debit Card
720,31,Female,Washington,Yes,Sunglasses,Accessories,22.28,Spring,XL,Purple,No,No,6,Annually,4.3,Express,Credit Card
721,24,Male,Georgia,No,Scarf,Accessories,68.32,Spring,XL,Gray,No,Yes,10,Annually,4.05,Express,Cash
722,49,Female,Ohio,Yes,Shoes,Footwear,103.89,Spring,S,Yellow,No,No,10,Quarterly,3.08,Express,Credit Card
723,70,Male,New York,No,Shoes,Footwear,47.31,Winter,XL,Black,No,No,8,Weekly,3.75,Standard,Debit Card
724,65,Male,Illinois,No,Scarf,Accessories,32.15,Spring,XL,Red,No,Yes,7,Bi-Weekly,3.6,Express,Cash
725,42,Female,Washington,No,T-shirt,Clothing,33.88,Fall,S,Green,No,No,4,Bi-Weekly,4.07,Express,PayPal
726,39,Male,Illinois,No,Sandals,Footwear,54.47,Winter,S,Purple,No,No,7,Annually,3.5,Express,Cash
727,62,Male,Texas,No,Coat,Clothing,78.01,Summer,S,Purple,No,Yes,10,Monthly,4.36,Standard,Venmo
728,38,Female,Georgia,No,Hoodie,Outerwear,60.75,Summer,M,Green,No,Yes,5,Weekly,4.02,Express,Credit Card
729,39,Female,California,No,Skirt,Clothing,78.16,Summer,S,Gray,No,No,10,Annually,3.85,Express,PayPal
730,39,Male,Georgia,Yes,Boots,Footwear,44.51,Summer,S,Gray,No,Yes,10,Weekly,3.6,Express,Debit Card
731,20,Female,Texas,No,Jacket,Outerwear,41.04,Fall,XL,Yellow,No,No,7,Quarterly,3.8,Express,PayPal
732,62,Male,Montana,No,Jewelry,Accessories,50.87,Summer,XL,White,Yes,No,4,Weekly,4.27,Express,PayPal
733,21,Female,Ohio,Yes,Shoes,Footwear,15.0,Summer,XL,Gray,No,No,3,Monthly,3.37,Standard,Debit Card
734,67,Male,Florida,Yes,Scarf,Accessories,69.13,Fall,L,Purple,No,Yes,8,Quarterly,3.73,Express,Cash
735,49,Female,Florida,Yes,Belt,Accessories,62.13,Summer,S,Pink,No,No,9,Weekly,3.44,Express,Cash
736,32,Male,Florida,Yes,Belt,Accessories,33.98,Fall,L,Black,No,No,5,Bi-Weekly,3.35,Express,Debit Card
737,37,Male,California,No,Pants,Clothing,55.8,Fall,XL,Purple,Yes,No,9,Monthly,4.08,Standard,PayPal
738,63,Male,Georgia,No,Boots,Footwear,82.68,Winter,S,Purple,No,Yes,6,Quarterly,3.23,Standard,Debit Card
739,23,Male,Georgia,No,Jacket,Outerwear,80.68,Winter,L,Blue,No,No,5,Monthly,3.92,Express,PayPal
740,48,Female,Georgia,Yes,T-shirt,Clothing,55.65,Summer,S,Brown,No,Yes,9,Bi-Weekly,3.59,Standard,Debit Card
741,69,Male,Ohio,Yes,Scarf,Accessories,57.18,Fall,S,Brown,Yes,No,6,Quarterly,4.36,Express,PayPal
742,61,Female,Arizona,No,Skirt,Clothing,67.42,Fall,S,Pink,Yes,No,6,Weekly,4.47,Standard,Venmo
743,35,Male,Arizona,Yes,Pants,Clothing,36.4,Winter,S,Brown,Yes,No,9,Annually,4.84,Express,Debit Card
744,55,Female,California,Yes,Jewelry,Accessories,18.57,Summer,L,Red,Yes,No,5,Annually,4.12,Express,PayPal
745,63,Male,Texas,No,Belt,Accessories,38.91,Winter,L,Gray,No,No,3,Quarterly,2.72,Standard,Cash
746,69,Female,Texas,Yes,Dress,Clothing,56.94,Fall,L,Blue,Yes,No,10,Monthly,3.54,Standard,PayPal
747,61,Female,New York,Yes,Jacket,Outerwear,60.65,Spring,L,Blue,No,Yes,10,Monthly,4.14,Express,Credit Card
748,31,Male,Illinois,No,Shirt,Clothing,44.91,Winter,S,White,No,No,3,Bi-Weekly,4.23,Express,PayPal
749,31,Male,Illinois,No,Scarf,Accessories,52.31,Spring,S,Red,No,No,9,Monthly,4.76,Express,Venmo
750,67,Male,Texas,No,Jacket,Outerwear,36.25,Winter,M,Yellow,No,Yes,6,Monthly,4.16,Express,Debit Card
751,29,Male,Illinois,No,Boots,Footwear,61.3,Spring,L,Blue,Yes,No,8,Bi-Weekly,4.09,Express,Cash
752,39,Male,Florida,No,Sunglasses,Accessories,73.61,Spring,XL,Yellow,No,No,3,Annually,4.01,Express,Debit Card
753,22,Female,Arizona,Yes,Jewelry,Accessories,67.1,Fall,XL,Yellow,Yes,No,3,Bi-Weekly,3.87,Express,Venmo
754,65,Male,California,Yes,Jewelry,Accessories,26.3,Fall,M,Gray,No,No,4,Monthly,2.75,Standard,Debit Card
755,56,Male,Illinois,No,Blouse,Clothing,50.16,Fall,M,Blue,No,No,5,Monthly,3.78,Express,Venmo
756,70,Male,Georgia,No,Sneakers,Footwear,79.22,Winter,L,Brown,No,No,5,Weekly,3.56,Express,Credit Card
757,68,Male,Florida,No,Skirt,Clothing,19.43,Fall,S,Green,No,No,3,Annually,4.03,Standard,PayPal
758,44,Female,California,Yes,Sneakers,Footwear,74.28,Fall,M,Red,No,No,7,Bi-Weekly,2.98,Standard,PayPal
759,69,Male,California,Yes,Coat,Clothing,25.3,Winter,L,Pink,No,No,5,Weekly,4.16,Express,PayPal
760,68,Female,New York,No,Shirt,Clothing,64.84,Winter,L,Green,No,No,6,Weekly,3.69,Express,Credit Card
761,70,Male,New York,Yes,Sneakers,Footwear,69.77,Summer,M,Blue,No,Yes,3,Monthly,3.94,Express,Venmo
762,34,Male,Washington,No,Jacket,Outerwear,35.31,Winter,M,Red,No,Yes,4,Quarterly,3.68,Standard,Venmo
763,18,Male,Ohio,Yes,Pants,Clothing,57.74,Fall,L,Gray,No,No,3,Bi-Weekly,3.98,Standard,Cash
764,52,Male,Washington,Yes,Coat,Clothing,65.74,Winter,M,Purple,No,No,8,Quarterly,3.72,Express,Cash
765,35,Male,Texas,No,Sweater,Clothing,90.09,Spring,XL,Red,No,No,4,Bi-Weekly,3.53,Standard,PayPal
766,39,Male,Arizona,Yes,Pants,Clothing,67.17,Winter,XL,White,No,Yes,6,Annually,3.45,Express,Credit Card
767,27,Male,Montana,Yes,Sweater,Clothing,44.98,Fall,L,Pink,No,No,4,Annually,3.68,Express,Venmo
768,69,Male,Florida,No,Skirt,Clothing,62.99,Summer,XL,Red,No,Yes,4,Weekly,3.37,Express,Debit Card
769,54,Male,Arizona,No,Skirt,Clothing,29.52,Spring,L,Pink,No,No,8,Bi-Weekly,3.87,Standard,Credit Card
770,31,Female,Montana,Yes,Dress,Clothing,24.71,Winter,XL,Pink,No,No,10,Weekly,3.4,Express,Venmo
771,23,Male,Ohio,No,Boots,Footwear,41.67,Spring,XL,Black,No,No,5,Annually,4.04,Express,PayPal
772,44,Female,Ohio,No,Sweater,Clothing,57.45,Spring,XL,Purple,No,No,8,Monthly,4.55,Express,Venmo
773,69,Female,Illinois,Yes,T-shirt,Clothing,70.72,Spring,L,Brown,No,Yes,9,Bi-Weekly,2.73,Express,Cash
774,20,Female,Florida,No,Skirt,Clothing,68.27,Winter,XL,White,No,No,9,Monthly,3.38,Express,Credit Card
775,37,Male,Washington,No,Sunglasses,Accessories,47.11,Summer,L,Red,No,No,10,Weekly,4.34,Standard,Debit Card
776,18,Male,Washington,No,Scarf,Accessories,50.06,Winter,L,Brown,No,No,4,Weekly,3.81,Express,Debit Card
777,25,Female,Illinois,Yes,Sweater,Clothing,29.14,Fall,S,Purple,Yes,No,7,Annually,3.48,Express,Credit Card
778,20,Male,Washington,Yes,Belt,Accessories,24.4,Fall,L,Green,No,No,5,Quarterly,4.08,Express,Venmo
779,57,Male,Florida,No,Boots,Footwear,53.8,Fall,M,Purple,Yes,Yes,7,Annually,4.1,Express,Credit Card
780,44,Male,Texas,Yes,Coat,Outerwear,47.57,Fall,M,Purple,Yes,No,6,Monthly,4.33,Standard,Debit Card
781,57,Male,California,No,Sneakers,Footwear,87.01,Winter,XL,White,No,Yes,9,Monthly,4.71,Express,Venmo
782,55,Female,Arizona,Yes,Jacket,Outerwear,59.98,Fall,L,Purple,No,Yes,7,Monthly,4.41,Express,Cash
783,33,Female,Washington,No,Coat,Clothing,64.55,Spring,L,Green,No,No,7,Annually,4.19,Standard,Cash
784,68,Male,Montana,No,Sandals,Footwear,30.56,Winter,S,White,No,Yes,7,Quarterly,2.86,Express,Cash
785,61,Male,New York,No,Shirt,Clothing,83.14,Summer,XL,Pink,Yes,Yes,19,Monthly,3.09,Express,Cash
786,61,Male,California,No,Jacket,Outerwear,60.33,Winter,M,Gray,No,No,27,Quarterly,3.91,Standard,PayPal
787,28,Female,New York,No,Boots,Footwear,45.06,Summer,M,Blue,Yes,Yes,23,Annually,3.67,Express,Venmo
788,59,Male,New York,No,Sneakers,Footwear,59.4,Spring,L,Red,No,No,16,Weekly,3.2,Express,Cash
789,18,Male,Georgia,No,Sandals,Footwear,90.39,Summer,M,Yellow,No,No,29,Monthly,3.54,Express,Cash
790,33,Female,New York,No,Blouse,Clothing,71.79,Summer,M,White,Yes,No,27,Bi-Weekly,3.91,Standard,PayPal
791,39,Female,Georgia,Yes,Shirt,Clothing,94.1,Winter,S,Red,No,No,23,Quarterly,4.0,Express,Credit Card
792,36,Male,California,Yes,Sunglasses,Accessories,90.99,Winter,S,Black,No,No,13,Annually,3.6,Express,Venmo
793,53,Male,Ohio,No,Sandals,Footwear,51.66,Winter,S,Green,No,No,30,Annually,4.52,Express,Cash
794,38,Male,Illinois,Yes,Coat,Clothing,52.2,Summer,M,White,No,No,15,Bi-Weekly,3.49,Express,Debit Card
795,18,Male,Montana,No,Jacket,Outerwear,50.74,Fall,S,Gray,No,Yes,28,Weekly,3.62,Express,Venmo
796,35,Male,Georgia,No,Sneakers,Footwear,87.53,Spring,M,Black,No,Yes,18,Quarterly,3.9,Express,Venmo
797,43,Male,Georgia,Yes,Skirt,Clothing,26.56,Fall,S,Black,No,No,26,Weekly,3.25,Standard,Credit Card
798,21,Male,Florida,No,Jewelry,Accessories,47.8,Summer,M,Green,No,No,24,Weekly,3.92,Express,Credit Card
799,20,Female,Washington,No,Jewelry,Accessories,85.51,Spring,XL,Purple,No,No,14,Quarterly,3.87,Express,Venmo
800,29,Female,Ohio,No,Sunglasses,Accessories,72.34,Summer,XL,Purple,No,No,21,Bi-Weekly,3.51,Express,Credit Card
801,24,Female,Washington,No,Boots,Footwear,61.65,Summer,XL,Black,No,No,26,Quarterly,4.53,Express,Cash
802,57,Male,California,Yes,Sweater,Clothing,50.52,Spring,S,Brown,No,No,28,Annually,4.21,Express,PayPal
803,70,Male,Florida,No,Jewelry,Accessories,53.96,Spring,XL,White,No,No,27,Annually,3.43,Express,PayPal
804,48,Female,Texas,Yes,Scarf,Accessories,31.79,Fall,XL,Red,Yes,No,18,Bi-Weekly,2.78,Standard,Debit Card
805,45,Female,Texas,Yes,Jacket,Outerwear,57.07,Spring,L,Purple,No,No,30,Monthly,3.65,Standard,Credit Card
806,43,Male,Washington,No,Coat,Clothing,70.34,Summer,XL,White,No,No,26,Quarterly,3.13,Express,Cash
807,49,Female,Arizona,No,Shoes,Footwear,38.32,Fall,S,Yellow,No,Yes,21,Monthly,4.17,Express,Debit Card
808,70,Male,Florida,No,Scarf,Accessories,94.01,Fall,S,Purple,Yes,No,21,Bi-Weekly,3.57,Express,Debit Card
809,63,Male,Texas,No,Shoes,Footwear,31.68,Fall,S,White,No,No,11,Weekly,3.93,Express,Venmo
810,56,Male,California,No,T-shirt,Clothing,79.19,Spring,XL,Yellow,No,No,19,Bi-Weekly,3.63,Standard,Cash
811,50,Male,Texas,Yes,T-shirt,Clothing,76.52,Fall,L,White,No,No,20,Monthly,3.32,Express,PayPal
812,38,Female,Montana,No,Scarf,Accessories,76.0,Summer,S,Red,No,No,28,Weekly,3.52,Standard,Debit Card
813,27,Male,Montana,No,T-shirt,Clothing,45.27,Winter,M,Blue,Yes,No,24,Monthly,4.37,Express,Debit Card
814,27,Male,Washington,No,Blouse,Clothing,68.89,Summer,M,Green,Yes,No,18,Weekly,4.36,Standard,Credit Card
815,49,Male,Illinois,No,Sandals,Footwear,74.87,Spring,XL,White,Yes,No,27,Bi-Weekly,3.68,Express,Debit Card
816,31,Female,New York,No,T-shirt,Clothing,82.59,Summer,M,White,No,No,24,Weekly,2.96,Express,Venmo
817,18,Male,New York,Yes,Shirt,Clothing,60.89,Fall,S,Brown,No,No,14,Annually,4.35,Express,Debit Card
818,66,Female,Arizona,No,Skirt,Clothing,58.18,Spring,S,Green,No,Yes,22,Annually,4.35,Express,Cash
819,24,Male,California,Yes,Belt,Accessories,82.24,Summer,S,Pink,No,Yes,13,Bi-Weekly,3.78,Standard,Cash
820,25,Male,Georgia,Yes,Dress,Clothing,72.73,Spring,M,Pink,No,No,27,Annually,3.52,Express,PayPal
821,33,Female,Georgia,No,Scarf,Accessories,56.37,Spring,L,Green,No,No,26,Quarterly,3.64,Express,PayPal
822,70,Male,Montana,Yes,Jacket,Outerwear,91.94,Summer,L,White,No,No,20,Bi-Weekly,3.54,Standard,Venmo
823,60,Male,Ohio,No,Hoodie,Outerwear,72.11,Summer,L,Blue,Yes,No,24,Quarterly,4.49,Express,Debit Card
824,63,Female,Washington,Yes,Shoes,Footwear,21.94,Winter,M,Black,No,No,27,Quarterly,2.99,Express,Cash
825,64,Male,Georgia,No,Coat,Clothing,54.68,Spring,S,Purple,No,No,16,Annually,3.97,Express,Venmo
826,27,Male,Texas,Yes,Pants,Clothing,47.84,Summer,M,Green,Yes,Yes,25,Bi-Weekly,3.85,Standard,Credit Card
827,18,Female,Arizona,No,Sweater,Clothing,40.04,Fall,S,Black,No,Yes,17,Weekly,4.06,Standard,PayPal
828,26,Male,Ohio,No,Scarf,Accessories,50.9,Summer,L,Yellow,No,Yes,21,Bi-Weekly,4.06,Express,Credit Card
829,26,Male,Arizona,No,Sweater,Clothing,66.2,Spring,S,Blue,No,No,25,Weekly,3.56,Express,PayPal
830,38,Male,Illinois,No,Sandals,Footwear,73.67,Winter,S,Black,No,No,25,Weekly,2.86,Express,Cash
831,29,Female,New York,No,Sunglasses,Accessories,85.63,Summer,XL,Black,No,No,17,Bi-Weekly,2.85,Express,PayPal
832,22,Male,California,Yes,Sunglasses,Accessories,26.54,Winter,L,White,No,No,21,Annually,3.98,Express,Venmo
833,41,Male,Washington,No,Blouse,Clothing,56.48,Winter,XL,Brown,Yes,No,16,Bi-Weekly,4.38,Standard,PayPal
834,61,Female,Washington,No,Hoodie,Outerwear,48.34,Spring,S,Pink,Yes,No,18,Quarterly,3.4,Standard,Debit Card
835,32,Male,Montana,No,Sweater,Clothing,48.14,Summer,M,Blue,No,No,22,Monthly,4.21,Express,Cash
836,43,Male,Georgia,Yes,Skirt,Clothing,62.71,Spring,S,White,No,No,11,Weekly,3.2,Standard,Debit Card
837,33,Male,California,Yes,Shirt,Clothing,50.86,Spring,S,Green,No,No,14,Bi-Weekly,3.73,Standard,PayPal
838,70,Male,New York,No,Jacket,Outerwear,67.54,Summer,XL,Brown,Yes,No,25,Annually,3.97,Standard,Debit Card
839,54,Male,Texas,No,Skirt,Clothing,76.18,Winter,L,White,No,No,17,Annually,3.89,Express,Credit Card
840,62,Male,Arizona,No,Jewelry,Accessories,26.67,Fall,XL,Red,No,No,26,Quarterly,2.99,Standard,Debit Card
841,22,Male,Georgia,No,Jewelry,Accessories,78.29,Fall,S,Red,No,No,23,Monthly,3.93,Express,Venmo
842,36,Female,Florida,No,Coat,Outerwear,75.7,Summer,S,Black,No,Yes,16,Weekly,3.18,Express,Cash
843,58,Male,Texas,No,Pants,Clothing,62.78,Spring,L,Red,No,Yes,23,Annually,3.31,Standard,Cash
844,46,Male,Washington,No,Hoodie,Outerwear,34.05,Fall,XL,Yellow,No,No,29,Quarterly,4.54,Express,Cash
845,21,Male,Montana,No,Skirt,Clothing,55.64,Summer,XL,Blue,Yes,No,14,Weekly,4.4,Express,Credit Card
846,18,Male,Georgia,No,Skirt,Clothing,67.22,Fall,XL,Purple,Yes,Yes,17,Weekly,4.07,Express,Venmo
847,59,Male,Washington,No,Boots,Footwear,49.61,Spring,XL,Brown,No,No,23,Bi-Weekly,3.61,Express,Venmo
848,38,Female,Georgia,Yes,Jewelry,Accessories,72.48,Spring,S,Red,No,Yes,28,Monthly,3.26,Express,Debit Card
849,68,Male,Illinois,No,Sunglasses,Accessories,56.06,Spring,L,Black,Yes,No,24,Annually,4.26,Express,Credit Card
850,19,Female,Washington,Yes,Sunglasses,Accessories,79.62,Fall,XL,Brown,No,No,13,Weekly,3.36,Express,Cash
851,32,Male,Georgia,No,Sunglasses,Accessories,90.5,Winter,S,Red,No,No,22,Monthly,4.05,Express,Cash
852,27,Male,Illinois,No,Sandals,Footwear,73.02,Fall,M,Purple,No,No,28,Annually,4.15,Express,Debit Card
853,58,Male,Montana,No,Sandals,Footwear,94.39,Summer,XL,Gray,No,No,14,Bi-Weekly,3.78,Express,Debit Card
854,32,Female,Montana,No,Shirt,Clothing,60.82,Summer,M,Gray,Yes,No,13,Quarterly,3.52,Express,Credit Card
855,52,Male,Washington,No,Scarf,Accessories,79.36,Summer,XL,Black,Yes,No,15,Annually,3.98,Express,PayPal
856,29,Female,Montana,No,T-shirt,Clothing,42.09,Spring,M,Yellow,No,Yes,11,Bi-Weekly,3.5,Standard,Venmo
857,38,Female,Texas,No,Coat,Clothing,58.63,Summer,M,Black,Yes,No,25,Weekly,3.64,Standard,Credit Card
858,24,Male,New York,No,T-shirt,Clothing,51.27,Summer,L,Gray,No,Yes,13,Monthly,2.98,Express,Venmo
859,53,Male,Washington,Yes,Coat,Clothing,58.98,Fall,XL,Black,No,No,15,Quarterly,3.81,Express,Debit Card
860,40,Male,Florida,No,Boots,Footwear,63.67,Fall,M,White,No,No,23,Bi-Weekly,3.41,Standard,Cash
861,68,Female,California,No,Coat,Clothing,63.03,Summer,S,Brown,No,No,18,Monthly,3.71,Standard,Credit Card
862,70,Male,Ohio,No,Sunglasses,Accessories,90.07,Fall,S,Pink,No,Yes,29,Quarterly,3.42,Express,Venmo
863,34,Female,Georgia,No,Sweater,Clothing,72.66,Spring,M,Black,Yes,No,12,Bi-Weekly,3.37,Express,Cash
864,27,Male,Montana,No,Jewelry,Accessories,15.0,Fall,XL,Purple,No,Yes,16,Bi-Weekly,3.51,Express,PayPal
865,59,Female,Washington,No,Blouse,Clothing,62.22,Spring,M,Purple,No,No,18,Monthly,4.23,Express,Venmo
866,22,Male,Arizona,No,Coat,Outerwear,72.27,Fall,XL,Gray,No,No,12,Quarterly,3.05,Express,PayPal
867,22,Male,Georgia,No,Sneakers,Footwear,48.94,Winter,L,Pink,No,No,22,Annually,3.34,Express,Cash
868,55,Female,Arizona,No,Skirt,Clothing,46.76,Fall,XL,Yellow,No,Yes,22,Annually,2.91,Standard,Debit Card
869,20,Female,New York,No,Sunglasses,Accessories,60.0,Summer,M,Black,No,Yes,17,Weekly,2.95,Express,Debit Card
870,57,Male,Washington,No,Belt,Accessories,59.31,Summer,M,Blue,No,No,25,Monthly,3.65,Express,PayPal
871,49,Female,Arizona,Yes,Coat,Outerwear,85.1,Summer,M,Blue,No,Yes,17,Weekly,4.01,Express,Venmo
872,30,Male,Florida,No,Shoes,Footwear,79.64,Summer,L,Purple,No,No,19,Quarterly,3.95,Express,Cash
873,51,Male,Ohio,Yes,Scarf,Accessories,36.7,Fall,L,Black,No,No,11,Bi-Weekly,4.18,Express,Credit Card
874,69,Male,New York,No,T-shirt,Clothing,67.16,Fall,XL,Blue,No,Yes,18,Quarterly,3.57,Express,PayPal
875,38,Female,Georgia,No,Scarf,Accessories,53.94,Summer,L,Yellow,No,No,26,Annually,3.61,Express,Credit Card
876,67,Female,Florida,No,Coat,Outerwear,69.92,Summer,L,Purple,No,No,25,Annually,4.28,Standard,Cash
877,23,Male,Arizona,No,Scarf,Accessories,38.6,Spring,XL,Gray,Yes,No,24,Bi-Weekly,3.52,Express,Venmo
878,59,Male,Texas,Yes,Boots,Footwear,49.4,Spring,XL,Purple,No,No,16,Quarterly,3.45,Express,Cash
879,59,Male,Florida,Yes,Hoodie,Outerwear,59.67,Summer,XL,Brown,No,No,12,Bi-Weekly,4.19,Express,Debit Card
880,50,Male,California,No,Coat,Clothing,44.11,Spring,XL,Brown,No,No,14,Monthly,3.64,Standard,Venmo
881,27,Male,Florida,No,Skirt,Clothing,104.36,Summer,XL,Gray,No,Yes,28,Annually,2.65,Express,Debit Card
882,45,Female,Arizona,No,Coat,Outerwear,98.18,Spring,XL,Yellow,No,No,23,Annually,4.12,Express,Credit Card
883,62,Female,Illinois,No,Sunglasses,Accessories,50.81,Summer,L,Pink,No,No,15,Annually,4.04,Express,Credit Card
884,51,Male,Florida,No,Coat,Clothing,44.18,Spring,L,Purple,Yes,No,13,Monthly,4.4,Standard,Venmo
885,42,Male,Florida,Yes,Belt,Accessories,46.11,Summer,M,Black,No,Yes,19,Bi-Weekly,3.86,Express,Debit Card
886,36,Male,Florida,Yes,Scarf,Accessories,28.4,Summer,M,White,No,Yes,14,Bi-Weekly,3.97,Express,Credit Card
887,67,Male,Montana,No,Sweater,Clothing,52.79,Spring,L,Brown,No,Yes,27,Weekly,3.64,Express,PayPal
888,49,Male,California,No,Coat,Clothing,57.91,Fall,M,Blue,No,Yes,25,Bi-Weekly,3.52,Express,PayPal
889,26,Female,Illinois,No,Dress,Clothing,67.97,Spring,S,Purple,No,No,13,Annually,2.78,Express,Venmo
890,18,Male,Washington,Yes,T-shirt,Clothing,39.44,Spring,S,Gray,No,No,12,Bi-Weekly,3.79,Standard,Credit Card
891,39,Male,California,No,Skirt,Clothing,90.43,Summer,XL,Green,No,No,26,Annually,4.42,Express,Debit Card
892,26,Male,Georgia,No,Sunglasses,Accessories,77.57,Summer,XL,Purple,Yes,No,23,Weekly,4.32,Express,Venmo
893,59,Female,Georgia,No,Dress,Clothing,90.42,Spring,M,Pink,Yes,No,11,Quarterly,3.49,Express,Cash
894,49,Male,New York,No,Shirt,Clothing,88.07,Fall,L,Pink,No,Yes,26,Bi-Weekly,3.17,Express,Debit Card
895,62,Male,Illinois,Yes,Pants,Clothing,30.11,Winter,S,Brown,No,Yes,28,Weekly,3.23,Express,Debit Card
896,40,Male,California,No,Blouse,Clothing,85.38,Summer,M,Black,No,No,16,Bi-Weekly,4.08,Express,Venmo
897,40,Female,Georgia,No,Sneakers,Footwear,73.63,Summer,XL,Brown,No,No,16,Quarterly,3.79,Express,Credit Card
898,51,Female,New York,No,Blouse,Clothing,57.41,Winter,S,Black,Yes,No,27,Bi-Weekly,3.82,Express,Cash
899,58,Male,California,No,Coat,Outerwear,79.47,Spring,XL,White,Yes,No,25,Bi-Weekly,3.29,Standard,Credit Card
900,38,Female,Georgia,No,Jacket,Outerwear,57.55,Summer,M,Green,No,No,24,Annually,3.89,Express,Debit Card
901,49,Male,Illinois,Yes,Boots,Footwear,107.48,Winter,XL,Red,No,No,17,Monthly,3.69,Standard,Cash
902,64,Male,California,No,Sandals,Footwear,54.3,Summer,L,Pink,No,No,27,Annually,3.04,Standard,PayPal
903,19,Female,Texas,Yes,Shoes,Footwear,43.85,Fall,S,Brown,No,No,24,Weekly,3.86,Express,Credit Card
904,29,Male,Florida,No,Jewelry,Accessories,39.11,Summer,S,White,No,No,28,Quarterly,4.16,Standard,PayPal
905,37,Female,Texas,No,Jacket,Outerwear,62.91,Fall,XL,Blue,Yes,No,12,Quarterly,3.96,Standard,Debit Card
906,22,Male,Washington,No,Coat,Outerwear,28.36,Summer,XL,White,No,No,28,Bi-Weekly,3.03,Express,Venmo
907,36,Female,Montana,Yes,Jewelry,Accessories,43.74,Spring,L,Brown,Yes,No,13,Monthly,3.59,Standard,Debit Card
908,31,Male,Arizona,Yes,Jewelry,Accessories,30.98,Summer,L,Purple,No,No,22,Monthly,2.79,Express,PayPal
909,57,Male,California,No,Sneakers,Footwear,60.12,Summer,M,White,Yes,No,12,Weekly,3.79,Standard,Cash
910,20,Male,Florida,No,Scarf,Accessories,15.0,Summer,L,Yellow,No,Yes,22,Weekly,3.2,Standard,Credit Card
911,38,Male,Texas,No,Belt,Accessories,73.49,Spring,XL,Black,Yes,No,12,Quarterly,3.58,Express,Credit Card
912,53,Male,Arizona,No,Sunglasses,Accessories,72.5,Fall,XL,Yellow,No,Yes,17,Quarterly,4.29,Express,Debit Card
913,22,Male,California,Yes,Pants,Clothing,103.23,Summer,M,Blue,No,No,23,Quarterly,3.57,Standard,Venmo
914,65,Male,Ohio,Yes,Jewelry,Accessories,93.71,Fall,L,Black,Yes,Yes,14,Bi-Weekly,3.97,Express,Cash
915,40,Male,Texas,No,Shirt,Clothing,56.5,Summer,XL,Yellow,No,No,15,Annually,3.83,Standard,Cash
916,34,Male,Washington,No,T-shirt,Clothing,22.04,Spring,XL,Gray,No,No,29,Quarterly,3.91,Express,Debit Card
917,23,Female,New York,No,Coat,Clothing,37.38,Fall,L,Yellow,No,Yes,27,Weekly,2.95,Express,Cash
918,47,Male,Florida,No,Scarf,Accessories,48.54,Summer,XL,Purple,Yes,No,19,Annually,3.45,Standard,PayPal
919,48,Male,Georgia,No,Dress,Clothing,76.29,Fall,M,Blue,Yes,Yes,26,Quarterly,4.45,Standard,Debit Card
920,48,Male,Florida,No,Sneakers,Footwear,45.45,Spring,XL,White,No,No,23,Weekly,3.88,Express,Debit Card
921,18,Female,New York,Yes,Skirt,Clothing,86.38,Spring,S,Gray,No,No,26,Annually,3.74,Express,Venmo
922,67,Female,Montana,Yes,Sweater,Clothing,64.97,Winter,L,Black,No,No,13,Bi-Weekly,3.86,Express,Debit Card
923,56,Female,Montana,Yes,Dress,Clothing,49.97,Winter,S,Red,No,Yes,27,Quarterly,3.87,Standard,PayPal
924,67,Female,Washington,No,Skirt,Clothing,59.0,Spring,S,Yellow,Yes,No,12,Monthly,4.01,Express,Cash
925,48,Male,Florida,Yes,Scarf,Accessories,102.99,Spring,XL,Green,No,Yes,14,Quarterly,3.67,Standard,Cash
926,53,Male,Montana,No,Belt,Accessories,110.0,Winter,L,Pink,No,Yes,11,Monthly,4.15,Standard,Cash
927,49,Male,Texas,Yes,Coat,Outerwear,75.04,Fall,S,Brown,Yes,No,29,Monthly,4.02,Standard,PayPal
928,51,Male,Arizona,No,Belt,Accessories,26.16,Fall,L,Gray,No,No,14,Bi-Weekly,3.35,Express,Cash
929,32,Male,Florida,No,Dress,Clothing,67.15,Summer,L,Gray,No,No,11,Quarterly,4.81,Express,Venmo
930,61,Female,Georgia,No,Boots,Footwear,27.63,Summer,XL,Black,Yes,No,16,Bi-Weekly,3.56,Express,Credit Card
931,67,Female,California,Yes,T-shirt,Clothing,99.84,Summer,L,Yellow,Yes,Yes,18,Weekly,5.0,Express,Venmo
932,70,Male,California,No,Sandals,Footwear,54.83,Summer,XL,Green,Yes,Yes,26,Quarterly,3.66,Express,Debit Card
933,56,Male,Georgia,No,Sandals,Footwear,74.61,Spring,M,Green,No,Yes,16,Annually,3.56,Express,Debit Card
934,25,Female,Montana,No,Hoodie,Outerwear,67.28,Spring,XL,Black,No,No,17,Weekly,3.58,Express,Debit Card
935,50,Male,Texas,No,T-shirt,Clothing,32.32,Spring,S,White,Yes,No,18,Bi-Weekly,4.82,Express,Debit Card
936,59,Female,Arizona,No,Shoes,Footwear,54.96,Summer,L,Pink,No,No,25,Weekly,3.66,Standard,Cash
937,68,Male,California,No,Sunglasses,Accessories,55.49,Summer,XL,Yellow,No,No,14,Bi-Weekly,3.45,Express,Debit Card
938,40,Female,Washington,Yes,Belt,Accessories,67.34,Summer,S,Purple,Yes,No,23,Monthly,3.75,Standard,Debit Card
939,55,Male,Washington,No,Sunglasses,Accessories,35.98,Spring,M,Blue,No,No,15,Annually,3.44,Express,Debit Card
940,65,Male,California,Yes,Jewelry,Accessories,80.34,Spring,M,Purple,No,Yes,16,Monthly,3.88,Express,Venmo
941,40,Male,Montana,Yes,Jewelry,Accessories,36.06,Summer,S,Green,No,No,25,Bi-Weekly,4.53,Express,Debit Card
942,36,Female,Georgia,No,Jacket,Outerwear,69.42,Spring,M,Gray,No,No,17,Annually,3.91,Standard,Credit Card
943,26,Male,Arizona,Yes,Sweater,Clothing,73.17,Fall,M,Purple,Yes,No,30,Annually,2.81,Express,Venmo
944,22,Female,Texas,No,Jewelry,Accessories,68.41,Spring,XL,Gray,No,No,27,Annually,3.71,Express,PayPal
945,20,Male,New York,Yes,Sunglasses,Accessories,37.33,Summer,M,Black,Yes,No,16,Bi-Weekly,4.0,Standard,Venmo
946,60,Male,Florida,No,Jewelry,Accessories,78.54,Summer,S,Black,Yes,No,26,Weekly,2.31,Express,Credit Card
947,62,Male,Texas,No,Shirt,Clothing,50.36,Summer,M,Purple,Yes,No,26,Monthly,3.42,Standard,Debit Card
948,48,Female,Georgia,No,Dress,Clothing,35.88,Fall,M,Purple,No,No,29,Quarterly,3.59,Standard,Debit Card
949,34,Male,Florida,No,Shoes,Footwear,41.89,Summer,L,Pink,No,No,29,Annually,3.57,Express,Venmo
950,69,Male,Ohio,No,Jewelry,Accessories,58.84,Fall,XL,Brown,No,No,21,Monthly,3.82,Standard,Debit Card
951,52,Male,Arizona,No,T-shirt,Clothing,84.52,Spring,XL,Yellow,No,No,13,Quarterly,4.53,Express,Cash
952,30,Male,Texas,Yes,Jacket,Outerwear,53.9,Spring,L,Gray,No,No,28,Weekly,4.23,Express,Cash
953,20,Male,California,No,Hoodie,Outerwear,65.66,Spring,L,Purple,No,No,27,Annually,3.46,Express,PayPal
954,26,Female,Washington,No,Coat,Outerwear,50.56,Summer,S,Gray,No,No,18,Quarterly,4.52,Express,PayPal
955,62,Male,Ohio,Yes,Dress,Clothing,94.97,Fall,S,Purple,No,No,17,Annually,3.91,Express,Credit Card
956,31,Male,Florida,No,Belt,Accessories,88.34,Fall,S,Pink,No,No,25,Monthly,3.72,Standard,Credit Card
957,61,Male,Washington,No,Jacket,Outerwear,36.63,Fall,S,White,No,Yes,13,Weekly,3.52,Standard,Debit Card
958,33,Male,Georgia,No,Pants,Clothing,49.11,Winter,M,Gray,Yes,No,21,Monthly,3.47,Standard,Debit Card
959,69,Female,Montana,No,Jewelry,Accessories,80.57,Winter,XL,Yellow,No,No,12,Bi-Weekly,3.55,Standard,Credit Card
960,23,Male,Texas,No,Hoodie,Outerwear,20.35,Winter,XL,Purple,Yes,No,16,Annually,3.51,Express,Debit Card
961,49,Female,New York,Yes,Skirt,Clothing,56.53,Fall,L,Pink,No,No,29,Quarterly,3.32,Express,Credit Card
962,52,Male,Washington,No,Coat,Clothing,79.62,Summer,L,Red,No,Yes,15,Monthly,4.15,Express,Venmo
963,65,Male,Illinois,No,Scarf,Accessories,69.75,Winter,XL,Brown,Yes,No,17,Annually,4.3,Express,Venmo
964,21,Male,Washington,Yes,Hoodie,Outerwear,71.92,Fall,M,Gray,No,No,22,Quarterly,3.6,Standard,Venmo
965,70,Female,Washington,No,Scarf,Accessories,74.29,Spring,M,Purple,Yes,No,26,Annually,4.46,Standard,Venmo
966,41,Female,California,No,Scarf,Accessories,55.07,Winter,M,Blue,No,Yes,18,Bi-Weekly,4.07,Express,Venmo
967,57,Male,Montana,No,Coat,Outerwear,54.81,Fall,L,Green,No,No,17,Quarterly,3.64,Express,Venmo
968,26,Male,Illinois,No,Coat,Outerwear,71.7,Fall,L,Gray,Yes,No,28,Bi-Weekly,3.61,Express,Venmo
969,54,Male,Texas,No,Hoodie,Outerwear,54.05,Spring,S,Pink,No,Yes,27,Annually,3.77,Express,Debit Card
970,22,Male,Ohio,No,Jewelry,Accessories,19.74,Spring,L,Black,No,Yes,29,Weekly,3.4,Express,Cash
971,58,Male,Texas,No,Hoodie,Outerwear,79.54,Winter,XL,Green,No,No,21,Monthly,3.58,Express,Credit Card
972,69,Male,Florida,No,Skirt,Clothing,81.15,Spring,XL,Black,No,No,13,Weekly,3.52,Standard,Venmo
973,54,Male,Texas,No,Pants,Clothing,47.97,Summer,L,Yellow,Yes,No,17,Weekly,3.32,Express,Credit Card
974,27,Male,Georgia,No,Coat,Outerwear,110.0,Winter,M,Purple,No,No,22,Bi-Weekly,3.68,Express,Cash
975,23,Female,Illinois,Yes,Jacket,Outerwear,68.23,Fall,XL,Black,Yes,Yes,24,Annually,3.9,Standard,Cash
976,39,Female,Illinois,Yes,Pants,Clothing,57.69,Winter,L,Gray,No,No,27,Monthly,3.47,Express,PayPal
977,18,Male,Montana,No,Jacket,Outerwear,50.09,Winter,XL,Brown,No,No,18,Bi-Weekly,3.42,Express,Debit Card
978,69,Male,Texas,No,Boots,Footwear,75.55,Spring,XL,Pink,No,No,23,Weekly,2.9,Express,PayPal
979,30,Male,Montana,No,Boots,Footwear,47.87,Summer,L,White,No,No,22,Annually,3.34,Express,Debit Card
980,48,Female,Arizona,No,Skirt,Clothing,16.21,Summer,XL,Red,No,No,26,Quarterly,4.11,Express,Credit Card
981,23,Female,Texas,No,Jacket,Outerwear,50.37,Summer,M,Red,No,Yes,20,Bi-Weekly,3.49,Standard,Debit Card
982,53,Female,Arizona,No,Sweater,Clothing,49.51,Summer,L,Brown,No,No,17,Monthly,3.7,Express,Cash
983,24,Male,Florida,No,Sunglasses,Accessories,69.27,Summer,M,Gray,No,Yes,13,Weekly,4.34,Express,Venmo
984,37,Male,Washington,No,Sandals,Footwear,47.8,Summer,S,Black,No,Yes,21,Annually,3.69,Express,Debit Card
985,54,Female,California,No,Blouse,Clothing,72.87,Winter,S,Pink,No,No,30,Annually,5.0,Standard,Debit Card
986,66,Male,Arizona,No,Sunglasses,Accessories,71.41,Summer,L,Blue,Yes,No,23,Monthly,3.86,Express,Credit Card
987,32,Female,New York,Yes,Hoodie,Outerwear,64.18,Fall,S,Pink,Yes,No,16,Annually,3.62,Express,Cash
988,48,Male,Georgia,No,Dress,Clothing,57.94,Winter,M,Black,No,No,12,Bi-Weekly,4.3,Express,Venmo
989,19,Male,New York,No,Hoodie,Outerwear,64.94,Spring,S,Red,No,Yes,22,Quarterly,4.59,Standard,Credit Card
990,40,Female,Illinois,No,Belt,Accessories,24.41,Winter,M,Blue,Yes,No,15,Annually,3.99,Express,PayPal
991,68,Male,Florida,No,Shirt,Clothing,37.52,Winter,M,Yellow,No,No,14,Weekly,3.27,Express,Venmo
992,53,Female,California,No,Sneakers,Footwear,20.49,Winter,L,Black,No,Yes,30,Annually,2.97,Express,Venmo
993,20,Female,New York,Yes,Pants,Clothing,62.9,Summer,L,Yellow,No,Yes,25,Weekly,3.58,Express,Credit Card
994,62,Male,Ohio,Yes,Skirt,Clothing,42.67,Spring,M,Pink,Yes,No,20,Monthly,4.62,Express,PayPal
995,29,Male,Georgia,No,Coat,Outerwear,49.6,Summer,L,Purple,No,Yes,11,Monthly,4.02,Standard,Credit Card
996,61,Male,Arizona,No,Dress,Clothing,48.44,Winter,XL,Yellow,Yes,Yes,29,Bi-Weekly,3.23,Express,Credit Card
997,70,Female,Ohio,No,Skirt,Clothing,65.6,Fall,S,Green,No,No,24,Weekly,2.92,Express,Venmo
998,31,Male,Illinois,No,Belt,Accessories,43.32,Summer,M,White,No,No,24,Bi-Weekly,3.38,Express,Venmo
999,45,Male,Florida,Yes,Boots,Footwear,105.9,Winter,L,Green,No,No,29,Annually,3.85,Standard,PayPal
1000,29,Male,Illinois,No,Sweater,Clothing,62.63,Spring,S,Purple,No,No,25,Weekly,4.06,Standard,Debit Card
1001,30,Male,Illinois,No,Coat,Outerwear,40.15,Fall,M,Red,No,No,15,Monthly,3.56,Express,Credit Card
1002,57,Female,Illinois,Yes,T-shirt,Clothing,63.91,Winter,M,Yellow,No,Yes,21,Annually,3.06,Standard,PayPal
1003,40,Female,Montana,Yes,Belt,Accessories,76.18,Fall,XL,Blue,No,Yes,13,Weekly,3.16,Express,Credit Card
1004,50,Male,California,Yes,Sneakers,Footwear,74.96,Winter,XL,Black,No,No,24,Bi-Weekly,3.49,Express,Credit Card
1005,52,Male,Montana,No,T-shirt,Clothing,72.28,Spring,S,Blue,No,Yes,14,Weekly,3.89,Standard,Cash
1006,42,Male,Ohio,No,Sandals,Footwear,19.07,Winter,S,Blue,No,No,12,Bi-Weekly,3.37,Standard,Cash
1007,18,Male,California,No,Coat,Outerwear,53.83,Winter,S,Black,No,Yes,11,Weekly,3.34,Express,PayPal
1008,61,Male,Arizona,No,Scarf,Accessories,60.41,Spring,S,Pink,No,No,24,Quarterly,4.13,Standard,PayPal
1009,65,Male,Ohio,No,Scarf,Accessories,101.73,Summer,M,Green,No,No,16,Quarterly,2.95,Express,Cash
1010,52,Male,Ohio,No,Jacket,Outerwear,62.53,Summer,L,Yellow,Yes,No,23,Quarterly,2.98,Standard,Venmo
1011,22,Male,Illinois,Yes,Sandals,Footwear,62.28,Summer,M,Black,No,No,20,Weekly,3.44,Express,Credit Card
1012,51,Male,Washington,No,Coat,Outerwear,52.08,Summer,M,Black,No,Yes,29,Weekly,3.88,Express,Debit Card
1013,23,Female,Georgia,No,Pants,Clothing,34.25,Spring,S,Black,No,No,25,Annually,4.49,Express,Venmo
1014,35,Female,Georgia,No,Pants,Clothing,46.23,Spring,L,Red,No,No,23,Bi-Weekly,4.44,Express,Cash
1015,40,Male,Montana,No,Coat,Clothing,63.12,Fall,L,White,Yes,No,23,Annually,2.85,Standard,Cash
1016,42,Male,Florida,Yes,Jewelry,Accessories,63.67,Fall,L,Red,No,No,23,Annually,3.04,Standard,Credit Card
1017,28,Female,Arizona,No,Jewelry,Accessories,52.24,Fall,XL,Purple,No,No,21,Weekly,4.07,Express,Debit Card
1018,37,Female,Texas,No,Scarf,Accessories,80.19,Fall,S,Red,No,Yes,24,Bi-Weekly,3.51,Express,Venmo
1019,33,Female,Ohio,Yes,Coat,Clothing,87.29,Winter,S,Purple,No,No,23,Quarterly,3.55,Standard,Venmo
1020,46,Male,New York,No,Jewelry,Accessories,69.55,Winter,S,Purple,No,No,24,Weekly,3.49,Standard,Cash
1021,55,Female,Georgia,No,Belt,Accessories,27.4,Spring,XL,White,No,No,30,Bi-Weekly,4.38,Express,Debit Card
1022,60,Female,Ohio,No,Sneakers,Footwear,93.03,Winter,S,Green,No,No,11,Monthly,3.88,Express,PayPal
1023,63,Male,Georgia,Yes,Boots,Footwear,28.53,Winter,S,White,No,No,25,Annually,3.69,Express,Cash
1024,59,Male,Ohio,No,Belt,Accessories,74.79,Summer,S,Red,No,Yes,14,Quarterly,3.36,Express,Credit Card
1025,51,Female,Georgia,No,Shirt,Clothing,19.66,Spring,XL,Brown,No,No,27,Quarterly,3.56,Standard,Venmo
1026,24,Male,Illinois,No,Sneakers,Footwear,71.36,Summer,XL,Gray,No,No,20,Weekly,3.09,Standard,Debit Card
1027,40,Male,Georgia,Yes,Coat,Clothing,56.6,Fall,M,Gray,No,No,14,Weekly,4.31,Express,Cash
1028,53,Male,Georgia,No,Sneakers,Footwear,53.02,Fall,S,Yellow,No,No,21,Weekly,4.11,Express,Venmo
1029,35,Female,Texas,No,Shirt,Clothing,21.28,Fall,L,Black,No,No,30,Quarterly,3.24,Express,Debit Card
1030,44,Male,Texas,Yes,Sunglasses,Accessories,52.1,Winter,M,Pink,Yes,No,17,Monthly,3.77,Express,Venmo
1031,51,Female,Montana,Yes,Scarf,Accessories,64.08,Summer,L,Pink,No,No,22,Monthly,3.46,Standard,Credit Card
1032,31,Male,California,No,Skirt,Clothing,77.5,Spring,L,Purple,Yes,Yes,22,Bi-Weekly,4.01,Express,Debit Card
1033,56,Male,Montana,No,Skirt,Clothing,69.87,Winter,L,Pink,No,No,28,Bi-Weekly,4.71,Express,Venmo
1034,55,Female,Georgia,No,Sunglasses,Accessories,42.63,Winter,S,White,No,No,20,Bi-Weekly,3.76,Standard,Credit Card
1035,25,Male,Ohio,No,Shirt,Clothing,31.88,Fall,L,Green,No,No,13,Weekly,3.75,Standard,Cash
1036,66,Male,Georgia,No,Coat,Outerwear,47.46,Winter,S,Brown,No,No,18,Monthly,4.42,Express,PayPal
1037,64,Female,Montana,Yes,Jewelry,Accessories,53.39,Winter,M,Blue,No,No,28,Quarterly,3.82,Express,PayPal
1038,39,Female,Washington,No,Sunglasses,Accessories,75.91,Spring,M,Red,No,No,14,Annually,3.8,Express,Debit Card
1039,23,Male,Montana,No,Sunglasses,Accessories,88.71,Fall,L,Green,No,No,23,Weekly,3.56,Express,Debit Card
1040,40,Male,New York,No,Blouse,Clothing,80.71,Spring,M,Gray,No,No,24,Weekly,3.68,Standard,PayPal
1041,58,Male,Florida,No,Shoes,Footwear,64.52,Summer,XL,Red,Yes,Yes,11,Monthly,3.04,Standard,Credit Card
1042,19,Male,California,No,Jewelry,Accessories,51.87,Fall,M,Blue,No,No,26,Bi-Weekly,3.4,Standard,Debit Card
1043,56,Male,Ohio,No,Sandals,Footwear,60.21,Fall,S,Purple,No,No,28,Monthly,3.94,Express,Venmo
1044,28,Male,Florida,No,Pants,Clothing,58.99,Spring,L,Green,Yes,No,23,Quarterly,4.93,Express,Cash
1045,45,Male,Texas,No,Sneakers,Footwear,53.51,Summer,M,Blue,No,No,14,Weekly,4.04,Standard,Cash
1046,26,Male,Montana,Yes,Sneakers,Footwear,49.24,Winter,XL,White,No,No,14,Bi-Weekly,4.32,Express,Cash
1047,26,Female,Arizona,No,Hoodie,Outerwear,15.0,Summer,M,Green,Yes,Yes,27,Monthly,4.0,Standard,Venmo
1048,52,Male,Arizona,Yes,Jacket,Outerwear,66.18,Summer,L,Gray,No,No,27,Bi-Weekly,4.73,Standard,Debit Card
1049,35,Male,New York,No,Sunglasses,Accessories,73.89,Winter,XL,Gray,No,Yes,11,Bi-Weekly,3.72,Standard,Debit Card
1050,47,Male,Arizona,No,Shoes,Footwear,95.29,Summer,M,Gray,No,No,29,Bi-Weekly,3.67,Express,Venmo
1051,19,Male,New York,No,Sneakers,Footwear,68.65,Fall,M,Gray,Yes,No,24,Monthly,3.87,Express,Cash
1052,20,Female,Montana,No,Jacket,Outerwear,79.31,Winter,S,Red,Yes,Yes,14,Monthly,3.69,Express,Venmo
1053,32,Male,Texas,No,Sweater,Clothing,69.11,Winter,L,Yellow,No,No,11,Bi-Weekly,3.88,Express,Credit Card
1054,45,Male,Ohio,No,Dress,Clothing,47.17,Fall,S,Red,No,No,17,Annually,4.32,Standard,Cash
1055,68,Female,Illinois,No,Coat,Outerwear,84.14,Summer,L,Brown,Yes,No,15,Weekly,4.52,Express,PayPal
1056,64,Female,Illinois,No,Sandals,Footwear,65.37,Fall,M,Blue,Yes,No,14,Quarterly,4.0,Express,Venmo
1057,41,Female,Washington,No,Boots,Footwear,54.86,Spring,XL,Brown,No,No,15,Monthly,3.68,Express,Venmo
1058,37,Male,Texas,No,Sneakers,Footwear,37.81,Summer,S,Black,No,No,23,Weekly,3.03,Express,Credit Card
1059,36,Male,Arizona,Yes,Coat,Outerwear,68.9,Winter,XL,Yellow,No,No,15,Annually,3.66,Express,Cash
1060,31,Male,Montana,No,Skirt,Clothing,19.82,Summer,L,Black,No,Yes,22,Annually,3.77,Express,Venmo
1061,48,Male,Montana,No,Shirt,Clothing,87.61,Fall,S,Black,No,No,19,Annually,3.03,Express,Credit Card
1062,20,Male,Illinois,No,Sweater,Clothing,40.68,Spring,L,Red,No,No,23,Annually,3.68,Express,Credit Card
1063,42,Female,Texas,Yes,Hoodie,Outerwear,57.85,Spring,S,White,No,Yes,23,Weekly,3.63,Express,PayPal
1064,38,Male,California,Yes,Dress,Clothing,51.02,Summer,XL,Green,No,Yes,13,Annually,3.43,Express,PayPal
1065,43,Male,Washington,No,Sunglasses,Accessories,110.0,Summer,M,White,No,No,18,Annually,3.15,Express,Credit Card
1066,65,Male,Ohio,No,T-shirt,Clothing,23.51,Winter,M,Green,No,Yes,12,Weekly,4.42,Express,Venmo
1067,66,Male,New York,No,Jewelry,Accessories,23.97,Summer,XL,Blue,Yes,No,23,Quarterly,4.06,Express,Cash
1068,54,Male,New York,Yes,Blouse,Clothing,74.46,Fall,L,Yellow,No,No,13,Monthly,3.3,Express,Debit Card
1069,63,Female,Washington,No,Skirt,Clothing,59.37,Summer,S,Blue,No,No,19,Monthly,4.01,Express,Venmo
1070,64,Female,California,No,Sunglasses,Accessories,80.37,Fall,M,Yellow,No,Yes,17,Monthly,3.65,Express,PayPal
1071,56,Female,Illinois,No,Jacket,Outerwear,89.78,Summer,S,Gray,No,No,25,Annually,3.94,Standard,Cash
1072,45,Male,California,Yes,Sweater,Clothing,95.35,Fall,XL,Yellow,No,Yes,11,Quarterly,2.78,Express,Debit Card
1073,55,Male,New York,No,Jacket,Outerwear,54.45,Winter,L,Green,Yes,No,21,Annually,4.13,Express,PayPal
1074,28,Male,Texas,No,Coat,Clothing,24.84,Winter,S,Gray,No,Yes,29,Annually,3.5,Express,Debit Card
1075,68,Female,Georgia,No,Scarf,Accessories,45.61,Summer,XL,Green,Yes,No,20,Quarterly,3.17,Express,Cash
1076,21,Male,Ohio,No,Dress,Clothing,95.24,Fall,S,Gray,No,No,30,Monthly,3.9,Express,Debit Card
1077,41,Male,Texas,No,Shirt,Clothing,57.82,Winter,XL,Yellow,No,No,24,Weekly,3.98,Express,Debit Card
1078,35,Male,New York,Yes,Hoodie,Outerwear,43.73,Fall,M,Gray,No,No,28,Quarterly,3.98,Express,Debit Card
1079,19,Male,Illinois,No,Sneakers,Footwear,22.37,Spring,XL,Yellow,No,No,18,Quarterly,3.93,Express,Credit Card
1080,69,Female,New York,No,Belt,Accessories,65.69,Winter,M,Pink,No,No,22,Weekly,3.87,Express,Cash
1081,19,Male,Ohio,Yes,Sweater,Clothing,54.73,Winter,M,Red,No,Yes,11,Annually,3.81,Express,Cash
1082,58,Male,Ohio,Yes,Sandals,Footwear,15.0,Winter,M,Pink,No,No,16,Weekly,3.71,Express,Venmo
1083,43,Male,Montana,No,Coat,Outerwear,52.9,Winter,M,Pink,No,Yes,13,Bi-Weekly,3.91,Express,PayPal
1084,35,Male,Florida,Yes,Shoes,Footwear,63.59,Fall,S,Purple,No,No,11,Bi-Weekly,3.05,Express,Debit Card
1085,24,Female,Florida,No,Sunglasses,Accessories,50.12,Winter,L,Purple,No,No,15,Annually,4.6,Standard,Venmo
1086,51,Male,Arizona,No,Skirt,Clothing,84.25,Fall,XL,Gray,No,No,29,Annually,4.02,Express,Venmo
1087,51,Female,New York,No,Shoes,Footwear,45.03,Winter,S,Black,Yes,No,14,Monthly,3.96,Express,Cash
1088,37,Male,Ohio,No,Sandals,Footwear,83.38,Spring,S,Brown,No,No,19,Monthly,4.63,Standard,Venmo
1089,68,Male,Arizona,No,Shirt,Clothing,48.21,Fall,M,Brown,No,No,28,Annually,4.02,Express,Debit Card
1090,18,Male,California,No,Shirt,Clothing,63.97,Spring,XL,Gray,Yes,Yes,22,Quarterly,3.32,Express,Debit Card
1091,62,Male,Illinois,No,Shirt,Clothing,39.07,Fall,S,Gray,No,No,30,Bi-Weekly,3.84,Express,Debit Card
1092,24,Female,California,No,Sunglasses,Accessories,57.77,Fall,M,Yellow,Yes,Yes,27,Quarterly,3.6,Express,Debit Card
1093,43,Male,California,Yes,Jacket,Outerwear,63.96,Winter,M,Green,No,No,11,Bi-Weekly,3.82,Express,Cash
1094,27,Male,Montana,Yes,Sandals,Footwear,42.96,Winter,M,Gray,No,No,16,Quarterly,3.21,Express,PayPal
1095,57,Male,Arizona,No,Scarf,Accessories,54.55,Spring,XL,Purple,No,No,25,Weekly,3.94,Express,Credit Card
1096,32,Male,Florida,No,Jacket,Outerwear,15.0,Fall,S,Black,No,No,16,Bi-Weekly,3.74,Express,PayPal
1097,27,Male,Washington,No,Pants,Clothing,50.37,Winter,XL,Yellow,Yes,No,17,Monthly,3.65,Express,Debit Card
1098,53,Male,Texas,Yes,Dress,Clothing,33.03,Fall,XL,Green,No,No,25,Monthly,4.17,Express,PayPal
1099,63,Male,Washington,Yes,Dress,Clothing,25.53,Fall,L,Black,No,No,17,Bi-Weekly,4.02,Express,PayPal
1100,69,Female,Florida,No,Sneakers,Footwear,90.46,Winter,L,Brown,Yes,Yes,30,Weekly,3.13,Express,Credit Card
1101,20,Male,Illinois,No,Jewelry,Accessories,72.59,Summer,S,Red,No,No,18,Bi-Weekly,3.58,Express,Debit Card
1102,53,Male,Illinois,No,Jewelry,Accessories,81.28,Summer,S,Purple,Yes,Yes,25,Annually,3.74,Express,PayPal
1103,61,Female,Texas,No,Pants,Clothing,82.71,Winter,L,Brown,No,No,16,Quarterly,4.0,Standard,Debit Card
1104,47,Male,Ohio,No,Shoes,Footwear,59.33,Spring,M,Green,No,No,20,Bi-Weekly,3.41,Express,Credit Card
1105,39,Female,Illinois,No,Scarf,Accessories,69.17,Summer,S,Yellow,No,Yes,13,Weekly,3.4,Standard,Debit Card
1106,58,Male,Washington,Yes,Pants,Clothing,98.02,Spring,S,White,No,Yes,24,Weekly,3.77,Express,Credit Card
1107,53,Male,Texas,No,Sweater,Clothing,107.81,Spring,M,Black,No,No,19,Monthly,4.0,Express,Debit Card
1108,56,Male,Montana,Yes,Blouse,Clothing,79.51,Winter,L,Yellow,No,Yes,21,Quarterly,3.71,Express,Debit Card
1109,48,Male,Illinois,Yes,Sandals,Footwear,46.51,Winter,S,Yellow,No,No,23,Weekly,3.52,Standard,Debit Card
1110,69,Female,Georgia,No,Belt,Accessories,65.61,Winter,S,Yellow,No,No,11,Weekly,3.58,Express,PayPal
1111,33,Female,Washington,Yes,Pants,Clothing,71.8,Spring,XL,Pink,No,Yes,25,Monthly,3.68,Standard,Debit Card
1112,60,Female,Illinois,No,Dress,Clothing,75.44,Fall,S,White,No,No,12,Monthly,3.88,Express,Debit Card
1113,57,Male,California,Yes,Shirt,Clothing,63.31,Spring,L,Red,No,No,17,Weekly,4.07,Express,PayPal
1114,52,Male,Georgia,Yes,Boots,Footwear,51.87,Spring,L,Green,Yes,No,12,Bi-Weekly,4.09,Express,PayPal
1115,57,Female,Texas,No,Dress,Clothing,57.98,Fall,L,Red,Yes,No,25,Monthly,2.72,Express,Debit Card
1116,48,Female,Illinois,No,Sunglasses,Accessories,57.43,Winter,S,Yellow,No,No,15,Annually,4.45,Express,Debit Card
1117,67,Male,Washington,No,Shoes,Footwear,47.37,Spring,L,Gray,No,No,21,Annually,4.12,Express,Venmo
1118,58,Female,California,No,Coat,Clothing,27.5,Fall,XL,Blue,Yes,No,28,Monthly,3.83,Express,Debit Card
1119,53,Male,California,No,Skirt,Clothing,87.68,Summer,M,Pink,No,No,21,Quarterly,3.28,Express,PayPal
1120,27,Male,Georgia,No,Scarf,Accessories,55.24,Spring,L,Black,No,No,17,Quarterly,3.63,Express,PayPal
1121,20,Female,Illinois,No,Blouse,Clothing,63.72,Winter,S,Pink,Yes,No,18,Quarterly,3.51,Express,Credit Card
1122,29,Male,Washington,Yes,Jewelry,Accessories,43.02,Winter,M,Red,No,No,12,Quarterly,3.76,Standard,Cash
1123,64,Female,Ohio,No,Pants,Clothing,65.41,Summer,XL,Gray,No,No,19,Monthly,3.91,Express,Debit Card
1124,42,Male,Georgia,No,Sandals,Footwear,40.46,Winter,M,White,No,No,24,Monthly,4.41,Express,Venmo
1125,56,Male,Washington,No,Sneakers,Footwear,106.26,Spring,L,Brown,No,No,22,Monthly,3.95,Express,Venmo
1126,43,Male,Washington,No,Coat,Clothing,70.79,Spring,XL,Red,No,Yes,17,Weekly,3.07,Express,Venmo
1127,25,Female,New York,No,Jacket,Outerwear,55.23,Spring,XL,Red,No,No,25,Monthly,2.9,Express,Debit Card
1128,56,Female,Ohio,No,Shirt,Clothing,69.26,Winter,S,Purple,No,No,26,Bi-Weekly,3.14,Express,PayPal
1129,19,Male,Arizona,No,Sunglasses,Accessories,79.23,Summer,M,White,No,No,27,Quarterly,3.31,Express,PayPal
1130,68,Female,Ohio,No,Jewelry,Accessories,67.18,Fall,XL,Green,No,No,26,Weekly,4.35,Express,Cash
1131,22,Male,Ohio,No,Sunglasses,Accessories,75.06,Winter,XL,Yellow,No,No,14,Monthly,4.18,Express,Debit Card
1132,44,Male,Washington,Yes,Hoodie,Outerwear,16.15,Winter,M,White,No,No,23,Quarterly,3.71,Express,Venmo
1133,62,Male,Arizona,No,Jacket,Outerwear,110.0,Winter,XL,White,Yes,No,11,Bi-Weekly,3.0,Express,Credit Card
1134,29,Female,Florida,No,Coat,Clothing,18.83,Summer,L,Pink,No,Yes,14,Bi-Weekly,3.22,Express,PayPal
1135,53,Male,Montana,No,Sneakers,Footwear,45.28,Spring,S,Red,No,Yes,27,Bi-Weekly,4.05,Express,Credit Card
1136,64,Female,Georgia,No,Sandals,Footwear,94.98,Fall,M,Green,Yes,No,28,Annually,3.92,Express,Credit Card
1137,58,Male,Montana,Yes,Shirt,Clothing,49.83,Summer,XL,Brown,Yes,Yes,24,Weekly,5.0,Express,PayPal
1138,48,Female,New York,No,Belt,Accessories,67.22,Fall,XL,Green,No,No,21,Weekly,3.93,Express,Debit Card
1139,37,Female,Texas,No,Coat,Outerwear,63.62,Fall,XL,Blue,No,No,14,Bi-Weekly,2.91,Express,Cash
1140,34,Male,Texas,Yes,Shirt,Clothing,31.01,Winter,XL,White,No,No,23,Monthly,4.39,Express,Debit Card
1141,36,Male,Texas,Yes,Jacket,Outerwear,49.83,Spring,S,Yellow,No,Yes,20,Bi-Weekly,3.37,Express,Cash
1142,33,Male,New York,No,Sweater,Clothing,70.64,Summer,M,Pink,No,Yes,15,Monthly,3.09,Express,PayPal
1143,45,Male,Illinois,No,Dress,Clothing,46.95,Winter,L,Blue,No,No,13,Annually,3.1,Express,PayPal
1144,34,Female,Georgia,Yes,Sneakers,Footwear,83.17,Fall,M,Yellow,No,No,15,Monthly,4.64,Express,Cash
1145,23,Male,California,No,Sunglasses,Accessories,48.36,Summer,M,Blue,No,No,26,Quarterly,4.58,Standard,Credit Card
1146,68,Male,Illinois,No,Jacket,Outerwear,47.51,Winter,M,Pink,No,No,27,Quarterly,2.71,Standard,Venmo
1147,39,Female,Washington,Yes,T-shirt,Clothing,15.0,Summer,L,Black,No,Yes,11,Monthly,4.42,Standard,Debit Card
1148,43,Male,California,Yes,Scarf,Accessories,42.08,Spring,L,Purple,No,No,22,Bi-Weekly,3.35,Standard,Venmo
1149,50,Male,California,No,Sneakers,Footwear,37.07,Spring,M,Pink,Yes,No,26,Monthly,4.07,Express,Cash
1150,20,Male,Ohio,No,Boots,Footwear,53.94,Winter,L,Green,Yes,No,12,Monthly,2.98,Express,Credit Card
1151,45,Male,Ohio,No,Boots,Footwear,81.53,Winter,L,Gray,Yes,No,21,Quarterly,4.03,Express,Debit Card
1152,63,Male,Ohio,Yes,Coat,Clothing,51.5,Winter,M,Red,Yes,No,25,Bi-Weekly,4.54,Express,Debit Card
1153,69,Female,Montana,Yes,Scarf,Accessories,78.68,Spring,M,Black,No,No,30,Quarterly,3.89,Express,Cash
1154,27,Male,Ohio,No,Scarf,Accessories,72.18,Spring,M,Brown,No,No,16,Monthly,2.94,Express,Venmo
1155,60,Male,Arizona,No,T-shirt,Clothing,87.79,Fall,M,Gray,No,No,12,Annually,3.76,Express,PayPal
1156,54,Female,Montana,No,Skirt,Clothing,77.75,Spring,M,Pink,No,No,29,Weekly,4.3,Express,Debit Card
1157,54,Female,New York,Yes,Boots,Footwear,22.04,Winter,L,Black,Yes,No,26,Weekly,2.55,Express,Debit Card
1158,46,Female,Florida,No,Belt,Accessories,45.66,Summer,M,White,No,Yes,27,Annually,3.08,Express,PayPal
1159,23,Male,California,Yes,Shoes,Footwear,68.14,Spring,L,Pink,No,Yes,20,Quarterly,3.45,Express,Venmo
1160,19,Male,Ohio,No,Blouse,Clothing,54.84,Summer,XL,Blue,No,No,29,Annually,3.58,Standard,Credit Card
1161,65,Male,Georgia,Yes,Sunglasses,Accessories,39.53,Fall,XL,Green,No,No,18,Quarterly,3.53,Express,Debit Card
1162,68,Male,New York,No,Scarf,Accessories,60.61,Fall,L,Purple,No,No,11,Monthly,2.75,Standard,PayPal
1163,36,Female,California,No,Boots,Footwear,60.79,Fall,XL,White,No,No,29,Weekly,4.12,Standard,Venmo
1164,57,Male,Washington,Yes,Coat,Clothing,72.9,Spring,S,Pink,Yes,No,18,Monthly,3.77,Express,Cash
1165,27,Male,Texas,No,Coat,Outerwear,27.75,Summer,XL,Green,No,No,26,Quarterly,3.19,Express,Debit Card
1166,19,Female,Florida,Yes,Hoodie,Outerwear,83.28,Winter,L,Red,No,No,26,Weekly,3.79,Express,Cash
1167,34,Male,Arizona,Yes,Pants,Clothing,66.89,Summer,M,Gray,No,Yes,24,Annually,3.13,Express,Venmo
1168,60,Male,Washington,Yes,Jacket,Outerwear,58.85,Winter,M,Brown,Yes,No,13,Weekly,4.13,Express,Cash
1169,21,Male,Arizona,Yes,Coat,Outerwear,87.87,Spring,L,Pink,No,Yes,27,Quarterly,4.41,Express,Cash
1170,43,Male,Illinois,No,Sunglasses,Accessories,36.4,Spring,M,Green,No,No,27,Bi-Weekly,3.02,Express,Cash
1171,59,Male,Georgia,No,Dress,Clothing,64.34,Spring,M,Red,No,No,24,Weekly,3.54,Express,Cash
1172,35,Male,Georgia,No,Sweater,Clothing,59.78,Fall,M,Green,No,No,20,Monthly,4.63,Express,Venmo
1173,30,Male,Florida,Yes,Sweater,Clothing,82.28,Summer,XL,Yellow,No,Yes,19,Weekly,3.91,Standard,Debit Card
1174,50,Male,Texas,No,Scarf,Accessories,96.7,Spring,M,Black,No,No,22,Monthly,4.31,Express,Debit Card
1175,23,Male,Ohio,No,Sunglasses,Accessories,59.42,Spring,XL,Yellow,No,No,15,Annually,3.89,Express,Debit Card
1176,27,Male,New York,No,Shirt,Clothing,48.4,Winter,S,Blue,No,Yes,24,Monthly,4.16,Express,Credit Card
1177,50,Male,Washington,No,Shirt,Clothing,56.3,Winter,M,Brown,No,Yes,24,Weekly,3.4,Standard,PayPal
1178,30,Female,New York,Yes,Hoodie,Outerwear,68.8,Winter,XL,Green,No,Yes,30,Monthly,4.72,Express,Debit Card
1179,22,Male,Ohio,No,Pants,Clothing,67.95,Winter,XL,Purple,Yes,Yes,25,Quarterly,3.79,Express,Cash
1180,48,Male,New York,No,Boots,Footwear,35.03,Winter,L,Gray,No,No,22,Annually,3.78,Standard,Credit Card
1181,31,Female,Arizona,No,Shoes,Footwear,79.33,Winter,XL,Pink,No,No,14,Annually,3.38,Express,Venmo
1182,50,Male,Texas,No,Scarf,Accessories,51.35,Spring,M,Brown,No,No,21,Quarterly,4.94,Express,PayPal
1183,67,Male,New York,No,Sweater,Clothing,40.54,Summer,L,Brown,No,No,24,Annually,4.21,Standard,PayPal
1184,36,Male,Illinois,No,Pants,Clothing,36.0,Fall,L,Green,Yes,No,14,Bi-Weekly,3.92,Standard,Venmo
1185,48,Male,Montana,No,Dress,Clothing,85.48,Fall,M,Blue,Yes,No,13,Monthly,3.36,Standard,Venmo
1186,24,Male,Florida,No,Skirt,Clothing,68.8,Fall,M,Purple,No,No,14,Bi-Weekly,3.88,Express,Debit Card
1187,62,Male,Arizona,No,Sunglasses,Accessories,71.24,Fall,S,Black,No,No,20,Weekly,3.57,Standard,Credit Card
1188,65,Male,Florida,Yes,Sweater,Clothing,76.85,Summer,XL,Green,No,No,28,Quarterly,3.42,Standard,Debit Card
1189,55,Male,California,No,Hoodie,Outerwear,64.03,Fall,S,Gray,No,No,25,Quarterly,3.04,Express,Credit Card
1190,64,Female,Georgia,No,Sandals,Footwear,42.02,Winter,M,Brown,Yes,No,17,Annually,3.71,Standard,Cash
1191,46,Male,California,No,Scarf,Accessories,93.67,Summer,XL,Yellow,Yes,Yes,13,Annually,3.3,Express,Venmo
1192,25,Female,Ohio,No,Scarf,Accessories,71.99,Winter,XL,Gray,No,No,27,Bi-Weekly,3.63,Express,Venmo
1193,27,Male,Illinois,No,Hoodie,Outerwear,74.88,Spring,M,Green,Yes,Yes,23,Annually,3.73,Standard,Venmo
1194,57,Female,Arizona,Yes,Scarf,Accessories,47.38,Fall,S,Pink,No,No,28,Weekly,4.16,Standard,Credit Card
1195,25,Male,Arizona,No,Coat,Outerwear,72.09,Fall,XL,Black,No,No,12,Quarterly,4.32,Express,Credit Card
1196,44,Female,Florida,No,Sandals,Footwear,61.48,Spring,S,Black,No,No,12,Annually,3.97,Standard,Debit Card
1197,53,Female,Georgia,Yes,Belt,Accessories,71.44,Winter,L,Green,No,Yes,11,Weekly,2.68,Express,Venmo
1198,65,Male,California,Yes,Coat,Clothing,45.28,Fall,S,Pink,No,Yes,11,Weekly,4.03,Express,Cash
1199,36,Female,California,No,Blouse,Clothing,25.68,Fall,L,Pink,Yes,Yes,25,Bi-Weekly,4.38,Express,Venmo
1200,40,Male,Arizona,No,Belt,Accessories,57.86,Summer,M,Blue,No,Yes,18,Weekly,3.89,Express,Credit Card
1201,61,Female,Ohio,No,T-shirt,Clothing,42.95,Fall,S,Purple,No,No,12,Quarterly,3.29,Express,Credit Card
1202,37,Male,Montana,No,T-shirt,Clothing,80.63,Summer,XL,Blue,Yes,No,17,Monthly,4.2,Express,PayPal
1203,38,Male,Illinois,Yes,Sunglasses,Accessories,45.44,Winter,S,Brown,No,Yes,26,Weekly,3.95,Standard,Debit Card
1204,33,Female,Illinois,No,Jacket,Outerwear,84.52,Winter,L,Pink,Yes,No,26,Weekly,3.42,Express,Debit Card
1205,66,Male,New York,Yes,Jewelry,Accessories,16.2,Winter,S,Gray,No,No,19,Quarterly,3.27,Express,Credit Card
1206,41,Male,California,No,Jewelry,Accessories,38.26,Summer,XL,Gray,No,Yes,29,Weekly,3.87,Express,Debit Card
1207,35,Female,Arizona,No,Scarf,Accessories,78.85,Summer,S,Pink,Yes,No,16,Quarterly,3.57,Express,Debit Card
1208,35,Male,New York,Yes,Pants,Clothing,73.38,Spring,M,Gray,Yes,No,18,Bi-Weekly,4.18,Express,PayPal
1209,26,Male,Texas,Yes,Sandals,Footwear,40.91,Winter,S,Green,No,Yes,19,Annually,4.35,Express,Credit Card
1210,30,Female,New York,No,Sunglasses,Accessories,83.52,Winter,S,Brown,No,No,16,Quarterly,4.19,Express,PayPal
1211,64,Male,Illinois,No,Sandals,Footwear,55.02,Winter,M,Black,No,No,16,Annually,3.96,Standard,Cash
1212,56,Male,Texas,No,Sweater,Clothing,104.1,Fall,M,Red,Yes,No,11,Annually,3.49,Express,Credit Card
1213,46,Male,California,No,Blouse,Clothing,88.63,Summer,M,Gray,No,No,13,Weekly,3.88,Standard,PayPal
1214,66,Male,California,No,T-shirt,Clothing,54.31,Spring,L,Green,Yes,No,22,Quarterly,3.89,Express,Credit Card
1215,49,Female,Georgia,Yes,Scarf,Accessories,53.14,Spring,M,White,No,No,11,Monthly,4.17,Express,PayPal
1216,26,Male,California,No,Sunglasses,Accessories,75.51,Summer,XL,Pink,No,No,14,Annually,4.02,Express,Credit Card
1217,55,Female,Washington,No,Jewelry,Accessories,38.84,Spring,L,Yellow,No,No,21,Monthly,3.83,Standard,Cash
1218,60,Male,Illinois,Yes,Belt,Accessories,51.74,Winter,S,Blue,No,No,12,Quarterly,3.64,Standard,Venmo
1219,41,Male,Ohio,Yes,Dress,Clothing,69.02,Fall,S,Gray,No,No,18,Monthly,4.24,Express,Venmo
1220,27,Male,Montana,No,Sunglasses,Accessories,22.89,Summer,XL,Gray,No,No,15,Annually,3.66,Express,Debit Card
1221,54,Female,Illinois,Yes,Sneakers,Footwear,46.42,Summer,XL,Red,No,No,22,Quarterly,3.45,Express,Credit Card
1222,28,Female,Arizona,No,Coat,Clothing,54.96,Fall,S,Pink,No,No,17,Annually,3.66,Express,PayPal
1223,44,Male,Georgia,Yes,Sandals,Footwear,63.04,Spring,XL,Green,No,No,29,Annually,3.46,Express,Venmo
1224,42,Female,Washington,Yes,Belt,Accessories,68.33,Winter,S,Blue,No,No,24,Bi-Weekly,4.25,Express,Cash
1225,69,Male,Illinois,Yes,Sweater,Clothing,60.43,Winter,S,Blue,No,No,16,Bi-Weekly,4.03,Express,Venmo
1226,65,Female,California,Yes,Scarf,Accessories,42.26,Summer,XL,Blue,Yes,Yes,29,Monthly,3.2,Standard,PayPal
1227,65,Female,Montana,No,Pants,Clothing,44.03,Summer,S,Yellow,Yes,Yes,30,Weekly,3.84,Express,Venmo
1228,29,Male,Georgia,No,Dress,Clothing,25.96,Winter,M,Brown,No,No,29,Weekly,4.41,Express,PayPal
1229,39,Female,Florida,Yes,Boots,Footwear,70.58,Fall,L,Green,No,No,17,Bi-Weekly,3.25,Standard,PayPal
1230,57,Male,Washington,No,Coat,Clothing,73.21,Winter,XL,Red,No,Yes,13,Annually,3.17,Express,Venmo
1231,58,Female,Illinois,No,Sweater,Clothing,61.8,Winter,M,Brown,No,No,12,Monthly,2.94,Express,Credit Card
1232,60,Male,New York,No,Coat,Clothing,45.23,Summer,S,Red,No,No,13,Annually,3.56,Express,PayPal
1233,33,Male,Georgia,Yes,Scarf,Accessories,87.51,Spring,L,Red,No,Yes,17,Annually,3.37,Standard,Venmo
1234,67,Female,Illinois,Yes,Skirt,Clothing,50.81,Spring,S,Black,No,No,14,Monthly,4.32,Express,Credit Card
1235,64,Female,Ohio,No,Sneakers,Footwear,53.84,Fall,XL,Gray,No,No,20,Weekly,3.21,Express,PayPal
1236,66,Male,Washington,No,Boots,Footwear,52.45,Spring,M,Blue,Yes,No,17,Weekly,3.82,Express,PayPal
1237,48,Male,New York,No,Blouse,Clothing,72.02,Winter,L,Brown,No,No,22,Bi-Weekly,4.35,Express,Credit Card
1238,45,Male,Georgia,No,Coat,Outerwear,110.0,Fall,M,Black,Yes,No,23,Monthly,3.78,Standard,PayPal
1239,45,Male,Ohio,No,Sweater,Clothing,63.29,Fall,XL,Gray,Yes,Yes,26,Monthly,3.74,Express,Venmo
1240,31,Male,Ohio,Yes,Shirt,Clothing,58.8,Fall,S,Blue,No,No,14,Annually,2.53,Express,Venmo
1241,44,Female,Ohio,No,Boots,Footwear,22.06,Winter,L,Black,Yes,Yes,20,Bi-Weekly,3.96,Express,Credit Card
1242,63,Male,Washington,No,Skirt,Clothing,101.85,Spring,M,Gray,No,No,29,Quarterly,4.17,Express,Venmo
1243,24,Female,Texas,No,Shirt,Clothing,51.54,Fall,S,Blue,No,No,11,Monthly,3.99,Express,Cash
1244,67,Male,Texas,No,Coat,Outerwear,27.12,Summer,S,Pink,No,No,21,Weekly,4.25,Express,Cash
1245,28,Female,Ohio,Yes,Coat,Outerwear,45.14,Spring,L,Green,No,Yes,23,Weekly,4.45,Express,Cash
1246,64,Male,Ohio,Yes,Boots,Footwear,45.47,Summer,S,Black,No,No,24,Quarterly,4.34,Express,Debit Card
1247,24,Female,New York,Yes,T-shirt,Clothing,67.99,Summer,M,Green,No,No,19,Annually,3.69,Express,Cash
1248,46,Male,Florida,No,Shoes,Footwear,43.09,Summer,XL,Black,No,No,29,Monthly,4.16,Standard,Venmo
1249,53,Male,Montana,No,Shirt,Clothing,69.87,Summer,XL,Red,No,Yes,30,Bi-Weekly,3.42,Express,Venmo
1250,41,Male,Montana,No,Skirt,Clothing,71.3,Fall,M,Green,No,No,26,Annually,3.31,Express,Cash
1251,69,Male,Washington,No,Sneakers,Footwear,31.93,Fall,XL,Gray,No,No,28,Quarterly,3.69,Express,Cash
1252,38,Male,California,Yes,Scarf,Accessories,38.15,Summer,XL,Blue,No,No,20,Bi-Weekly,3.71,Express,Cash
1253,20,Female,Illinois,Yes,Skirt,Clothing,110.0,Fall,M,Yellow,No,No,12,Quarterly,3.54,Express,Credit Card
1254,21,Female,Montana,No,T-shirt,Clothing,76.7,Winter,S,Blue,No,No,24,Weekly,4.02,Express,Venmo
1255,27,Male,California,No,Coat,Clothing,62.92,Spring,XL,Green,Yes,No,18,Monthly,4.25,Express,Debit Card
1256,49,Female,Florida,Yes,Blouse,Clothing,40.21,Summer,XL,White,Yes,No,15,Bi-Weekly,4.18,Standard,Cash
1257,57,Male,Georgia,Yes,Belt,Accessories,71.16,Winter,M,White,No,Yes,12,Annually,3.42,Express,Debit Card
1258,67,Male,Washington,No,Shoes,Footwear,53.94,Spring,M,Brown,No,No,24,Quarterly,3.51,Express,PayPal
1259,63,Male,Georgia,Yes,Belt,Accessories,76.07,Spring,L,Red,No,Yes,29,Bi-Weekly,3.74,Express,Credit Card
1260,55,Female,Arizona,Yes,Coat,Outerwear,15.27,Fall,L,Purple,Yes,No,29,Annually,3.68,Express,Debit Card
1261,20,Male,California,Yes,Shoes,Footwear,59.74,Fall,L,Yellow,No,No,15,Monthly,3.66,Express,Credit Card
1262,45,Male,Ohio,Yes,Blouse,Clothing,70.39,Summer,XL,Yellow,No,Yes,29,Bi-Weekly,3.17,Express,Venmo
1263,57,Male,Florida,No,T-shirt,Clothing,38.24,Winter,S,Blue,No,Yes,18,Monthly,3.39,Express,Cash
1264,35,Male,Florida,No,Skirt,Clothing,56.85,Spring,L,White,No,Yes,21,Weekly,3.81,Standard,Venmo
1265,54,Male,Arizona,No,Pants,Clothing,44.66,Summer,L,Black,No,Yes,16,Quarterly,3.33,Express,Cash
1266,34,Male,New York,No,Boots,Footwear,50.94,Summer,XL,Gray,No,No,14,Annually,3.02,Express,Venmo
1267,64,Male,Ohio,Yes,Scarf,Accessories,55.31,Spring,M,Green,No,Yes,26,Bi-Weekly,4.03,Express,Cash
1268,61,Male,New York,No,Scarf,Accessories,53.25,Fall,S,White,No,Yes,26,Weekly,3.56,Express,Credit Card
1269,44,Male,Arizona,Yes,Coat,Clothing,64.96,Winter,M,Black,Yes,No,22,Monthly,3.4,Express,Debit Card
1270,44,Female,Montana,Yes,Sneakers,Footwear,15.0,Fall,M,Blue,Yes,No,11,Bi-Weekly,3.6,Express,Venmo
1271,55,Male,Texas,No,Pants,Clothing,72.89,Spring,M,Green,No,No,24,Quarterly,4.14,Express,PayPal
1272,35,Male,Florida,No,Boots,Footwear,25.66,Spring,M,Yellow,No,No,22,Monthly,4.27,Express,Cash
1273,48,Male,Arizona,No,T-shirt,Clothing,76.85,Fall,XL,White,No,No,28,Annually,4.18,Express,PayPal
1274,31,Male,New York,No,T-shirt,Clothing,73.28,Spring,L,Green,Yes,No,29,Bi-Weekly,3.11,Express,Cash
1275,45,Male,Florida,No,Shoes,Footwear,74.08,Summer,XL,Purple,Yes,No,11,Monthly,3.74,Express,Cash
1276,62,Male,Ohio,Yes,Belt,Accessories,46.44,Spring,XL,Red,No,Yes,18,Bi-Weekly,4.8,Standard,PayPal
1277,24,Male,Arizona,No,Coat,Outerwear,97.75,Fall,M,Black,No,No,26,Annually,3.54,Express,Cash
1278,22,Female,Washington,No,Sneakers,Footwear,83.24,Fall,M,Green,No,Yes,27,Monthly,4.24,Express,Debit Card
1279,21,Female,New York,No,Belt,Accessories,66.73,Fall,L,Blue,Yes,No,14,Annually,3.96,Express,Debit Card
1280,22,Male,Georgia,No,Sweater,Clothing,57.38,Summer,M,Pink,No,Yes,26,Monthly,4.22,Standard,PayPal
1281,33,Male,Ohio,No,Belt,Accessories,48.58,Fall,XL,Green,No,No,27,Monthly,3.24,Standard,Debit Card
1282,58,Female,Ohio,Yes,Sunglasses,Accessories,62.12,Winter,M,Yellow,No,No,30,Annually,4.0,Standard,Credit Card
1283,69,Male,Montana,Yes,Blouse,Clothing,98.22,Summer,L,Green,No,No,25,Quarterly,3.87,Express,Cash
1284,33,Male,Florida,No,Sunglasses,Accessories,61.86,Fall,S,Gray,No,No,16,Quarterly,4.15,Express,Cash
1285,46,Male,New York,Yes,Sneakers,Footwear,38.24,Spring,L,Purple,No,No,26,Weekly,3.53,Express,Credit Card
1286,24,Female,Georgia,No,Coat,Clothing,58.87,Summer,L,Gray,Yes,No,28,Bi-Weekly,3.61,Express,Debit Card
1287,27,Male,Washington,No,Coat,Outerwear,44.58,Spring,S,Black,Yes,No,30,Quarterly,3.65,Express,Credit Card
1288,34,Male,Arizona,No,Jacket,Outerwear,98.99,Summer,L,Brown,No,Yes,11,Quarterly,3.08,Express,Debit Card
1289,21,Male,Georgia,No,Hoodie,Outerwear,70.73,Summer,S,Brown,Yes,No,23,Annually,3.42,Express,PayPal
1290,44,Male,Florida,No,Sweater,Clothing,45.06,Fall,L,Gray,No,No,22,Annually,4.27,Express,Venmo
1291,39,Female,Illinois,No,Boots,Footwear,61.68,Spring,XL,White,No,No,25,Weekly,4.21,Express,Debit Card
1292,29,Male,Ohio,Yes,Sandals,Footwear,46.06,Summer,S,Green,No,No,22,Weekly,4.36,Express,Cash
1293,21,Male,California,No,Skirt,Clothing,15.0,Summer,S,Pink,Yes,No,24,Quarterly,3.83,Express,Cash
1294,69,Male,Washington,No,Jacket,Outerwear,55.13,Fall,XL,Pink,Yes,No,26,Monthly,3.74,Express,Credit Card
1295,22,Male,Florida,No,Coat,Clothing,59.74,Fall,XL,Gray,No,No,26,Bi-Weekly,4.15,Express,Debit Card
1296,27,Female,Texas,Yes,Skirt,Clothing,66.79,Winter,XL,Purple,No,No,22,Quarterly,3.78,Express,Credit Card
1297,68,Female,Florida,No,Jacket,Outerwear,42.57,Spring,S,Pink,Yes,Yes,23,Bi-Weekly,3.65,Express,Credit Card
1298,69,Male,Arizona,Yes,Sunglasses,Accessories,51.29,Fall,M,Pink,No,No,13,Quarterly,3.56,Express,Venmo
1299,46,Female,Arizona,Yes,Coat,Outerwear,30.01,Summer,S,Gray,No,No,13,Bi-Weekly,3.19,Express,Credit Card
1300,51,Male,Florida,No,Hoodie,Outerwear,86.67,Fall,S,Yellow,Yes,No,26,Annually,4.52,Standard,PayPal
1301,28,Female,Texas,Yes,Coat,Clothing,47.04,Spring,M,Brown,No,Yes,22,Quarterly,3.17,Express,Cash
1302,25,Female,Texas,Yes,Belt,Accessories,51.8,Spring,XL,Gray,No,No,23,Monthly,3.01,Express,Cash
1303,19,Female,Florida,No,Sneakers,Footwear,48.52,Fall,M,Yellow,No,No,27,Annually,3.24,Express,Debit Card
1304,37,Female,Arizona,No,Sweater,Clothing,56.14,Summer,L,Green,No,Yes,20,Annually,3.61,Standard,Credit Card
1305,58,Male,Arizona,No,Coat,Clothing,78.32,Winter,S,Black,No,No,15,Quarterly,4.3,Standard,Cash
1306,38,Male,California,No,Jewelry,Accessories,86.76,Spring,M,Pink,Yes,No,16,Monthly,3.39,Express,PayPal
1307,22,Male,Ohio,No,Dress,Clothing,92.71,Fall,XL,Green,No,No,26,Bi-Weekly,3.99,Standard,Credit Card
1308,31,Male,Florida,No,Coat,Outerwear,53.46,Winter,M,Black,No,No,15,Monthly,4.2,Express,Venmo
1309,40,Male,Ohio,No,Skirt,Clothing,68.86,Winter,XL,Yellow,No,No,13,Quarterly,3.74,Express,Debit Card
1310,53,Male,Illinois,Yes,Coat,Outerwear,33.57,Summer,XL,Red,No,No,15,Weekly,3.96,Express,Credit Card
1311,35,Male,Florida,Yes,Skirt,Clothing,51.79,Spring,S,Pink,No,No,13,Bi-Weekly,4.3,Express,Cash
1312,45,Male,Ohio,Yes,Coat,Clothing,35.69,Winter,S,Yellow,No,No,15,Quarterly,3.55,Standard,PayPal
1313,24,Male,Illinois,No,Boots,Footwear,63.47,Summer,L,Green,No,Yes,12,Quarterly,3.03,Express,Credit Card
1314,39,Male,Montana,No,Jewelry,Accessories,46.72,Fall,S,Green,No,Yes,23,Bi-Weekly,2.9,Express,Venmo
1315,50,Male,New York,No,Sneakers,Footwear,31.85,Summer,S,Red,No,No,14,Annually,3.18,Express,Debit Card
1316,32,Male,Arizona,Yes,Jacket,Outerwear,37.76,Summer,L,Brown,No,No,20,Annually,3.01,Standard,Debit Card
1317,64,Male,Texas,No,Sunglasses,Accessories,40.41,Winter,M,Black,No,No,20,Monthly,4.85,Express,PayPal
1318,42,Female,New York,Yes,Scarf,Accessories,93.77,Fall,S,Green,No,Yes,26,Weekly,4.37,Express,Credit Card
1319,26,Female,California,No,Shirt,Clothing,31.4,Spring,M,Gray,No,No,15,Bi-Weekly,3.73,Express,Venmo
1320,25,Male,California,No,Coat,Clothing,40.07,Summer,XL,Brown,No,No,11,Quarterly,4.54,Express,Cash
1321,25,Female,Texas,No,T-shirt,Clothing,37.68,Spring,S,Green,No,No,17,Annually,3.57,Express,Credit Card
1322,46,Male,Ohio,Yes,Belt,Accessories,31.51,Summer,S,Pink,Yes,No,23,Quarterly,3.46,Express,PayPal
1323,24,Female,Montana,No,Sweater,Clothing,62.44,Winter,L,Purple,No,Yes,23,Weekly,3.86,Express,Cash
1324,19,Female,Texas,Yes,Dress,Clothing,72.55,Fall,S,Yellow,No,No,29,Weekly,3.74,Express,Debit Card
1325,52,Male,New York,No,Coat,Clothing,55.11,Summer,S,Blue,Yes,No,24,Quarterly,3.66,Standard,Debit Card
1326,29,Male,California,No,Dress,Clothing,52.41,Winter,L,White,No,No,13,Weekly,3.65,Express,Cash
1327,46,Female,New York,No,Sneakers,Footwear,54.89,Spring,L,White,No,No,30,Quarterly,4.21,Express,Credit Card
1328,59,Male,Georgia,No,Sunglasses,Accessories,37.43,Winter,XL,Brown,No,Yes,28,Monthly,3.44,Express,Credit Card
1329,44,Male,Illinois,Yes,Blouse,Clothing,68.26,Fall,M,Yellow,No,No,27,Monthly,3.91,Express,Venmo
1330,53,Male,New York,No,Scarf,Accessories,75.58,Fall,XL,Purple,Yes,Yes,29,Quarterly,3.53,Standard,Credit Card
1331,32,Male,Illinois,Yes,Coat,Clothing,74.34,Winter,XL,Black,No,Yes,12,Monthly,3.6,Express,Venmo
1332,20,Female,Florida,No,Jewelry,Accessories,34.43,Fall,XL,Yellow,No,No,24,Monthly,3.64,Express,Venmo
1333,36,Female,Arizona,No,Sunglasses,Accessories,36.99,Summer,M,Black,Yes,No,13,Bi-Weekly,3.11,Express,Debit Card
1334,45,Male,Illinois,Yes,Dress,Clothing,50.94,Summer,S,Pink,Yes,No,18,Quarterly,3.47,Express,Cash
1335,31,Male,Montana,No,Skirt,Clothing,76.22,Spring,M,Gray,Yes,No,11,Quarterly,4.25,Express,PayPal
1336,34,Male,California,No,Sneakers,Footwear,45.67,Winter,M,Gray,No,No,13,Annually,4.7,Express,Venmo
1337,19,Male,Arizona,Yes,T-shirt,Clothing,80.43,Spring,L,Pink,No,No,29,Annually,3.2,Express,Debit Card
1338,46,Female,Florida,Yes,Scarf,Accessories,97.17,Winter,M,Brown,No,Yes,20,Monthly,3.75,Express,Venmo
1339,52,Male,Washington,No,Sunglasses,Accessories,109.87,Fall,XL,Pink,No,No,28,Monthly,3.69,Express,Cash
1340,47,Male,Washington,No,Shoes,Footwear,50.59,Fall,M,Red,Yes,No,30,Quarterly,2.75,Standard,Venmo
1341,25,Male,Arizona,No,Blouse,Clothing,51.51,Spring,L,Brown,No,No,29,Weekly,3.66,Express,Debit Card
1342,31,Male,Arizona,No,Boots,Footwear,80.14,Fall,M,Yellow,No,Yes,28,Bi-Weekly,3.74,Express,Cash
1343,50,Male,Washington,No,Pants,Clothing,43.4,Fall,S,Black,No,Yes,12,Monthly,2.59,Standard,Cash
1344,48,Male,Florida,No,Scarf,Accessories,15.0,Summer,XL,Purple,No,No,21,Annually,4.53,Express,Venmo
1345,34,Female,Arizona,Yes,Sneakers,Footwear,36.72,Spring,L,Blue,No,No,25,Monthly,4.49,Express,Cash
1346,36,Male,Ohio,No,Sneakers,Footwear,48.05,Summer,XL,Brown,No,Yes,29,Bi-Weekly,3.43,Express,Venmo
1347,20,Male,Montana,Yes,Jewelry,Accessories,55.24,Fall,S,Green,No,No,16,Monthly,4.18,Express,Cash
1348,21,Female,Arizona,No,Jacket,Outerwear,77.84,Spring,S,Brown,No,Yes,22,Annually,3.42,Express,Credit Card
1349,48,Male,Illinois,No,Skirt,Clothing,67.04,Spring,S,White,No,No,14,Bi-Weekly,4.25,Express,Credit Card
1350,40,Female,Washington,Yes,Pants,Clothing,66.62,Fall,S,Blue,No,No,17,Annually,4.36,Express,Credit Card
1351,44,Male,California,No,Sandals,Footwear,69.39,Fall,S,Green,No,No,19,Quarterly,4.21,Express,Cash
1352,47,Female,Arizona,No,Sandals,Footwear,61.8,Winter,L,Black,No,No,30,Annually,3.52,Express,PayPal
1353,32,Female,Ohio,No,Hoodie,Outerwear,45.03,Winter,M,Purple,No,Yes,27,Annually,3.95,Express,PayPal
1354,66,Female,Montana,No,Shoes,Footwear,46.16,Fall,L,Brown,No,Yes,29,Bi-Weekly,4.38,Express,Credit Card
1355,40,Male,Illinois,No,Scarf,Accessories,23.62,Spring,XL,Yellow,No,No,25,Monthly,3.88,Express,Venmo
1356,44,Female,Washington,No,Scarf,Accessories,50.83,Summer,M,Red,Yes,No,12,Monthly,3.92,Express,Debit Card
1357,40,Male,Florida,Yes,Shirt,Clothing,58.61,Summer,S,Purple,Yes,No,14,Monthly,3.39,Express,Venmo
1358,39,Female,New York,No,T-shirt,Clothing,57.92,Spring,L,Gray,No,Yes,18,Quarterly,3.69,Express,Credit Card
1359,40,Male,Arizona,No,Sneakers,Footwear,60.22,Summer,M,Brown,No,No,24,Bi-Weekly,4.99,Express,Debit Card
1360,23,Male,Georgia,Yes,Sneakers,Footwear,79.4,Spring,M,Gray,No,No,29,Bi-Weekly,3.94,Express,PayPal
1361,68,Female,California,Yes,Shoes,Footwear,38.61,Spring,S,Red,No,No,23,Bi-Weekly,3.44,Express,Debit Card
1362,26,Male,Georgia,No,Sneakers,Footwear,15.25,Summer,S,Green,Yes,No,29,Monthly,4.18,Express,Debit Card
1363,21,Male,Texas,No,Blouse,Clothing,68.5,Fall,M,Gray,No,Yes,16,Quarterly,4.21,Standard,PayPal
1364,65,Female,California,Yes,Scarf,Accessories,46.08,Spring,M,Pink,No,No,24,Annually,4.11,Express,PayPal
1365,29,Female,California,No,Sandals,Footwear,15.0,Spring,M,Pink,Yes,No,12,Annually,3.49,Express,Debit Card
1366,19,Female,Georgia,No,Coat,Outerwear,22.33,Fall,M,Gray,No,No,29,Quarterly,3.74,Express,Venmo
1367,67,Male,Arizona,Yes,Dress,Clothing,54.68,Winter,S,Gray,Yes,No,12,Weekly,3.32,Standard,Debit Card
1368,68,Male,Ohio,Yes,Sneakers,Footwear,77.98,Summer,M,Green,No,No,21,Quarterly,4.32,Express,Debit Card
1369,64,Female,Georgia,No,Sunglasses,Accessories,26.97,Winter,XL,Red,No,Yes,30,Monthly,4.12,Express,Venmo
1370,19,Male,Texas,No,Sweater,Clothing,67.32,Fall,M,Gray,Yes,No,19,Annually,3.73,Express,Venmo
1371,51,Male,Ohio,No,Sneakers,Footwear,68.47,Spring,L,Yellow,Yes,No,30,Weekly,3.5,Express,Debit Card
1372,32,Male,New York,No,Sneakers,Footwear,47.01,Summer,M,White,No,No,26,Quarterly,3.03,Standard,Venmo
1373,47,Male,Washington,No,Shirt,Clothing,54.33,Spring,S,Gray,No,No,28,Quarterly,3.51,Express,Venmo
1374,28,Male,Georgia,No,Belt,Accessories,43.44,Spring,XL,Red,No,Yes,13,Annually,4.24,Standard,Credit Card
1375,55,Male,Georgia,Yes,T-shirt,Clothing,78.08,Spring,L,Yellow,Yes,Yes,17,Bi-Weekly,4.5,Standard,Cash
1376,45,Male,Montana,Yes,Jacket,Outerwear,103.77,Fall,L,Red,Yes,No,16,Monthly,3.39,Express,Credit Card
1377,21,Female,Illinois,No,Blouse,Clothing,77.99,Winter,XL,Gray,No,No,21,Quarterly,4.65,Express,Cash
1378,21,Male,Ohio,No,Coat,Outerwear,55.16,Summer,S,Gray,No,Yes,16,Annually,3.97,Express,Cash
1379,62,Male,Arizona,No,Belt,Accessories,73.56,Fall,S,Brown,No,No,23,Annually,2.37,Express,Cash
1380,20,Female,Ohio,No,Pants,Clothing,33.68,Winter,L,Yellow,No,No,12,Weekly,3.84,Express,Debit Card
1381,54,Male,Montana,No,Sunglasses,Accessories,40.43,Spring,L,Pink,No,Yes,23,Bi-Weekly,3.46,Standard,Credit Card
1382,26,Male,New York,No,Scarf,Accessories,17.2,Spring,XL,Purple,No,No,30,Bi-Weekly,3.28,Express,PayPal
1383,25,Female,Ohio,Yes,Jacket,Outerwear,26.36,Summer,S,Pink,No,Yes,27,Monthly,4.11,Express,Debit Card
1384,54,Male,Georgia,No,Belt,Accessories,66.07,Summer,L,Pink,No,No,14,Annually,3.15,Express,Cash
1385,30,Male,Montana,No,Shoes,Footwear,15.0,Summer,S,Red,Yes,No,23,Bi-Weekly,3.12,Express,Debit Card
1386,70,Female,Washington,No,Scarf,Accessories,53.22,Summer,XL,Green,No,No,26,Weekly,3.5,Standard,Cash
1387,64,Female,Georgia,No,Shirt,Clothing,35.25,Winter,L,Green,No,No,20,Annually,3.1,Express,PayPal
1388,33,Male,California,No,Sunglasses,Accessories,72.97,Fall,XL,Gray,No,No,14,Quarterly,3.03,Express,Debit Card
1389,37,Male,California,Yes,Boots,Footwear,60.24,Spring,XL,White,No,No,12,Quarterly,4.29,Express,Venmo
1390,33,Female,Florida,Yes,Blouse,Clothing,54.8,Spring,M,Yellow,No,No,11,Annually,4.22,Express,Credit Card
1391,47,Male,New York,No,Jacket,Outerwear,39.23,Winter,M,Brown,No,No,17,Weekly,4.01,Express,Cash
1392,23,Female,California,No,Jacket,Outerwear,44.52,Spring,L,Red,Yes,No,24,Annually,3.19,Express,Debit Card
1393,33,Male,New York,No,Blouse,Clothing,39.51,Spring,L,Brown,No,No,26,Bi-Weekly,3.55,Express,Venmo
1394,18,Male,Montana,No,T-shirt,Clothing,34.93,Spring,M,Brown,No,Yes,19,Bi-Weekly,4.16,Express,Credit Card
1395,63,Male,Arizona,No,Coat,Outerwear,105.88,Fall,XL,Purple,No,No,17,Quarterly,3.59,Express,Venmo
1396,22,Female,Illinois,No,Pants,Clothing,52.2,Winter,XL,White,Yes,No,19,Bi-Weekly,3.91,Standard,Debit Card
1397,65,Male,Florida,No,Pants,Clothing,48.81,Summer,L,Gray,No,Yes,20,Annually,4.22,Standard,Cash
1398,57,Female,Montana,No,Hoodie,Outerwear,54.79,Fall,S,Yellow,No,No,15,Annually,3.95,Express,Credit Card
1399,29,Female,New York,No,Belt,Accessories,29.03,Spring,L,Blue,No,No,16,Bi-Weekly,4.03,Express,Venmo
1400,48,Female,Illinois,No,Jacket,Outerwear,64.44,Spring,XL,Brown,No,Yes,19,Monthly,3.77,Express,Debit Card
1401,23,Male,Florida,No,Hoodie,Outerwear,46.83,Winter,S,Yellow,No,No,23,Monthly,2.82,Express,Venmo
1402,57,Male,Georgia,No,Scarf,Accessories,82.54,Spring,S,Pink,No,No,26,Monthly,4.09,Express,Credit Card
1403,46,Male,California,Yes,T-shirt,Clothing,57.6,Spring,M,Blue,No,No,27,Quarterly,4.29,Standard,PayPal
1404,37,Male,New York,No,Shoes,Footwear,94.2,Winter,S,Purple,No,No,24,Weekly,2.91,Standard,Debit Card
1405,21,Male,Ohio,No,Jewelry,Accessories,75.68,Fall,S,White,No,No,14,Bi-Weekly,3.01,Express,Debit Card
1406,60,Male,Ohio,Yes,Boots,Footwear,42.41,Fall,M,Red,Yes,Yes,16,Monthly,3.14,Standard,Debit Card
1407,50,Male,Georgia,No,Jewelry,Accessories,94.75,Spring,XL,Brown,Yes,No,29,Monthly,3.55,Express,Debit Card
1408,41,Male,California,No,Jewelry,Accessories,47.43,Summer,S,White,No,No,11,Bi-Weekly,3.95,Standard,PayPal
1409,33,Female,Florida,Yes,Sweater,Clothing,59.92,Fall,M,Pink,No,No,30,Monthly,4.3,Express,Cash
1410,44,Female,Georgia,No,Jacket,Outerwear,72.27,Fall,XL,Blue,No,Yes,25,Weekly,4.48,Express,Debit Card
1411,58,Male,Ohio,No,T-shirt,Clothing,43.56,Winter,XL,Red,No,No,11,Monthly,4.02,Express,Cash
1412,35,Male,Georgia,No,Hoodie,Outerwear,72.1,Spring,S,Green,No,No,25,Monthly,3.97,Standard,PayPal
1413,35,Female,Ohio,No,Shoes,Footwear,46.17,Spring,L,Blue,No,No,21,Monthly,3.49,Standard,Credit Card
1414,21,Male,Texas,Yes,Sunglasses,Accessories,27.17,Spring,S,Yellow,No,Yes,14,Annually,3.87,Express,Venmo
1415,56,Male,California,Yes,Jacket,Outerwear,69.46,Summer,L,Green,No,Yes,22,Annually,4.51,Express,Debit Card
1416,62,Female,New York,No,Belt,Accessories,75.11,Summer,S,Gray,No,Yes,29,Weekly,4.52,Express,Cash
1417,26,Male,Georgia,No,T-shirt,Clothing,47.24,Fall,L,Green,No,No,23,Weekly,4.17,Express,Cash
1418,21,Female,Ohio,No,Scarf,Accessories,52.89,Summer,M,Blue,No,No,24,Bi-Weekly,3.81,Express,Credit Card
1419,31,Female,Georgia,No,Hoodie,Outerwear,69.55,Spring,L,Gray,Yes,Yes,26,Annually,3.77,Express,Venmo
1420,58,Female,Ohio,No,Shoes,Footwear,39.18,Winter,S,Black,No,No,16,Quarterly,3.4,Express,Debit Card
1421,55,Male,New York,No,Scarf,Accessories,85.19,Summer,L,Purple,No,No,11,Bi-Weekly,4.75,Express,Debit Card
1422,55,Male,Georgia,No,Coat,Outerwear,51.11,Fall,S,Yellow,Yes,No,16,Quarterly,3.42,Express,PayPal
1423,46,Male,California,No,Pants,Clothing,59.75,Summer,S,Black,No,No,23,Quarterly,3.66,Standard,Debit Card
1424,40,Male,Florida,No,Sunglasses,Accessories,94.27,Spring,S,Black,No,No,17,Annually,3.87,Express,Cash
1425,18,Male,Florida,Yes,Jewelry,Accessories,75.66,Spring,M,Brown,Yes,No,16,Annually,4.21,Express,Debit Card
1426,64,Female,California,No,Scarf,Accessories,64.97,Fall,L,Brown,No,No,24,Quarterly,4.25,Express,Credit Card
1427,47,Male,California,No,Pants,Clothing,62.1,Fall,M,Black,Yes,No,15,Monthly,2.6,Standard,Cash
1428,18,Male,Florida,Yes,Shoes,Footwear,67.95,Spring,L,Purple,No,No,15,Annually,4.49,Express,Cash
1429,51,Male,Montana,Yes,Jacket,Outerwear,61.42,Spring,M,Black,No,No,24,Quarterly,3.47,Standard,Credit Card
1430,29,Male,Washington,Yes,Coat,Outerwear,77.22,Fall,S,Gray,Yes,No,13,Weekly,4.29,Standard,Debit Card
1431,26,Male,Texas,Yes,Sweater,Clothing,85.58,Winter,S,Pink,No,Yes,13,Monthly,3.42,Express,Venmo
1432,34,Male,Illinois,Yes,Scarf,Accessories,75.76,Fall,M,Green,No,No,15,Annually,4.83,Express,PayPal
1433,19,Female,Texas,No,Sandals,Footwear,86.21,Spring,XL,Red,No,No,29,Bi-Weekly,3.68,Express,Credit Card
1434,70,Male,Montana,No,Dress,Clothing,66.88,Winter,S,Pink,No,No,28,Monthly,3.63,Standard,Credit Card
1435,47,Male,Arizona,Yes,Coat,Clothing,46.9,Spring,S,Pink,No,No,28,Monthly,4.93,Standard,PayPal
1436,57,Male,Illinois,No,Belt,Accessories,68.22,Winter,XL,White,No,No,22,Weekly,4.34,Express,Cash
1437,28,Male,Ohio,No,Coat,Outerwear,86.8,Spring,L,Pink,Yes,No,15,Annually,3.73,Standard,Cash
1438,67,Female,Georgia,No,Coat,Clothing,35.58,Spring,S,Pink,No,No,13,Bi-Weekly,3.79,Express,Debit Card
1439,55,Male,Texas,No,Pants,Clothing,54.58,Summer,XL,Gray,No,No,29,Weekly,3.68,Express,Venmo
1440,54,Male,California,No,Pants,Clothing,60.23,Winter,S,Red,No,Yes,24,Bi-Weekly,3.78,Express,PayPal
1441,70,Male,Georgia,No,Boots,Footwear,62.88,Winter,M,Red,No,Yes,21,Annually,3.96,Express,PayPal
1442,41,Male,Washington,No,Pants,Clothing,51.73,Fall,S,Red,Yes,No,24,Weekly,4.92,Express,PayPal
1443,38,Female,Montana,Yes,Sweater,Clothing,59.96,Summer,M,Gray,No,No,17,Annually,3.99,Standard,PayPal
1444,61,Male,Georgia,No,Sandals,Footwear,94.07,Spring,XL,Gray,No,No,23,Annually,3.57,Express,Cash
1445,30,Male,Arizona,No,Sandals,Footwear,63.09,Spring,XL,Yellow,No,No,15,Monthly,3.77,Express,Credit Card
1446,46,Male,New York,No,Sweater,Clothing,98.11,Spring,L,Yellow,No,Yes,22,Bi-Weekly,3.6,Express,Cash
1447,58,Male,Montana,Yes,Blouse,Clothing,44.58,Summer,L,Green,Yes,No,19,Monthly,4.06,Express,Credit Card
1448,24,Male,Florida,No,Scarf,Accessories,98.3,Summer,S,Black,No,No,18,Annually,3.63,Standard,Venmo
1449,50,Female,Florida,No,Coat,Outerwear,30.58,Spring,M,Red,No,No,15,Weekly,3.54,Standard,Cash
1450,36,Male,New York,No,Dress,Clothing,95.22,Winter,XL,White,No,No,30,Annually,4.39,Standard,PayPal
1451,64,Male,New York,No,Jewelry,Accessories,42.87,Fall,XL,White,No,No,22,Quarterly,4.46,Standard,Venmo
1452,40,Female,Florida,No,Sandals,Footwear,101.54,Summer,L,Yellow,No,No,29,Monthly,3.9,Express,PayPal
1453,37,Female,Illinois,No,Boots,Footwear,46.63,Winter,S,Red,No,Yes,19,Quarterly,3.45,Standard,Cash
1454,25,Male,New York,No,Dress,Clothing,91.35,Winter,M,Pink,No,No,24,Bi-Weekly,3.12,Express,PayPal
1455,29,Female,Texas,No,Blouse,Clothing,80.35,Summer,S,Red,No,No,20,Quarterly,4.15,Express,Cash
1456,44,Male,Texas,No,Dress,Clothing,55.55,Fall,S,Blue,Yes,No,21,Weekly,3.19,Express,Venmo
1457,35,Male,Ohio,No,Scarf,Accessories,60.04,Fall,XL,Gray,No,Yes,19,Monthly,4.36,Express,Credit Card
1458,48,Male,California,No,Pants,Clothing,62.17,Winter,L,Green,No,No,13,Annually,3.61,Express,Credit Card
1459,59,Male,Illinois,Yes,Sneakers,Footwear,48.58,Spring,S,Blue,No,No,24,Annually,3.51,Standard,Venmo
1460,64,Male,Arizona,Yes,Jewelry,Accessories,102.37,Fall,M,Black,No,No,26,Weekly,4.2,Express,Debit Card
1461,66,Male,Ohio,Yes,Jewelry,Accessories,29.36,Summer,XL,Yellow,No,No,28,Weekly,3.54,Standard,Cash
1462,36,Male,New York,Yes,Shirt,Clothing,76.08,Winter,XL,Blue,Yes,No,20,Quarterly,3.9,Express,Venmo
1463,62,Male,Illinois,Yes,Jacket,Outerwear,44.34,Summer,M,Green,No,No,27,Annually,4.21,Standard,Credit Card
1464,38,Female,Ohio,No,Shoes,Footwear,62.43,Spring,XL,Pink,No,Yes,29,Bi-Weekly,4.18,Express,Cash
1465,42,Male,Georgia,No,Coat,Clothing,47.05,Winter,S,Black,No,Yes,16,Bi-Weekly,4.22,Express,Cash
1466,34,Female,Texas,No,Coat,Outerwear,86.05,Summer,S,Pink,No,No,25,Quarterly,2.85,Standard,Debit Card
1467,45,Male,Illinois,Yes,Shirt,Clothing,42.91,Spring,M,Red,No,Yes,19,Quarterly,3.13,Express,PayPal
1468,44,Female,Ohio,No,Sunglasses,Accessories,49.69,Fall,M,Blue,Yes,No,17,Bi-Weekly,3.32,Express,PayPal
1469,27,Male,Montana,Yes,Belt,Accessories,72.68,Summer,S,Brown,No,No,22,Weekly,3.07,Express,PayPal
1470,33,Male,Ohio,No,Blouse,Clothing,40.29,Summer,L,Blue,No,No,29,Annually,4.32,Express,Venmo
1471,52,Female,Montana,No,Coat,Outerwear,37.18,Summer,M,Pink,Yes,Yes,27,Monthly,3.74,Standard,Venmo
1472,70,Male,Texas,Yes,Hoodie,Outerwear,23.06,Summer,L,Brown,Yes,No,24,Annually,3.14,Express,Cash
1473,42,Male,Arizona,No,Sneakers,Footwear,87.0,Spring,S,Pink,Yes,No,12,Monthly,4.0,Express,Venmo
1474,59,Male,Washington,No,Coat,Clothing,58.96,Spring,M,Green,No,No,12,Monthly,3.21,Express,Venmo
1475,50,Male,Montana,No,Sunglasses,Accessories,31.92,Winter,S,Purple,No,No,20,Monthly,4.36,Express,Credit Card
1476,49,Male,Arizona,Yes,Dress,Clothing,64.13,Fall,M,Purple,Yes,Yes,23,Quarterly,4.0,Express,Credit Card
1477,30,Female,New York,No,Sweater,Clothing,31.8,Spring,S,Red,No,No,16,Weekly,2.65,Express,Credit Card
1478,60,Male,Georgia,No,Shoes,Footwear,76.59,Fall,S,Yellow,No,Yes,15,Monthly,3.32,Standard,Venmo
1479,53,Female,Washington,No,Belt,Accessories,46.47,Spring,M,Pink,No,Yes,27,Quarterly,4.18,Express,Cash
1480,20,Male,California,No,Blouse,Clothing,42.74,Winter,S,Green,No,No,11,Annually,3.83,Standard,Debit Card
1481,33,Female,Arizona,No,Sandals,Footwear,34.44,Winter,M,Pink,No,No,30,Quarterly,4.34,Express,Venmo
1482,55,Female,Florida,No,T-shirt,Clothing,85.91,Summer,M,Red,Yes,No,11,Weekly,3.71,Standard,Debit Card
1483,29,Male,Florida,No,Sneakers,Footwear,32.4,Fall,L,Purple,No,No,28,Annually,3.17,Express,PayPal
1484,50,Male,Ohio,Yes,Jewelry,Accessories,75.23,Fall,M,Black,Yes,No,21,Weekly,3.28,Standard,Venmo
1485,30,Male,Montana,No,Sweater,Clothing,51.62,Spring,M,Gray,No,Yes,16,Bi-Weekly,3.95,Standard,Venmo
1486,51,Female,Georgia,No,Skirt,Clothing,25.24,Fall,S,Pink,No,No,21,Bi-Weekly,3.51,Express,Debit Card
1487,26,Male,Arizona,No,Blouse,Clothing,62.21,Fall,S,Brown,No,No,23,Bi-Weekly,3.86,Express,Venmo
1488,45,Female,Florida,No,Sunglasses,Accessories,70.05,Spring,L,Brown,Yes,Yes,14,Bi-Weekly,3.57,Standard,Credit Card
1489,66,Male,Texas,Yes,Jacket,Outerwear,34.48,Spring,M,Purple,No,No,15,Monthly,3.73,Standard,Cash
1490,48,Male,Georgia,Yes,Jewelry,Accessories,73.96,Spring,S,White,No,No,15,Bi-Weekly,4.76,Express,Venmo
1491,21,Male,Arizona,Yes,Sneakers,Footwear,31.15,Summer,S,Pink,No,No,23,Monthly,3.58,Express,Debit Card
1492,48,Female,Montana,No,Blouse,Clothing,33.13,Summer,S,Green,Yes,No,18,Quarterly,3.94,Standard,Credit Card
1493,51,Male,Texas,No,Boots,Footwear,47.32,Fall,XL,Purple,No,No,13,Weekly,2.92,Express,Credit Card
1494,68,Male,Florida,No,Sneakers,Footwear,84.21,Summer,S,Brown,No,No,30,Quarterly,3.08,Express,Cash
1495,46,Male,California,No,Sandals,Footwear,85.29,Summer,XL,Yellow,No,No,24,Annually,3.52,Express,Debit Card
1496,56,Male,California,Yes,Sneakers,Footwear,43.53,Spring,L,Green,No,No,22,Quarterly,4.53,Express,Debit Card
1497,43,Female,Washington,No,Dress,Clothing,58.07,Fall,XL,Brown,No,Yes,27,Annually,4.38,Express,Credit Card
1498,49,Male,Washington,No,Shoes,Footwear,62.49,Fall,M,White,No,No,30,Quarterly,3.29,Express,Venmo
1499,64,Female,Georgia,No,Skirt,Clothing,82.82,Winter,S,Green,No,No,17,Weekly,3.68,Express,Cash
1500,22,Female,Florida,No,Shoes,Footwear,53.57,Fall,S,Green,No,No,30,Quarterly,2.86,Express,PayPal
1501,28,Male,Texas,No,Dress,Clothing,37.86,Fall,L,Brown,No,No,29,Annually,2.77,Express,PayPal
1502,50,Male,New York,No,Sneakers,Footwear,45.35,Fall,M,White,Yes,No,20,Weekly,3.91,Express,Cash
1503,46,Female,Montana,No,Coat,Outerwear,19.93,Spring,S,Pink,Yes,Yes,22,Weekly,3.52,Express,Cash
1504,54,Male,Arizona,No,Shoes,Footwear,79.34,Winter,XL,Blue,No,Yes,11,Monthly,3.61,Express,Venmo
1505,50,Male,Florida,No,Blouse,Clothing,69.45,Fall,M,Brown,No,Yes,21,Weekly,3.22,Express,Cash
1506,40,Male,Montana,No,Jewelry,Accessories,73.01,Fall,M,Gray,No,Yes,25,Monthly,3.18,Standard,Venmo
1507,54,Female,Illinois,No,Scarf,Accessories,76.66,Winter,M,Blue,No,Yes,13,Monthly,4.31,Express,Venmo
1508,36,Female,Florida,No,T-shirt,Clothing,78.42,Fall,S,Green,No,No,15,Bi-Weekly,3.16,Express,Cash
1509,30,Male,Ohio,Yes,Shoes,Footwear,62.6,Fall,L,Pink,Yes,No,23,Weekly,3.25,Express,Cash
1510,29,Male,Illinois,No,Shirt,Clothing,43.68,Summer,L,Gray,Yes,Yes,14,Quarterly,3.39,Standard,Credit Card
1511,46,Female,California,No,Coat,Clothing,19.16,Summer,S,Brown,Yes,No,21,Monthly,4.02,Express,PayPal
1512,46,Female,Arizona,Yes,Boots,Footwear,69.86,Summer,S,Purple,No,No,18,Annually,3.47,Standard,PayPal
1513,52,Female,Washington,No,Pants,Clothing,67.15,Spring,L,Pink,No,No,30,Quarterly,3.97,Express,Credit Card
1514,22,Male,Florida,No,Shoes,Footwear,23.63,Summer,S,Gray,No,No,21,Annually,3.78,Express,PayPal
1515,68,Male,Washington,Yes,Hoodie,Outerwear,15.0,Winter,XL,Yellow,No,No,20,Monthly,3.38,Standard,Credit Card
1516,23,Male,Florida,No,Sweater,Clothing,81.23,Spring,XL,Pink,No,No,18,Annually,4.51,Express,PayPal
1517,40,Female,Arizona,No,Sweater,Clothing,62.85,Summer,S,Black,No,No,17,Bi-Weekly,4.07,Express,Credit Card
1518,66,Male,Georgia,No,Jewelry,Accessories,87.46,Winter,XL,Yellow,No,Yes,11,Weekly,5.0,Standard,Debit Card
1519,68,Female,Arizona,No,Jewelry,Accessories,53.0,Summer,S,Yellow,No,Yes,26,Bi-Weekly,3.64,Express,Credit Card
1520,30,Male,Georgia,Yes,Sandals,Footwear,34.54,Fall,XL,Brown,No,No,21,Monthly,3.66,Standard,Credit Card
1521,61,Male,Georgia,No,Boots,Footwear,51.06,Winter,L,Pink,No,Yes,22,Quarterly,3.05,Express,Credit Card
1522,60,Female,California,Yes,Coat,Outerwear,39.76,Winter,L,Purple,No,No,21,Monthly,3.73,Express,Debit Card
1523,50,Male,Florida,No,T-shirt,Clothing,73.43,Winter,M,Green,No,No,28,Quarterly,3.45,Express,Venmo
1524,37,Female,Ohio,No,Blouse,Clothing,92.67,Summer,XL,Pink,No,No,15,Annually,3.48,Express,Debit Card
1525,29,Male,Arizona,No,Sunglasses,Accessories,77.73,Winter,XL,Gray,No,No,18,Weekly,3.89,Express,Credit Card
1526,18,Male,Georgia,Yes,Sunglasses,Accessories,52.65,Fall,XL,Gray,Yes,No,21,Monthly,4.28,Express,Venmo
1527,64,Male,California,No,Sandals,Footwear,68.75,Spring,XL,Black,Yes,No,26,Annually,4.33,Express,Venmo
1528,64,Male,Washington,Yes,Shoes,Footwear,54.93,Summer,XL,Blue,Yes,No,14,Annually,4.34,Express,PayPal
1529,65,Female,Washington,No,Sandals,Footwear,41.69,Spring,XL,Blue,No,No,22,Quarterly,3.4,Express,PayPal
1530,30,Female,California,No,Sweater,Clothing,73.14,Winter,L,Black,Yes,No,22,Monthly,3.7,Standard,Credit Card
1531,23,Male,Washington,No,Belt,Accessories,34.17,Spring,S,Gray,No,No,16,Bi-Weekly,3.95,Standard,Credit Card
1532,58,Female,New York,Yes,Sneakers,Footwear,42.83,Fall,S,Pink,Yes,Yes,14,Annually,3.83,Express,Venmo
1533,18,Male,Texas,No,Coat,Outerwear,47.87,Winter,L,Red,Yes,No,28,Bi-Weekly,3.3,Express,Debit Card
1534,62,Male,Arizona,No,Coat,Clothing,53.4,Fall,M,Yellow,No,No,26,Quarterly,4.16,Standard,Venmo
1535,22,Male,Washington,No,Sweater,Clothing,43.28,Winter,XL,White,No,Yes,13,Weekly,3.83,Express,PayPal
1536,70,Male,Arizona,No,T-shirt,Clothing,16.06,Fall,L,Blue,No,No,28,Monthly,3.74,Standard,Venmo
1537,66,Female,New York,Yes,Boots,Footwear,68.5,Winter,S,Yellow,No,No,19,Annually,3.58,Express,Debit Card
1538,51,Male,Ohio,Yes,Skirt,Clothing,45.57,Fall,XL,Blue,No,Yes,18,Annually,3.62,Express,Debit Card
1539,45,Male,Washington,Yes,Coat,Clothing,76.54,Summer,XL,Red,No,No,15,Weekly,3.64,Standard,Venmo
1540,70,Female,New York,No,Scarf,Accessories,31.6,Summer,M,Green,No,No,26,Monthly,3.2,Express,PayPal
1541,43,Male,Arizona,No,Pants,Clothing,51.77,Spring,L,Green,No,No,24,Bi-Weekly,3.83,Express,Debit Card
1542,29,Male,Montana,No,Sweater,Clothing,66.26,Fall,S,White,No,Yes,21,Monthly,3.72,Express,Venmo
1543,27,Male,Washington,No,Jewelry,Accessories,73.98,Spring,L,Blue,No,No,28,Weekly,4.49,Standard,Debit Card
1544,68,Male,Ohio,No,Shoes,Footwear,47.2,Spring,M,Red,Yes,No,28,Weekly,3.95,Express,Debit Card
1545,38,Male,California,Yes,Belt,Accessories,95.44,Spring,L,Black,No,No,11,Quarterly,3.48,Express,Cash
1546,57,Male,Ohio,Yes,Blouse,Clothing,52.33,Summer,S,Green,Yes,No,22,Weekly,3.52,Standard,PayPal
1547,28,Female,Texas,No,T-shirt,Clothing,70.15,Summer,XL,Yellow,No,Yes,13,Quarterly,2.86,Standard,Credit Card
1548,24,Female,Texas,Yes,Sunglasses,Accessories,64.3,Fall,M,Red,No,No,27,Quarterly,3.78,Express,Credit Card
1549,43,Male,Arizona,No,Belt,Accessories,96.36,Summer,XL,White,No,No,25,Monthly,3.97,Express,Debit Card
1550,55,Female,Ohio,Yes,Jacket,Outerwear,55.9,Winter,S,Red,Yes,No,27,Bi-Weekly,2.79,Standard,Credit Card
1551,59,Male,Texas,No,Coat,Clothing,44.34,Fall,L,Gray,No,No,20,Bi-Weekly,3.95,Standard,Venmo
1552,42,Male,New York,No,Sweater,Clothing,84.26,Spring,L,Gray,No,No,29,Monthly,3.58,Express,Credit Card
1553,62,Male,California,Yes,Sweater,Clothing,22.48,Fall,M,Yellow,No,No,16,Weekly,4.3,Express,Credit Card
1554,50,Male,Texas,Yes,Pants,Clothing,27.68,Summer,M,Yellow,No,Yes,14,Monthly,4.02,Standard,Credit Card
1555,44,Female,Illinois,Yes,Coat,Outerwear,75.72,Winter,S,Yellow,No,No,13,Bi-Weekly,3.79,Express,PayPal
1556,27,Male,Texas,No,Dress,Clothing,45.52,Summer,XL,White,No,No,28,Bi-Weekly,4.19,Express,Credit Card
1557,21,Male,Washington,No,Coat,Clothing,47.09,Summer,XL,Gray,No,No,29,Monthly,4.26,Express,Venmo
1558,64,Female,Ohio,Yes,Sandals,Footwear,32.65,Fall,M,Green,No,No,20,Bi-Weekly,3.67,Express,Cash
1559,28,Female,Georgia,No,Belt,Accessories,57.52,Spring,S,Black,No,No,23,Bi-Weekly,4.42,Express,Credit Card
1560,65,Male,Washington,No,Dress,Clothing,25.62,Summer,L,Gray,No,No,20,Bi-Weekly,3.6,Express,PayPal
1561,65,Male,Ohio,Yes,Jewelry,Accessories,99.07,Fall,M,Red,No,No,26,Bi-Weekly,3.93,Express,Credit Card
1562,39,Female,Ohio,No,Skirt,Clothing,94.18,Fall,S,Red,Yes,No,20,Annually,4.54,Express,Credit Card
1563,30,Female,Georgia,No,Sweater,Clothing,65.33,Fall,XL,Gray,No,No,25,Weekly,4.65,Standard,Debit Card
1564,66,Male,New York,No,Shoes,Footwear,57.05,Fall,S,Green,No,Yes,16,Bi-Weekly,3.53,Express,Venmo
1565,68,Male,Florida,No,Sweater,Clothing,70.66,Summer,S,White,No,Yes,19,Monthly,4.81,Standard,PayPal
1566,64,Male,Florida,No,Sweater,Clothing,67.23,Spring,L,White,Yes,No,28,Bi-Weekly,4.16,Express,Credit Card
1567,43,Male,Florida,No,Scarf,Accessories,46.76,Fall,XL,Yellow,No,No,11,Bi-Weekly,3.28,Express,Cash
1568,49,Female,Texas,Yes,Pants,Clothing,58.85,Winter,M,Black,No,No,21,Bi-Weekly,3.94,Express,Venmo
1569,30,Male,Washington,No,Shirt,Clothing,110.0,Summer,XL,Yellow,No,No,25,Bi-Weekly,4.11,Express,Debit Card
1570,47,Male,New York,No,Hoodie,Outerwear,54.13,Spring,S,Brown,Yes,Yes,30,Annually,4.53,Standard,Venmo
1571,34,Female,Montana,No,Sunglasses,Accessories,56.75,Winter,S,White,No,No,27,Quarterly,4.26,Express,Credit Card
1572,49,Male,Montana,No,Jacket,Outerwear,60.27,Spring,L,Black,No,No,20,Quarterly,3.94,Express,Cash
1573,19,Male,Texas,No,Pants,Clothing,56.19,Spring,S,Pink,No,No,26,Weekly,3.09,Standard,Cash
1574,66,Female,Illinois,Yes,Blouse,Clothing,63.75,Fall,L,Green,No,No,26,Bi-Weekly,3.25,Standard,PayPal
1575,33,Male,Georgia,Yes,Pants,Clothing,26.02,Winter,XL,Purple,No,No,14,Quarterly,4.24,Express,Venmo
1576,36,Male,Florida,No,Sneakers,Footwear,69.72,Spring,M,Yellow,No,No,20,Weekly,3.9,Express,Credit Card
1577,52,Male,Ohio,No,Hoodie,Outerwear,62.81,Winter,M,Yellow,Yes,No,23,Quarterly,3.74,Express,Venmo
1578,69,Male,Ohio,No,Jacket,Outerwear,69.77,Winter,M,Pink,No,No,19,Annually,3.51,Express,Venmo
1579,23,Female,Texas,No,Blouse,Clothing,102.08,Winter,S,Yellow,No,No,28,Bi-Weekly,3.6,Standard,Cash
1580,54,Male,Washington,Yes,Scarf,Accessories,40.11,Summer,XL,Yellow,No,No,17,Bi-Weekly,5.0,Standard,Cash
1581,47,Male,Washington,No,Sunglasses,Accessories,88.49,Fall,L,Green,Yes,No,18,Monthly,3.19,Standard,Credit Card
1582,30,Male,Ohio,No,Sneakers,Footwear,52.64,Winter,S,White,No,No,23,Annually,4.59,Express,Debit Card
1583,57,Male,Georgia,No,Jacket,Outerwear,75.67,Spring,S,Purple,No,Yes,18,Quarterly,2.93,Express,PayPal
1584,29,Male,Ohio,No,Belt,Accessories,48.05,Fall,L,Yellow,No,No,23,Quarterly,4.43,Express,PayPal
1585,43,Male,Texas,No,Coat,Clothing,41.53,Fall,XL,Pink,No,No,21,Quarterly,4.14,Express,Cash
1586,68,Male,California,No,Belt,Accessories,66.79,Spring,L,Purple,Yes,No,13,Annually,3.1,Standard,Credit Card
1587,20,Female,Ohio,Yes,Belt,Accessories,38.03,Winter,S,Gray,No,No,11,Quarterly,3.99,Express,PayPal
1588,40,Male,Florida,No,Boots,Footwear,37.83,Spring,XL,Green,No,Yes,20,Weekly,4.84,Express,Debit Card
1589,52,Female,Illinois,No,Shirt,Clothing,71.35,Fall,L,Blue,Yes,Yes,12,Quarterly,3.59,Standard,Cash
1590,44,Male,Washington,Yes,Sunglasses,Accessories,59.61,Spring,S,Yellow,No,No,18,Weekly,3.63,Express,Venmo
1591,58,Male,Montana,Yes,Jewelry,Accessories,16.54,Fall,L,Purple,Yes,No,25,Bi-Weekly,3.89,Express,Venmo
1592,62,Male,Illinois,No,Skirt,Clothing,53.03,Summer,L,Brown,No,No,22,Weekly,3.7,Express,Cash
1593,66,Female,Montana,No,Skirt,Clothing,98.19,Summer,S,Purple,No,Yes,14,Weekly,3.2,Express,PayPal
1594,45,Female,Georgia,No,Scarf,Accessories,110.0,Summer,XL,White,No,Yes,28,Annually,4.33,Standard,Cash
1595,63,Male,Illinois,No,Skirt,Clothing,48.78,Winter,XL,Green,No,Yes,24,Monthly,3.71,Standard,Credit Card
1596,24,Male,Arizona,No,Blouse,Clothing,74.08,Fall,L,Brown,No,No,28,Weekly,4.36,Express,PayPal
1597,20,Male,Florida,Yes,Scarf,Accessories,70.66,Spring,M,Gray,No,No,14,Monthly,3.43,Express,Credit Card
1598,53,Male,Arizona,No,Scarf,Accessories,82.48,Summer,S,Blue,No,No,19,Bi-Weekly,3.34,Express,Venmo
1599,67,Male,California,No,Hoodie,Outerwear,35.07,Winter,M,Green,No,No,16,Quarterly,3.52,Standard,Cash
1600,50,Male,Illinois,No,T-shirt,Clothing,77.37,Spring,L,Purple,No,No,18,Quarterly,3.44,Express,Venmo
1601,69,Female,California,Yes,Coat,Outerwear,79.48,Winter,M,Yellow,Yes,No,30,Monthly,4.66,Standard,Credit Card
1602,57,Female,Texas,No,Blouse,Clothing,43.24,Winter,XL,Black,No,No,16,Quarterly,4.3,Express,PayPal
1603,41,Male,Washington,No,Skirt,Clothing,88.92,Summer,XL,Yellow,No,Yes,13,Bi-Weekly,3.24,Standard,Venmo
1604,64,Female,California,Yes,Coat,Outerwear,65.39,Fall,M,Green,No,No,29,Monthly,3.04,Express,Venmo
1605,55,Male,Washington,No,Pants,Clothing,48.52,Summer,S,Pink,No,No,15,Monthly,3.92,Standard,Cash
1606,42,Male,New York,Yes,Pants,Clothing,29.88,Spring,S,Blue,No,Yes,29,Quarterly,4.0,Express,Credit Card
1607,58,Female,Montana,No,Sandals,Footwear,42.48,Fall,S,Pink,No,No,23,Monthly,3.8,Express,Cash
1608,56,Male,Georgia,Yes,Coat,Outerwear,84.98,Fall,S,Black,No,Yes,26,Annually,3.06,Express,Credit Card
1609,25,Male,Washington,Yes,Sunglasses,Accessories,58.09,Winter,XL,Blue,No,No,28,Quarterly,4.01,Express,PayPal
1610,29,Female,Georgia,Yes,Boots,Footwear,88.47,Spring,XL,Purple,No,No,13,Bi-Weekly,4.13,Standard,Debit Card
1611,22,Male,Florida,Yes,Scarf,Accessories,47.33,Summer,S,Yellow,No,No,23,Bi-Weekly,4.23,Express,PayPal
1612,22,Male,Georgia,No,Sunglasses,Accessories,62.28,Summer,L,Red,Yes,No,16,Quarterly,3.72,Express,Debit Card
1613,48,Female,Washington,No,Blouse,Clothing,57.46,Winter,L,Black,No,No,13,Weekly,3.97,Express,Venmo
1614,27,Female,California,No,Skirt,Clothing,51.78,Spring,M,Green,No,No,11,Monthly,3.54,Express,Cash
1615,42,Male,Ohio,No,Sandals,Footwear,56.34,Spring,S,Blue,No,No,18,Bi-Weekly,3.17,Express,Venmo
1616,30,Female,Ohio,No,Shoes,Footwear,80.85,Spring,XL,Purple,Yes,Yes,26,Weekly,4.04,Express,PayPal
1617,44,Female,Texas,Yes,Shoes,Footwear,74.49,Spring,S,White,No,Yes,30,Bi-Weekly,3.48,Standard,Credit Card
1618,35,Male,Florida,No,Coat,Outerwear,57.87,Summer,S,Gray,Yes,No,24,Quarterly,3.65,Express,Venmo
1619,38,Male,Illinois,No,Jewelry,Accessories,71.41,Fall,L,Pink,Yes,Yes,18,Quarterly,4.49,Express,Credit Card
1620,41,Female,Georgia,No,Shirt,Clothing,82.16,Fall,M,Yellow,No,Yes,23,Weekly,3.36,Express,Venmo
1621,26,Male,California,Yes,Blouse,Clothing,30.45,Spring,L,Brown,No,No,20,Monthly,3.96,Express,Cash
1622,34,Male,Illinois,Yes,Sneakers,Footwear,70.61,Fall,S,Gray,Yes,No,16,Monthly,4.18,Express,PayPal
1623,60,Female,Texas,No,Belt,Accessories,95.2,Spring,S,Gray,No,No,17,Monthly,2.94,Express,Credit Card
1624,41,Male,Georgia,Yes,T-shirt,Clothing,76.83,Spring,M,Black,Yes,No,25,Quarterly,4.1,Express,Cash
1625,51,Male,Arizona,Yes,Sneakers,Footwear,48.93,Summer,M,Green,Yes,No,21,Bi-Weekly,4.13,Standard,Debit Card
1626,37,Male,Florida,No,Shirt,Clothing,90.68,Winter,XL,Purple,Yes,No,19,Bi-Weekly,3.46,Express,Credit Card
1627,19,Male,Florida,No,Boots,Footwear,87.16,Summer,L,Gray,No,No,30,Annually,4.28,Express,Cash
1628,19,Female,Montana,No,Coat,Clothing,44.51,Summer,S,Yellow,No,Yes,25,Bi-Weekly,3.09,Express,PayPal
1629,26,Male,Ohio,No,Sandals,Footwear,63.67,Summer,L,Red,No,No,17,Annually,3.52,Express,PayPal
1630,39,Male,California,No,Sweater,Clothing,58.14,Winter,XL,Gray,No,No,12,Annually,2.95,Express,Debit Card
1631,41,Female,Washington,No,T-shirt,Clothing,58.75,Winter,XL,Brown,No,No,11,Weekly,4.01,Standard,Debit Card
1632,38,Male,Illinois,No,Dress,Clothing,76.95,Fall,L,Pink,No,No,22,Monthly,4.09,Express,Cash
1633,68,Male,Washington,Yes,Sweater,Clothing,83.6,Fall,XL,White,No,No,16,Annually,3.61,Express,Debit Card
1634,28,Male,Ohio,No,Jewelry,Accessories,81.79,Summer,S,Green,No,No,18,Monthly,4.06,Standard,PayPal
1635,29,Male,Illinois,No,Hoodie,Outerwear,56.37,Fall,XL,Gray,No,No,15,Quarterly,3.71,Express,PayPal
1636,33,Male,Montana,No,Boots,Footwear,53.34,Fall,S,Purple,No,No,13,Weekly,5.0,Express,Cash
1637,26,Male,Montana,No,Sweater,Clothing,42.99,Summer,S,Blue,No,No,28,Bi-Weekly,2.82,Express,Cash
1638,22,Male,Washington,No,T-shirt,Clothing,54.07,Spring,L,Black,Yes,No,13,Bi-Weekly,3.46,Express,Venmo
1639,28,Male,Illinois,No,Sneakers,Footwear,52.93,Summer,M,Purple,No,No,26,Monthly,3.89,Standard,Debit Card
1640,31,Female,Illinois,No,Sweater,Clothing,59.61,Winter,M,Gray,Yes,Yes,23,Bi-Weekly,2.32,Express,Debit Card
1641,26,Female,Texas,No,Skirt,Clothing,43.01,Fall,M,Pink,No,No,17,Quarterly,4.37,Express,Venmo
1642,18,Male,Georgia,No,Hoodie,Outerwear,42.97,Summer,M,Purple,No,No,22,Weekly,3.96,Express,Credit Card
1643,20,Male,Montana,Yes,Boots,Footwear,60.92,Spring,XL,Black,No,Yes,16,Bi-Weekly,4.49,Express,Cash
1644,38,Male,Washington,No,Skirt,Clothing,73.27,Fall,XL,Brown,Yes,No,15,Bi-Weekly,3.67,Standard,Debit Card
1645,41,Male,New York,Yes,Shoes,Footwear,28.07,Spring,L,Brown,No,No,25,Annually,3.6,Express,PayPal
1646,56,Female,Washington,Yes,Scarf,Accessories,36.73,Fall,L,Pink,Yes,No,20,Weekly,3.54,Express,Venmo
1647,39,Female,Arizona,No,Skirt,Clothing,38.2,Summer,L,Black,Yes,Yes,22,Quarterly,4.43,Express,Debit Card
1648,54,Male,Florida,No,Belt,Accessories,98.09,Fall,L,Red,No,Yes,27,Bi-Weekly,4.22,Express,Venmo
1649,68,Male,Illinois,No,Sandals,Footwear,76.58,Summer,L,Brown,No,No,26,Weekly,3.95,Express,Credit Card
1650,27,Male,Texas,No,Hoodie,Outerwear,79.29,Summer,L,Red,No,Yes,25,Monthly,3.83,Express,Debit Card
1651,43,Male,Texas,No,Boots,Footwear,97.18,Spring,XL,Red,No,Yes,18,Weekly,3.57,Express,Debit Card
1652,50,Male,Arizona,No,Hoodie,Outerwear,66.0,Summer,S,Red,Yes,No,19,Annually,4.22,Express,Debit Card
1653,52,Female,Florida,No,Jacket,Outerwear,39.53,Spring,L,Blue,No,No,25,Quarterly,4.55,Express,Cash
1654,64,Male,Georgia,Yes,Jewelry,Accessories,62.17,Summer,L,Blue,No,Yes,24,Annually,4.46,Standard,Cash
1655,40,Male,Washington,No,Blouse,Clothing,52.57,Winter,XL,Blue,No,Yes,30,Monthly,3.87,Standard,Cash
1656,27,Male,California,Yes,Shirt,Clothing,54.67,Summer,S,Brown,No,No,16,Monthly,3.78,Standard,Debit Card
1657,70,Male,Illinois,No,Jacket,Outerwear,64.85,Fall,L,Red,No,No,29,Bi-Weekly,3.6,Express,Venmo
1658,30,Female,New York,No,T-shirt,Clothing,44.06,Spring,M,Brown,No,No,17,Bi-Weekly,3.89,Express,Debit Card
1659,46,Female,Texas,No,Jewelry,Accessories,58.13,Fall,XL,Red,No,No,19,Quarterly,3.87,Standard,Venmo
1660,21,Female,Georgia,No,Blouse,Clothing,61.04,Spring,L,Pink,No,No,25,Annually,3.91,Standard,Cash
1661,58,Male,New York,No,Shirt,Clothing,61.83,Spring,XL,Yellow,No,No,23,Annually,5.0,Express,Venmo
1662,59,Male,Arizona,No,Sneakers,Footwear,54.18,Spring,L,Green,Yes,No,23,Monthly,4.98,Standard,Credit Card
1663,37,Male,Georgia,No,Sweater,Clothing,90.9,Summer,S,Green,No,Yes,15,Bi-Weekly,3.44,Express,Cash
1664,57,Male,Washington,No,Coat,Outerwear,71.34,Fall,S,Red,No,No,12,Monthly,3.2,Express,Debit Card
1665,60,Female,Ohio,No,Hoodie,Outerwear,54.58,Fall,M,Yellow,No,No,17,Quarterly,3.02,Standard,PayPal
1666,69,Male,Texas,No,Scarf,Accessories,74.59,Winter,M,Brown,No,No,13,Weekly,3.51,Express,Debit Card
1667,70,Female,Washington,No,Skirt,Clothing,75.55,Summer,S,Yellow,No,Yes,19,Monthly,3.64,Express,Venmo
1668,36,Female,Ohio,No,Coat,Clothing,37.19,Spring,L,Blue,No,No,14,Weekly,3.45,Express,Venmo
1669,62,Male,Georgia,Yes,Coat,Outerwear,78.12,Fall,XL,Purple,No,No,23,Weekly,3.75,Express,Debit Card
1670,65,Male,Georgia,No,T-shirt,Clothing,16.89,Spring,XL,Blue,Yes,No,15,Bi-Weekly,3.57,Express,Venmo
1671,48,Male,Florida,Yes,Jacket,Outerwear,27.53,Summer,XL,Black,No,No,13,Monthly,3.41,Express,Debit Card
1672,32,Male,Ohio,Yes,Sunglasses,Accessories,78.18,Spring,S,Blue,No,Yes,20,Annually,4.41,Express,Venmo
1673,28,Female,Washington,No,Skirt,Clothing,37.39,Winter,L,Brown,No,Yes,24,Weekly,4.08,Standard,Venmo
1674,55,Male,Illinois,No,Boots,Footwear,35.58,Summer,L,Purple,No,No,28,Monthly,3.33,Express,PayPal
1675,49,Male,Illinois,No,Sneakers,Footwear,15.0,Spring,XL,Pink,No,No,30,Weekly,3.57,Standard,Credit Card
1676,33,Male,Montana,No,Sweater,Clothing,70.64,Fall,M,Green,No,Yes,19,Weekly,4.03,Express,Cash
1677,63,Male,California,No,Sweater,Clothing,54.58,Winter,S,Brown,Yes,No,26,Monthly,2.59,Express,PayPal
1678,33,Male,Ohio,No,Shirt,Clothing,71.32,Spring,XL,Green,No,No,23,Quarterly,3.27,Express,Debit Card
1679,30,Male,Illinois,No,Boots,Footwear,73.08,Spring,M,Pink,No,Yes,28,Bi-Weekly,4.31,Express,Debit Card
1680,24,Female,Arizona,No,Pants,Clothing,63.84,Winter,S,Red,Yes,No,19,Quarterly,4.01,Express,Credit Card
1681,41,Female,Arizona,No,Belt,Accessories,45.9,Summer,XL,White,No,No,11,Annually,3.29,Express,Venmo
1682,41,Male,Montana,No,Pants,Clothing,46.31,Winter,XL,Pink,No,No,22,Quarterly,2.96,Express,PayPal
1683,64,Male,Texas,No,Boots,Footwear,43.22,Winter,XL,Pink,No,No,25,Monthly,3.24,Express,Cash
1684,28,Male,Florida,Yes,Sneakers,Footwear,36.89,Spring,L,Purple,Yes,No,20,Monthly,2.44,Express,PayPal
1685,30,Male,Ohio,No,Hoodie,Outerwear,57.58,Spring,L,Blue,No,Yes,27,Monthly,4.08,Express,Cash
1686,39,Male,Arizona,No,Blouse,Clothing,60.23,Spring,L,Yellow,No,No,24,Annually,3.35,Express,Credit Card
1687,24,Male,Arizona,No,Sneakers,Footwear,78.65,Winter,M,Black,No,No,12,Quarterly,3.94,Express,Venmo
1688,54,Male,Florida,No,Shoes,Footwear,19.62,Winter,M,Red,Yes,No,23,Bi-Weekly,4.53,Express,Venmo
1689,69,Male,Montana,Yes,T-shirt,Clothing,60.26,Summer,XL,Purple,No,No,24,Quarterly,4.24,Express,Venmo
1690,49,Male,Montana,Yes,Sunglasses,Accessories,89.06,Summer,XL,Gray,No,No,23,Monthly,2.95,Express,Venmo
1691,57,Female,Texas,No,Sunglasses,Accessories,39.45,Summer,M,Pink,No,No,27,Annually,4.21,Express,Venmo
1692,21,Male,Illinois,No,Dress,Clothing,18.18,Winter,S,Purple,No,No,20,Monthly,3.57,Express,PayPal
1693,61,Male,California,No,Shoes,Footwear,51.01,Fall,S,Yellow,No,No,21,Annually,3.53,Express,PayPal
1694,68,Male,New York,Yes,Skirt,Clothing,23.44,Spring,L,White,No,Yes,11,Quarterly,4.06,Express,Venmo
1695,32,Male,Arizona,No,Jewelry,Accessories,45.18,Spring,L,Brown,No,No,30,Annually,3.58,Express,PayPal
1696,69,Male,Montana,Yes,Jewelry,Accessories,76.79,Spring,XL,Red,Yes,No,27,Monthly,3.43,Standard,Debit Card
1697,68,Male,Illinois,No,Sneakers,Footwear,61.61,Fall,M,Black,Yes,Yes,11,Weekly,4.01,Express,Credit Card
1698,48,Male,Arizona,No,Pants,Clothing,71.91,Fall,S,Black,Yes,No,28,Weekly,3.96,Express,Cash
1699,60,Male,California,No,Boots,Footwear,54.63,Summer,XL,Pink,No,No,19,Monthly,4.24,Express,Cash
1700,19,Male,Montana,No,T-shirt,Clothing,36.65,Spring,S,Yellow,No,No,17,Weekly,3.14,Express,Debit Card
1701,19,Female,California,Yes,Coat,Clothing,27.42,Summer,XL,Yellow,Yes,Yes,14,Weekly,4.58,Express,Venmo
1702,36,Male,Florida,No,Boots,Footwear,50.66,Fall,L,Pink,No,No,23,Bi-Weekly,3.83,Express,Credit Card
1703,29,Male,New York,No,Belt,Accessories,58.06,Summer,M,Yellow,No,No,21,Quarterly,3.99,Express,Venmo
1704,33,Male,New York,No,Belt,Accessories,47.39,Summer,XL,Red,No,No,11,Quarterly,4.5,Standard,Venmo
1705,38,Male,Ohio,No,Scarf,Accessories,68.73,Winter,M,White,No,No,17,Quarterly,3.29,Express,PayPal
1706,50,Female,Ohio,No,Coat,Outerwear,45.84,Spring,M,Yellow,Yes,No,18,Monthly,3.6,Express,Debit Card
1707,54,Female,New York,No,T-shirt,Clothing,88.98,Fall,S,Pink,No,No,17,Bi-Weekly,3.72,Express,Debit Card
1708,69,Male,Georgia,No,T-shirt,Clothing,79.57,Summer,L,Blue,No,No,28,Monthly,3.57,Standard,Venmo
1709,20,Male,New York,No,Sandals,Footwear,38.52,Summer,M,Purple,Yes,No,20,Bi-Weekly,3.92,Express,PayPal
1710,33,Male,Texas,Yes,Scarf,Accessories,59.96,Spring,S,Purple,No,No,20,Annually,3.81,Express,Cash
1711,52,Male,Arizona,Yes,Sweater,Clothing,80.31,Fall,M,White,No,No,13,Annually,3.92,Express,PayPal
1712,59,Male,Arizona,No,Coat,Outerwear,67.03,Fall,M,Blue,No,No,16,Monthly,3.65,Express,Venmo
1713,31,Male,New York,No,Dress,Clothing,78.88,Winter,XL,Brown,Yes,No,26,Bi-Weekly,4.3,Express,PayPal
1714,47,Female,Ohio,No,Sweater,Clothing,52.14,Fall,L,Blue,No,No,11,Annually,3.18,Express,PayPal
1715,47,Female,Florida,Yes,Blouse,Clothing,47.54,Fall,S,Red,No,No,22,Weekly,3.11,Standard,Debit Card
1716,52,Female,Florida,No,Sandals,Footwear,75.84,Spring,S,White,No,No,20,Bi-Weekly,3.76,Standard,Debit Card
1717,36,Male,Washington,No,Blouse,Clothing,74.8,Spring,L,Purple,No,No,14,Bi-Weekly,4.84,Express,Venmo
1718,48,Male,Georgia,Yes,Coat,Outerwear,70.16,Fall,S,Pink,Yes,No,22,Bi-Weekly,4.45,Express,Debit Card
1719,45,Male,New York,No,Scarf,Accessories,71.19,Fall,M,Blue,No,No,22,Annually,3.63,Express,PayPal
1720,69,Female,Florida,No,Coat,Outerwear,43.21,Summer,L,Blue,No,No,21,Quarterly,4.05,Standard,Venmo
1721,56,Female,Florida,No,Sneakers,Footwear,44.13,Winter,L,White,No,No,14,Bi-Weekly,3.18,Standard,PayPal
1722,31,Female,Arizona,Yes,Jewelry,Accessories,41.44,Spring,XL,Red,Yes,No,24,Quarterly,3.92,Express,Cash
1723,44,Male,Arizona,Yes,Jewelry,Accessories,43.92,Summer,L,White,Yes,No,30,Annually,3.72,Express,Debit Card
1724,55,Male,California,No,Boots,Footwear,56.82,Fall,M,Brown,No,No,19,Monthly,4.63,Express,Cash
1725,36,Male,New York,Yes,Hoodie,Outerwear,55.27,Spring,L,Black,No,No,13,Weekly,3.22,Express,PayPal
1726,24,Male,Texas,No,Shirt,Clothing,61.19,Winter,M,Green,No,No,23,Weekly,3.68,Express,Cash
1727,40,Male,Montana,No,Coat,Outerwear,70.07,Spring,XL,Yellow,Yes,No,14,Annually,3.03,Express,Cash
1728,25,Male,Arizona,Yes,Dress,Clothing,47.67,Fall,M,Red,No,No,14,Bi-Weekly,5.0,Standard,Cash
1729,40,Male,Montana,Yes,Sunglasses,Accessories,39.02,Winter,M,White,No,No,25,Bi-Weekly,4.11,Express,PayPal
1730,50,Female,Georgia,No,Dress,Clothing,73.64,Summer,L,Blue,No,No,28,Quarterly,3.37,Express,Cash
1731,45,Female,Illinois,Yes,Sweater,Clothing,30.33,Spring,L,Red,No,Yes,24,Annually,4.23,Standard,Venmo
1732,25,Male,Ohio,No,Sandals,Footwear,60.29,Winter,M,Brown,Yes,No,11,Monthly,3.74,Standard,PayPal
1733,19,Female,Illinois,No,Coat,Outerwear,56.83,Winter,L,Blue,No,No,19,Monthly,3.29,Standard,Venmo
1734,39,Male,California,No,Dress,Clothing,60.28,Spring,L,Green,No,No,18,Monthly,3.2,Express,Cash
1735,23,Male,Washington,No,T-shirt,Clothing,15.19,Winter,S,Yellow,No,No,24,Bi-Weekly,3.73,Express,Cash
1736,67,Male,Illinois,No,Hoodie,Outerwear,30.84,Fall,M,Black,No,No,17,Quarterly,3.62,Express,PayPal
1737,20,Male,Ohio,No,Sweater,Clothing,51.72,Spring,L,Pink,No,No,19,Monthly,3.61,Express,Debit Card
1738,46,Male,Georgia,No,Shoes,Footwear,53.44,Summer,L,Black,Yes,Yes,17,Quarterly,3.41,Express,PayPal
1739,57,Male,Texas,Yes,Sneakers,Footwear,56.84,Fall,S,Green,No,No,13,Weekly,3.4,Standard,PayPal
1740,56,Male,Florida,No,Scarf,Accessories,60.22,Spring,L,Blue,No,No,16,Annually,3.79,Express,Credit Card
1741,29,Female,Georgia,No,Jacket,Outerwear,80.64,Fall,S,Red,No,No,21,Quarterly,4.25,Express,PayPal
1742,27,Male,California,Yes,Sneakers,Footwear,44.6,Fall,S,Red,No,No,22,Quarterly,4.81,Express,Debit Card
1743,27,Male,Arizona,No,Boots,Footwear,79.6,Summer,S,Yellow,Yes,No,20,Weekly,4.12,Express,Credit Card
1744,67,Male,California,Yes,Sneakers,Footwear,48.69,Summer,XL,Yellow,No,Yes,15,Monthly,3.77,Standard,Cash
1745,68,Male,California,No,Belt,Accessories,57.4,Spring,XL,Brown,No,No,18,Quarterly,3.72,Express,Debit Card
1746,59,Female,New York,Yes,Coat,Clothing,85.29,Winter,L,Brown,No,No,14,Weekly,3.8,Standard,Venmo
1747,22,Female,Illinois,No,Belt,Accessories,34.94,Spring,M,Yellow,No,Yes,22,Bi-Weekly,3.73,Express,Credit Card
1748,69,Female,New York,Yes,Jewelry,Accessories,80.31,Winter,S,Pink,Yes,No,27,Annually,3.17,Standard,Venmo
1749,63,Male,Washington,No,Sandals,Footwear,39.44,Summer,XL,Blue,No,No,14,Annually,4.26,Express,Debit Card
1750,47,Male,New York,Yes,Scarf,Accessories,53.53,Winter,L,Blue,No,No,16,Annually,3.91,Express,Debit Card
1751,58,Male,California,Yes,Jewelry,Accessories,54.68,Spring,M,Gray,Yes,No,23,Weekly,3.69,Express,PayPal
1752,70,Male,Texas,Yes,Sweater,Clothing,87.16,Spring,M,Green,No,No,19,Bi-Weekly,4.75,Express,Cash
1753,57,Male,Georgia,Yes,Sandals,Footwear,65.69,Fall,L,Yellow,No,No,15,Monthly,3.89,Standard,Debit Card
1754,26,Male,Texas,No,Belt,Accessories,73.51,Fall,S,Blue,No,Yes,26,Weekly,3.37,Standard,Debit Card
1755,29,Male,Montana,No,Belt,Accessories,19.93,Fall,L,Blue,No,No,19,Bi-Weekly,3.97,Express,Credit Card
1756,44,Male,California,No,Pants,Clothing,79.94,Fall,XL,Purple,Yes,No,17,Annually,4.68,Express,Venmo
1757,30,Female,Arizona,No,Skirt,Clothing,54.57,Summer,M,Gray,Yes,No,19,Monthly,4.46,Express,Cash
1758,62,Male,New York,No,Jewelry,Accessories,63.61,Fall,L,Yellow,No,Yes,19,Annually,4.09,Express,Cash
1759,49,Male,Montana,No,Shirt,Clothing,82.95,Winter,S,Brown,No,No,11,Weekly,3.26,Standard,PayPal
1760,63,Male,Washington,No,Hoodie,Outerwear,33.88,Spring,L,Brown,No,No,28,Bi-Weekly,3.07,Express,Debit Card
1761,27,Male,New York,No,Jewelry,Accessories,79.05,Summer,M,Pink,No,No,18,Weekly,3.35,Standard,Cash
1762,33,Female,Montana,No,Hoodie,Outerwear,56.61,Spring,S,Red,No,No,16,Quarterly,4.05,Express,Debit Card
1763,21,Male,California,No,Pants,Clothing,89.65,Summer,M,Black,No,No,26,Quarterly,3.3,Standard,Credit Card
1764,66,Male,California,Yes,T-shirt,Clothing,52.61,Fall,M,Blue,No,Yes,28,Bi-Weekly,3.22,Express,Credit Card
1765,32,Female,Florida,No,Sandals,Footwear,66.84,Spring,S,White,No,No,28,Quarterly,4.45,Express,Cash
1766,70,Female,New York,No,Jewelry,Accessories,76.96,Fall,S,Green,No,No,26,Bi-Weekly,3.91,Express,Cash
1767,54,Male,Ohio,No,Boots,Footwear,64.76,Spring,S,Gray,No,No,19,Bi-Weekly,3.94,Express,Debit Card
1768,65,Female,Florida,No,Pants,Clothing,80.53,Winter,S,Brown,Yes,No,12,Bi-Weekly,3.2,Standard,Debit Card
1769,20,Female,Arizona,No,T-shirt,Clothing,70.15,Summer,M,Green,Yes,No,30,Quarterly,3.73,Standard,Venmo
1770,28,Female,Florida,No,Skirt,Clothing,81.07,Fall,S,Purple,No,No,20,Bi-Weekly,3.92,Standard,Venmo
1771,64,Female,Arizona,No,Shirt,Clothing,68.71,Fall,S,Black,Yes,No,13,Quarterly,3.83,Express,Debit Card
1772,65,Male,Washington,Yes,Jacket,Outerwear,78.61,Fall,M,Blue,Yes,No,27,Quarterly,3.29,Express,Venmo
1773,25,Female,California,No,Hoodie,Outerwear,91.61,Winter,XL,White,No,No,11,Bi-Weekly,3.53,Express,Venmo
1774,58,Male,Washington,No,Scarf,Accessories,48.71,Spring,XL,Red,No,No,20,Quarterly,4.4,Express,Credit Card
1775,40,Male,Georgia,Yes,Boots,Footwear,57.91,Summer,M,Green,No,No,27,Quarterly,3.42,Express,Cash
1776,69,Male,Washington,No,T-shirt,Clothing,76.24,Spring,S,Yellow,Yes,No,25,Annually,4.54,Express,PayPal
1777,30,Male,California,Yes,Dress,Clothing,39.97,Fall,M,Red,No,Yes,24,Bi-Weekly,4.96,Express,PayPal
1778,52,Male,Montana,No,Sunglasses,Accessories,79.18,Summer,S,Gray,No,No,18,Quarterly,4.74,Express,Credit Card
1779,48,Male,Georgia,No,T-shirt,Clothing,81.06,Spring,XL,Brown,Yes,Yes,17,Monthly,2.76,Express,Credit Card
1780,40,Male,Texas,No,Jacket,Outerwear,71.43,Spring,L,Black,No,No,11,Annually,3.99,Express,PayPal
1781,26,Male,Ohio,No,Sweater,Clothing,52.26,Winter,XL,Gray,Yes,No,14,Annually,3.28,Express,Debit Card
1782,56,Male,Montana,Yes,Jacket,Outerwear,68.06,Summer,M,White,Yes,No,28,Monthly,3.77,Express,PayPal
1783,55,Male,California,No,Shirt,Clothing,88.64,Fall,S,Yellow,Yes,No,13,Annually,2.71,Express,Credit Card
1784,58,Male,Texas,No,Jacket,Outerwear,84.77,Summer,L,Gray,No,Yes,22,Monthly,4.05,Standard,Cash
1785,25,Male,Georgia,No,Jewelry,Accessories,50.89,Summer,M,Purple,No,No,30,Annually,3.65,Standard,Cash
1786,31,Female,New York,Yes,Shoes,Footwear,49.3,Summer,XL,Gray,Yes,No,25,Annually,3.65,Express,Credit Card
1787,34,Male,Florida,Yes,Belt,Accessories,15.0,Spring,S,Red,Yes,No,16,Quarterly,4.23,Standard,PayPal
1788,56,Male,Montana,No,Sweater,Clothing,56.58,Spring,S,White,Yes,No,19,Monthly,4.17,Express,PayPal
1789,40,Female,Texas,No,Blouse,Clothing,38.18,Winter,S,Black,No,No,26,Annually,2.94,Express,Credit Card
1790,31,Male,Texas,No,Blouse,Clothing,50.15,Spring,S,Pink,No,No,12,Monthly,3.99,Express,PayPal
1791,68,Female,Montana,Yes,Jewelry,Accessories,57.38,Winter,XL,Gray,Yes,Yes,14,Weekly,4.43,Express,PayPal
1792,22,Male,Ohio,No,Belt,Accessories,59.0,Summer,S,White,Yes,Yes,20,Weekly,4.11,Express,Cash
1793,43,Male,Florida,Yes,Boots,Footwear,55.33,Spring,L,Yellow,No,No,25,Quarterly,3.89,Standard,Venmo
1794,47,Female,Georgia,No,Coat,Clothing,60.05,Fall,XL,Green,No,Yes,25,Bi-Weekly,4.11,Express,Cash
1795,20,Female,Texas,No,Coat,Outerwear,54.77,Summer,L,Gray,Yes,No,21,Annually,2.73,Express,Credit Card
1796,40,Male,Arizona,No,Sneakers,Footwear,63.39,Winter,XL,Pink,No,No,24,Annually,3.6,Express,Cash
1797,41,Male,Arizona,Yes,T-shirt,Clothing,91.46,Summer,M,Black,No,No,11,Annually,3.23,Standard,Venmo
1798,45,Female,Illinois,No,Boots,Footwear,86.79,Winter,L,Brown,No,Yes,15,Annually,3.49,Express,Venmo
1799,49,Male,Ohio,No,Blouse,Clothing,42.2,Fall,M,Blue,No,No,30,Bi-Weekly,4.46,Standard,Venmo
1800,68,Male,Florida,No,Sandals,Footwear,40.14,Winter,L,Red,No,Yes,27,Annually,3.9,Standard,Venmo
1801,22,Female,Ohio,No,Sweater,Clothing,74.76,Spring,L,Blue,No,No,19,Quarterly,4.22,Express,Credit Card
1802,40,Male,California,No,Jewelry,Accessories,75.81,Fall,L,Purple,No,Yes,30,Weekly,4.74,Express,Cash
1803,65,Male,Georgia,No,Scarf,Accessories,93.54,Summer,M,Yellow,No,No,26,Bi-Weekly,3.33,Express,Venmo
1804,31,Male,Florida,No,Dress,Clothing,81.15,Fall,S,Black,No,No,23,Weekly,4.36,Express,Cash
1805,63,Male,Georgia,No,Sandals,Footwear,46.95,Spring,S,Purple,No,Yes,14,Annually,3.84,Express,Credit Card
1806,61,Male,Illinois,Yes,T-shirt,Clothing,15.0,Winter,XL,White,No,No,15,Annually,4.3,Standard,PayPal
1807,31,Male,Texas,No,Sandals,Footwear,61.07,Spring,M,Yellow,No,No,27,Monthly,3.36,Standard,Cash
1808,55,Female,Texas,No,Dress,Clothing,47.05,Fall,S,Green,No,No,18,Annually,3.68,Express,Venmo
1809,41,Female,Illinois,No,Jewelry,Accessories,45.46,Summer,XL,Purple,No,Yes,24,Weekly,3.82,Standard,Cash
1810,35,Male,California,No,Hoodie,Outerwear,57.51,Winter,M,Brown,No,No,17,Annually,3.41,Express,PayPal
1811,55,Male,Ohio,No,Belt,Accessories,34.51,Summer,S,Red,No,Yes,29,Annually,2.71,Express,Credit Card
1812,56,Female,Georgia,Yes,Shirt,Clothing,40.49,Fall,M,Pink,Yes,No,16,Bi-Weekly,3.63,Express,Credit Card
1813,19,Female,Ohio,Yes,Hoodie,Outerwear,82.26,Winter,L,Purple,No,No,14,Quarterly,3.11,Standard,Debit Card
1814,68,Female,Florida,No,Jacket,Outerwear,40.51,Spring,S,Purple,Yes,No,26,Bi-Weekly,4.23,Express,PayPal
1815,29,Female,Montana,Yes,Sweater,Clothing,25.2,Fall,S,Yellow,No,Yes,23,Bi-Weekly,3.6,Express,Debit Card
1816,21,Male,New York,Yes,Shoes,Footwear,55.78,Fall,M,Red,No,Yes,23,Annually,3.3,Express,Venmo
1817,33,Male,New York,No,Shoes,Footwear,76.13,Spring,M,Purple,No,No,30,Monthly,3.74,Express,PayPal
1818,18,Male,Montana,No,Jacket,Outerwear,63.0,Summer,M,Gray,No,No,16,Bi-Weekly,3.49,Express,Credit Card
1819,39,Female,Ohio,No,Shirt,Clothing,66.39,Spring,S,Blue,No,No,22,Annually,4.01,Express,Credit Card
1820,50,Male,Florida,No,Sneakers,Footwear,78.93,Spring,M,Black,Yes,No,23,Bi-Weekly,4.5,Standard,Venmo
1821,37,Male,Georgia,No,Jacket,Outerwear,34.38,Winter,L,Gray,No,No,12,Monthly,3.88,Standard,Credit Card
1822,67,Female,New York,No,Sneakers,Footwear,15.0,Fall,L,Pink,No,No,13,Bi-Weekly,3.93,Express,Venmo
1823,28,Male,New York,Yes,T-shirt,Clothing,82.47,Summer,S,Pink,No,No,12,Bi-Weekly,4.02,Express,Credit Card
1824,59,Female,Florida,Yes,Blouse,Clothing,62.52,Summer,S,Yellow,No,No,17,Monthly,4.03,Express,PayPal
1825,29,Male,New York,No,Shirt,Clothing,57.65,Fall,XL,Pink,No,Yes,25,Annually,3.71,Express,Credit Card
1826,69,Male,New York,No,Pants,Clothing,46.09,Fall,L,Black,Yes,Yes,15,Bi-Weekly,3.68,Express,Venmo
1827,63,Male,Montana,Yes,Scarf,Accessories,63.76,Fall,S,Brown,No,No,30,Annually,2.52,Express,Credit Card
1828,65,Male,California,Yes,Sweater,Clothing,55.87,Winter,S,Gray,No,No,12,Bi-Weekly,3.32,Express,Venmo
1829,22,Male,Illinois,No,Sunglasses,Accessories,63.15,Fall,L,Brown,No,No,29,Weekly,3.55,Express,Credit Card
1830,45,Male,Montana,No,Coat,Outerwear,64.04,Summer,XL,Pink,Yes,No,16,Bi-Weekly,3.71,Express,Debit Card
1831,24,Male,Washington,No,Blouse,Clothing,52.39,Spring,L,White,No,No,30,Annually,4.28,Express,Venmo
1832,29,Male,Georgia,Yes,Coat,Clothing,103.53,Summer,XL,Pink,No,No,26,Annually,3.76,Express,Venmo
1833,35,Female,Florida,Yes,Shoes,Footwear,79.32,Fall,M,Gray,No,No,22,Bi-Weekly,3.04,Express,Cash
1834,48,Female,Washington,No,Skirt,Clothing,93.47,Spring,XL,Black,No,No,22,Annually,4.02,Standard,Debit Card
1835,42,Female,Montana,No,Shirt,Clothing,53.66,Winter,S,Red,No,Yes,27,Quarterly,3.86,Express,Debit Card
1836,45,Male,Washington,No,Shirt,Clothing,56.54,Winter,S,Black,No,No,26,Monthly,4.03,Express,Cash
1837,53,Male,Montana,Yes,Dress,Clothing,54.16,Winter,XL,Blue,No,No,25,Quarterly,3.81,Express,Cash
1838,54,Male,Ohio,No,Jewelry,Accessories,30.28,Spring,M,Gray,No,No,23,Annually,3.48,Standard,Debit Card
1839,42,Male,California,No,T-shirt,Clothing,75.35,Winter,S,Purple,Yes,No,17,Annually,3.76,Standard,Venmo
1840,61,Male,Georgia,No,Sweater,Clothing,63.34,Summer,XL,Purple,No,Yes,25,Annually,4.04,Express,Cash
1841,48,Male,Illinois,No,Hoodie,Outerwear,85.59,Fall,XL,Yellow,No,No,16,Annually,4.46,Express,Cash
1842,51,Male,Texas,No,Skirt,Clothing,87.48,Winter,S,Blue,No,No,27,Monthly,3.98,Express,Venmo
1843,39,Male,Texas,No,Coat,Outerwear,91.69,Summer,L,Brown,No,No,12,Quarterly,3.85,Express,PayPal
1844,53,Female,Illinois,No,Jewelry,Accessories,57.92,Fall,S,Red,No,No,20,Bi-Weekly,3.73,Express,PayPal
1845,24,Female,Georgia,Yes,Shoes,Footwear,15.0,Spring,S,White,No,No,24,Quarterly,4.06,Express,Cash
1846,70,Female,Georgia,Yes,Jacket,Outerwear,61.39,Summer,XL,White,Yes,No,13,Monthly,3.42,Express,Debit Card
1847,59,Male,Texas,No,Shirt,Clothing,51.62,Winter,M,Yellow,Yes,No,13,Annually,3.44,Standard,Venmo
1848,22,Male,New York,No,Belt,Accessories,41.07,Winter,M,Green,No,Yes,29,Monthly,4.25,Express,Cash
1849,55,Male,Washington,Yes,Sandals,Footwear,55.43,Fall,M,Yellow,No,No,27,Bi-Weekly,3.58,Standard,Debit Card
1850,58,Male,Arizona,No,Shoes,Footwear,80.03,Spring,S,Pink,No,No,12,Bi-Weekly,4.26,Express,Venmo
1851,51,Male,Montana,Yes,Boots,Footwear,59.93,Summer,XL,Brown,No,No,17,Weekly,3.81,Standard,Venmo
1852,19,Male,Ohio,No,Skirt,Clothing,62.24,Spring,S,Green,No,Yes,21,Annually,3.9,Express,Debit Card
1853,45,Male,Florida,No,Belt,Accessories,54.08,Summer,M,White,Yes,No,17,Bi-Weekly,3.35,Standard,PayPal
1854,69,Male,Ohio,No,Sunglasses,Accessories,83.67,Winter,M,Gray,No,No,22,Quarterly,2.8,Standard,Cash
1855,56,Male,Texas,No,Shoes,Footwear,51.44,Fall,XL,Blue,Yes,No,24,Annually,3.06,Express,Venmo
1856,30,Male,Washington,No,Sandals,Footwear,76.98,Summer,L,Black,No,No,24,Weekly,3.95,Standard,Venmo
1857,35,Female,Georgia,No,Sunglasses,Accessories,83.89,Summer,XL,Gray,No,No,25,Weekly,3.28,Express,Credit Card
1858,50,Female,Washington,No,Blouse,Clothing,15.0,Winter,M,Blue,No,No,22,Annually,3.49,Express,Credit Card
1859,23,Male,Florida,Yes,Skirt,Clothing,41.5,Fall,L,White,No,No,27,Monthly,3.48,Express,PayPal
1860,52,Male,Washington,Yes,Jacket,Outerwear,42.47,Fall,S,Black,No,No,29,Monthly,4.19,Express,Debit Card
1861,23,Male,Florida,No,Sneakers,Footwear,35.7,Fall,S,Purple,No,No,25,Monthly,3.97,Express,PayPal
1862,44,Female,Montana,No,Boots,Footwear,67.16,Spring,L,Green,No,No,12,Bi-Weekly,3.2,Standard,Credit Card
1863,62,Male,Arizona,Yes,Coat,Outerwear,63.67,Winter,L,Blue,No,Yes,20,Bi-Weekly,3.76,Express,Credit Card
1864,21,Male,Texas,No,Coat,Clothing,65.11,Spring,M,White,Yes,Yes,26,Weekly,3.48,Express,Cash
1865,21,Male,Washington,Yes,Hoodie,Outerwear,62.66,Summer,M,Red,No,No,29,Monthly,4.55,Express,PayPal
1866,41,Male,Georgia,No,Sandals,Footwear,54.63,Fall,S,White,No,No,14,Weekly,3.23,Express,Debit Card
1867,56,Male,Washington,No,Jewelry,Accessories,49.82,Summer,M,White,No,Yes,13,Bi-Weekly,3.89,Express,Credit Card
1868,22,Male,Washington,No,Sunglasses,Accessories,82.25,Summer,M,Green,No,No,28,Annually,4.37,Standard,Cash
1869,70,Male,Florida,Yes,Dress,Clothing,68.05,Winter,L,Black,No,No,15,Bi-Weekly,3.16,Express,Credit Card
1870,57,Male,Texas,No,Coat,Outerwear,73.51,Fall,L,Gray,No,Yes,15,Weekly,3.32,Express,Debit Card
1871,53,Male,Arizona,Yes,Shirt,Clothing,53.33,Spring,M,Black,Yes,No,11,Quarterly,4.05,Express,Debit Card
1872,67,Male,New York,No,Belt,Accessories,54.01,Summer,L,Gray,No,Yes,17,Monthly,3.57,Express,PayPal
1873,27,Female,Georgia,No,Coat,Outerwear,95.56,Winter,L,Red,No,No,26,Weekly,4.61,Express,Cash
1874,37,Male,Montana,Yes,Jewelry,Accessories,56.9,Winter,XL,Pink,No,No,20,Quarterly,3.84,Express,Credit Card
1875,19,Female,Ohio,No,Coat,Clothing,41.97,Winter,M,Yellow,No,No,30,Bi-Weekly,4.06,Standard,Cash
1876,69,Male,Arizona,No,Hoodie,Outerwear,71.68,Spring,S,Red,Yes,Yes,27,Annually,4.85,Express,Debit Card
1877,40,Female,Washington,No,Coat,Clothing,56.2,Spring,S,Black,No,No,15,Monthly,2.76,Express,PayPal
1878,23,Male,Georgia,Yes,Shirt,Clothing,29.25,Winter,M,White,No,No,20,Bi-Weekly,3.13,Express,Venmo
1879,50,Female,California,No,Sneakers,Footwear,78.74,Summer,M,Brown,No,No,18,Weekly,3.29,Express,Credit Card
1880,30,Male,Arizona,No,Shoes,Footwear,55.38,Fall,XL,Gray,Yes,No,21,Bi-Weekly,4.21,Standard,Venmo
1881,36,Male,New York,No,Sunglasses,Accessories,58.13,Spring,L,Purple,Yes,No,11,Weekly,3.9,Express,PayPal
1882,35,Female,Texas,No,Coat,Outerwear,64.19,Spring,S,Purple,No,No,12,Quarterly,3.03,Express,Credit Card
1883,54,Male,Florida,Yes,Jacket,Outerwear,83.92,Fall,S,Purple,Yes,No,25,Weekly,3.96,Standard,PayPal
1884,55,Male,California,Yes,Scarf,Accessories,87.44,Spring,XL,Pink,Yes,No,30,Weekly,3.96,Express,Cash
1885,34,Male,Texas,No,Sneakers,Footwear,73.12,Winter,M,Purple,No,Yes,14,Quarterly,3.72,Express,Debit Card
1886,21,Male,Washington,No,Skirt,Clothing,47.25,Spring,M,Gray,No,No,11,Weekly,3.66,Standard,Debit Card
1887,67,Male,Georgia,No,Boots,Footwear,85.31,Summer,M,Red,No,No,12,Annually,4.43,Express,Credit Card
1888,57,Male,Ohio,No,Scarf,Accessories,76.58,Summer,L,Gray,No,No,17,Quarterly,3.2,Express,Credit Card
1889,30,Male,Florida,No,Shoes,Footwear,68.96,Spring,M,Purple,No,No,17,Annually,3.82,Express,PayPal
1890,68,Male,Illinois,No,Blouse,Clothing,27.18,Summer,XL,Black,Yes,No,29,Bi-Weekly,4.26,Express,PayPal
1891,41,Male,Illinois,No,Jewelry,Accessories,66.8,Summer,XL,Black,No,Yes,27,Annually,3.96,Standard,Credit Card
1892,37,Male,Washington,No,Coat,Outerwear,109.13,Spring,XL,Gray,No,No,14,Quarterly,3.16,Express,Venmo
1893,29,Male,Illinois,No,Scarf,Accessories,56.88,Summer,M,Blue,No,No,13,Annually,3.43,Express,Debit Card
1894,56,Female,California,No,Belt,Accessories,48.82,Winter,M,Brown,No,No,19,Weekly,3.71,Express,Debit Card
1895,46,Male,Texas,Yes,Boots,Footwear,59.88,Winter,L,Purple,No,No,14,Quarterly,3.4,Standard,PayPal
1896,63,Female,Arizona,No,Jewelry,Accessories,82.5,Spring,M,Red,No,Yes,15,Annually,3.71,Standard,Venmo
1897,21,Male,Illinois,No,T-shirt,Clothing,95.24,Fall,M,Green,No,Yes,13,Monthly,3.09,Express,Cash
1898,24,Male,Illinois,No,Boots,Footwear,37.54,Summer,XL,Yellow,No,No,21,Annually,4.98,Standard,Venmo
1899,25,Male,Texas,No,Belt,Accessories,65.15,Spring,M,Purple,No,No,15,Monthly,3.91,Express,Venmo
1900,32,Male,Washington,No,Scarf,Accessories,54.77,Winter,XL,Brown,No,No,26,Monthly,3.72,Express,Cash
1901,53,Female,Texas,No,Sneakers,Footwear,90.95,Spring,S,Green,No,No,23,Annually,3.61,Express,Venmo
1902,57,Male,California,No,Boots,Footwear,86.95,Fall,S,Red,Yes,No,27,Annually,3.4,Standard,Cash
1903,63,Female,Georgia,No,Shoes,Footwear,69.14,Fall,L,Black,No,No,23,Bi-Weekly,3.53,Express,Debit Card
1904,19,Male,New York,No,Belt,Accessories,86.61,Winter,XL,Gray,No,No,12,Weekly,3.23,Express,Venmo
1905,37,Male,Ohio,No,Scarf,Accessories,35.01,Winter,L,Blue,No,Yes,20,Quarterly,3.65,Express,PayPal
1906,44,Female,Arizona,Yes,Hoodie,Outerwear,73.39,Spring,M,Brown,No,No,22,Weekly,3.79,Standard,Credit Card
1907,42,Male,New York,Yes,Boots,Footwear,70.82,Summer,M,Black,No,No,12,Weekly,3.27,Express,Credit Card
1908,49,Female,Ohio,No,Shirt,Clothing,61.65,Summer,M,Pink,Yes,No,30,Annually,4.29,Express,PayPal
1909,35,Male,Arizona,No,Coat,Outerwear,32.7,Winter,L,Brown,No,Yes,12,Monthly,4.56,Standard,Credit Card
1910,47,Female,Arizona,No,Dress,Clothing,47.27,Fall,L,Gray,No,No,19,Weekly,4.07,Express,PayPal
1911,66,Female,Montana,No,Blouse,Clothing,77.41,Fall,S,Yellow,No,No,18,Bi-Weekly,4.22,Express,Credit Card
1912,61,Female,Arizona,No,Skirt,Clothing,55.12,Spring,XL,Pink,Yes,No,30,Monthly,4.08,Express,Venmo
1913,44,Female,Illinois,No,Sandals,Footwear,84.41,Summer,S,Yellow,Yes,Yes,27,Annually,2.74,Express,Venmo
1914,55,Male,Florida,No,Shirt,Clothing,56.8,Winter,L,White,No,Yes,21,Annually,3.86,Express,PayPal
1915,20,Male,Georgia,No,Scarf,Accessories,61.41,Fall,L,Yellow,No,No,29,Quarterly,4.44,Express,Venmo
1916,31,Male,New York,Yes,Sunglasses,Accessories,35.14,Spring,M,Black,No,No,13,Monthly,3.11,Express,Venmo
1917,62,Male,Texas,No,Scarf,Accessories,54.03,Summer,L,Gray,No,No,26,Quarterly,4.32,Express,Debit Card
1918,61,Male,Ohio,No,Sandals,Footwear,68.38,Fall,XL,White,No,No,19,Monthly,4.01,Express,Venmo
1919,47,Female,California,No,Shoes,Footwear,36.49,Spring,L,Pink,No,No,30,Weekly,4.04,Express,Cash
1920,29,Male,New York,No,Hoodie,Outerwear,50.21,Summer,XL,White,No,No,27,Quarterly,2.75,Express,Venmo
1921,29,Male,California,No,T-shirt,Clothing,91.33,Spring,S,Red,No,No,28,Weekly,3.45,Express,Debit Card
1922,28,Male,Arizona,Yes,Coat,Clothing,23.18,Fall,M,White,No,No,18,Bi-Weekly,4.03,Express,Credit Card
1923,49,Female,Ohio,No,Hoodie,Outerwear,64.51,Fall,XL,Red,No,No,26,Quarterly,3.52,Express,Venmo
1924,47,Female,Georgia,Yes,Jewelry,Accessories,93.22,Spring,S,Purple,No,No,29,Monthly,4.51,Express,Debit Card
1925,43,Male,Florida,No,Sunglasses,Accessories,83.68,Fall,M,Gray,No,No,14,Monthly,3.76,Standard,PayPal
1926,28,Male,Texas,No,T-shirt,Clothing,57.68,Summer,S,Blue,No,Yes,21,Monthly,4.74,Standard,Credit Card
1927,35,Male,Washington,No,Sunglasses,Accessories,59.46,Spring,XL,Pink,No,No,11,Quarterly,3.41,Express,Debit Card
1928,28,Male,Washington,No,Pants,Clothing,89.69,Fall,M,White,No,Yes,13,Weekly,3.84,Express,Debit Card
1929,70,Male,Texas,Yes,Sunglasses,Accessories,27.17,Spring,L,Pink,No,No,20,Quarterly,4.01,Express,Venmo
1930,29,Male,Florida,Yes,Shirt,Clothing,84.0,Summer,L,Yellow,Yes,No,27,Monthly,4.18,Express,PayPal
1931,22,Female,Ohio,No,Sneakers,Footwear,40.12,Spring,L,Brown,Yes,No,16,Weekly,3.41,Express,Credit Card
1932,23,Female,New York,No,Hoodie,Outerwear,58.56,Winter,S,Pink,No,Yes,14,Bi-Weekly,3.07,Standard,Cash
1933,23,Male,Georgia,No,Sneakers,Footwear,42.3,Winter,M,Green,Yes,No,11,Bi-Weekly,4.19,Express,Venmo
1934,41,Male,Illinois,Yes,Pants,Clothing,62.63,Spring,XL,Green,No,No,12,Quarterly,3.83,Express,Cash
1935,57,Male,Florida,No,Sandals,Footwear,60.43,Fall,L,Purple,Yes,No,19,Bi-Weekly,4.15,Express,Debit Card
1936,44,Male,California,Yes,Blouse,Clothing,15.0,Summer,M,Black,No,No,22,Bi-Weekly,3.5,Express,Venmo
1937,34,Male,New York,No,Shirt,Clothing,63.12,Winter,L,Red,Yes,No,18,Annually,3.39,Express,Venmo
1938,47,Male,Montana,Yes,Blouse,Clothing,47.76,Winter,XL,Yellow,No,No,23,Weekly,4.28,Express,PayPal
1939,36,Female,Florida,No,Belt,Accessories,51.74,Summer,S,Purple,Yes,No,27,Quarterly,2.86,Standard,PayPal
1940,27,Male,Illinois,No,Scarf,Accessories,56.01,Spring,S,Purple,No,Yes,23,Quarterly,3.34,Express,Credit Card
1941,31,Male,California,No,Jacket,Outerwear,15.0,Fall,XL,Red,Yes,No,27,Quarterly,3.96,Standard,PayPal
1942,69,Female,Ohio,Yes,Jewelry,Accessories,40.91,Spring,M,Black,Yes,Yes,27,Annually,4.11,Express,Venmo
1943,69,Male,Florida,No,Pants,Clothing,50.93,Summer,S,Yellow,No,No,21,Monthly,2.54,Standard,Cash
1944,47,Male,Florida,No,Sunglasses,Accessories,86.07,Summer,M,Black,No,Yes,23,Bi-Weekly,3.49,Express,Debit Card
1945,69,Male,Arizona,No,Coat,Outerwear,15.0,Fall,S,Black,No,Yes,21,Quarterly,3.69,Express,Debit Card
1946,57,Male,California,Yes,Coat,Outerwear,59.73,Winter,XL,Pink,No,No,17,Weekly,3.55,Express,Cash
1947,64,Male,Illinois,Yes,Shoes,Footwear,60.37,Winter,L,Green,No,No,21,Quarterly,2.98,Express,Venmo
1948,53,Female,Washington,No,Dress,Clothing,43.98,Summer,XL,Purple,No,No,18,Bi-Weekly,4.07,Express,Debit Card
1949,55,Male,Georgia,No,Belt,Accessories,58.93,Winter,XL,Green,No,Yes,17,Weekly,4.09,Standard,Debit Card
1950,63,Male,Ohio,No,Blouse,Clothing,103.42,Fall,XL,Black,No,No,28,Monthly,4.48,Express,Cash
1951,70,Female,Ohio,No,Dress,Clothing,61.47,Spring,XL,Purple,No,No,13,Weekly,4.43,Express,Debit Card
1952,22,Male,Ohio,Yes,Scarf,Accessories,67.65,Spring,XL,White,Yes,No,22,Annually,4.55,Express,PayPal
1953,43,Male,California,No,Belt,Accessories,63.59,Fall,M,Gray,No,No,28,Monthly,4.03,Express,Debit Card
1954,61,Female,Ohio,No,Blouse,Clothing,64.14,Spring,XL,Blue,No,No,20,Weekly,3.41,Express,Debit Card
1955,67,Male,Ohio,No,Scarf,Accessories,67.3,Summer,XL,White,Yes,No,12,Monthly,3.25,Express,Cash
1956,64,Male,Montana,Yes,Shoes,Footwear,59.02,Spring,L,Yellow,No,No,18,Quarterly,3.29,Express,Cash
1957,27,Female,Arizona,Yes,T-shirt,Clothing,42.72,Summer,S,Blue,No,No,20,Weekly,4.45,Express,PayPal
1958,45,Female,New York,No,Sandals,Footwear,48.48,Fall,S,Yellow,No,No,24,Monthly,3.37,Express,PayPal
1959,55,Female,Montana,No,Blouse,Clothing,35.42,Summer,L,Pink,No,No,23,Monthly,3.71,Express,Credit Card
1960,50,Female,Ohio,No,Shirt,Clothing,63.58,Fall,XL,Green,No,No,19,Monthly,5.0,Express,Credit Card
1961,57,Male,Ohio,No,Sweater,Clothing,70.11,Summer,S,Brown,No,Yes,22,Annually,2.85,Express,Cash
1962,48,Female,Florida,No,Jacket,Outerwear,101.07,Summer,S,Pink,No,No,24,Quarterly,3.56,Express,Debit Card
1963,69,Male,Arizona,No,Jewelry,Accessories,97.34,Summer,L,Pink,No,Yes,30,Weekly,4.27,Express,Debit Card
1964,49,Female,Washington,No,Jewelry,Accessories,47.23,Spring,M,Blue,No,No,13,Bi-Weekly,3.65,Express,Credit Card
1965,52,Male,Arizona,No,Boots,Footwear,92.4,Fall,S,Green,No,No,14,Annually,3.27,Express,PayPal
1966,28,Male,New York,No,Dress,Clothing,83.68,Fall,L,White,No,No,23,Bi-Weekly,4.08,Express,Cash
1967,57,Male,Ohio,Yes,Pants,Clothing,56.92,Summer,XL,Black,No,Yes,26,Bi-Weekly,4.49,Express,Venmo
1968,68,Male,Illinois,Yes,Scarf,Accessories,48.35,Summer,XL,Gray,No,No,24,Weekly,4.17,Standard,Debit Card
1969,22,Male,Illinois,Yes,Sneakers,Footwear,38.46,Fall,M,Purple,Yes,No,19,Annually,3.79,Express,Credit Card
1970,34,Male,Georgia,No,Sneakers,Footwear,40.4,Summer,S,Red,No,No,18,Annually,4.19,Standard,Credit Card
1971,44,Male,Georgia,No,Dress,Clothing,68.58,Winter,S,Pink,No,Yes,29,Quarterly,3.42,Standard,Credit Card
1972,58,Male,Ohio,Yes,Belt,Accessories,71.03,Fall,XL,Gray,No,Yes,20,Bi-Weekly,4.06,Express,PayPal
1973,28,Male,Texas,No,Sweater,Clothing,87.13,Spring,L,Green,No,Yes,30,Bi-Weekly,3.86,Standard,Cash
1974,22,Male,New York,No,Sweater,Clothing,84.26,Fall,M,Blue,No,No,19,Weekly,4.38,Express,Cash
1975,33,Male,California,No,Coat,Clothing,70.59,Spring,S,Yellow,No,No,17,Bi-Weekly,4.29,Express,Debit Card
1976,35,Male,Montana,No,Jewelry,Accessories,51.58,Winter,XL,Gray,No,No,26,Monthly,4.3,Express,Debit Card
1977,42,Male,Florida,No,Sneakers,Footwear,60.16,Fall,L,Blue,No,Yes,30,Annually,4.6,Standard,Cash
1978,62,Female,Ohio,No,T-shirt,Clothing,42.04,Summer,XL,Pink,Yes,No,21,Weekly,3.51,Express,PayPal
1979,49,Male,Florida,No,Boots,Footwear,45.69,Summer,XL,Blue,No,No,23,Annually,2.94,Express,Cash
1980,61,Male,Washington,No,Sneakers,Footwear,53.52,Fall,M,Red,Yes,No,14,Weekly,3.67,Standard,Cash
1981,60,Male,New York,No,Belt,Accessories,56.09,Spring,S,Yellow,Yes,No,28,Quarterly,4.14,Standard,Credit Card
1982,34,Male,Georgia,No,Skirt,Clothing,49.99,Fall,S,Purple,No,No,14,Weekly,4.08,Express,Venmo
1983,43,Male,Arizona,No,Sunglasses,Accessories,88.27,Spring,S,Gray,No,Yes,12,Monthly,3.69,Express,Credit Card
1984,27,Female,Ohio,Yes,Skirt,Clothing,51.58,Summer,XL,Yellow,No,Yes,20,Quarterly,3.15,Express,Credit Card
1985,66,Male,Arizona,Yes,Pants,Clothing,26.52,Fall,M,Green,Yes,No,11,Weekly,4.01,Standard,Debit Card
1986,70,Female,New York,No,Pants,Clothing,75.48,Spring,M,Yellow,No,No,24,Weekly,3.65,Express,Venmo
1987,59,Male,Texas,No,Jewelry,Accessories,64.21,Summer,M,Blue,Yes,No,29,Monthly,4.05,Standard,Venmo
1988,25,Female,Illinois,Yes,Scarf,Accessories,58.08,Winter,XL,Yellow,No,Yes,11,Bi-Weekly,3.67,Express,Venmo
1989,64,Male,Illinois,No,Jewelry,Accessories,50.56,Fall,S,Gray,No,No,26,Bi-Weekly,4.13,Express,Venmo
1990,22,Female,Texas,No,Sandals,Footwear,81.29,Summer,S,Yellow,No,Yes,22,Quarterly,2.77,Express,Credit Card
1991,69,Female,Illinois,Yes,Belt,Accessories,43.13,Winter,M,Pink,Yes,No,25,Weekly,4.47,Express,Debit Card
1992,64,Male,Ohio,No,Dress,Clothing,73.6,Fall,M,White,No,No,27,Bi-Weekly,2.99,Standard,Cash
1993,66,Male,Texas,No,Scarf,Accessories,18.49,Summer,XL,Green,No,No,19,Weekly,3.82,Express,Cash
1994,68,Male,New York,Yes,Blouse,Clothing,86.17,Summer,L,Red,Yes,No,26,Monthly,3.92,Express,PayPal
1995,58,Male,Ohio,No,Skirt,Clothing,72.42,Spring,L,Red,No,No,20,Annually,2.82,Express,PayPal
1996,25,Female,California,No,Jewelry,Accessories,95.01,Summer,XL,Gray,No,Yes,20,Annually,3.94,Standard,Cash
1997,19,Female,Washington,Yes,Scarf,Accessories,92.93,Winter,S,Gray,Yes,Yes,20,Annually,4.32,Express,Cash
1998,65,Female,Illinois,Yes,Boots,Footwear,93.47,Spring,S,Pink,No,Yes,22,Bi-Weekly,4.23,Express,Venmo
1999,49,Female,Washington,No,Skirt,Clothing,48.33,Summer,M,Pink,No,No,15,Quarterly,3.69,Express,PayPal
2000,67,Female,Ohio,No,Jacket,Outerwear,27.49,Spring,M,Red,Yes,No,24,Bi-Weekly,3.67,Express,Credit Card
2001,31,Male,Florida,No,Belt,Accessories,59.47,Winter,L,Red,No,No,29,Quarterly,4.1,Standard,Venmo
2002,21,Male,Florida,No,Jewelry,Accessories,47.18,Summer,S,Purple,No,No,17,Monthly,3.68,Express,PayPal
2003,63,Male,Arizona,No,Skirt,Clothing,82.86,Fall,L,Black,Yes,No,24,Annually,3.64,Express,PayPal
2004,47,Male,Washington,No,Shirt,Clothing,54.08,Fall,S,Blue,Yes,No,11,Annually,3.52,Express,Venmo
2005,20,Male,Florida,No,Shirt,Clothing,26.77,Summer,XL,White,No,Yes,27,Monthly,3.73,Express,Credit Card
2006,29,Male,New York,No,Coat,Outerwear,99.26,Winter,M,Blue,No,No,13,Annually,3.92,Express,Credit Card
2007,45,Female,Georgia,Yes,Jacket,Outerwear,55.06,Fall,M,Brown,No,Yes,11,Bi-Weekly,3.7,Express,Cash
2008,44,Male,New York,No,Scarf,Accessories,49.49,Summer,M,Black,No,No,25,Annually,4.1,Express,Venmo
2009,21,Female,New York,No,Boots,Footwear,36.57,Fall,XL,Yellow,No,Yes,16,Monthly,3.57,Express,Venmo
2010,67,Female,Georgia,No,Scarf,Accessories,30.37,Winter,S,Purple,No,Yes,22,Weekly,3.09,Standard,Credit Card
2011,23,Male,Arizona,No,Skirt,Clothing,88.06,Fall,M,White,No,No,24,Weekly,3.55,Express,Credit Card
2012,26,Male,Montana,No,Dress,Clothing,52.47,Winter,L,Red,No,No,12,Bi-Weekly,4.66,Express,Venmo
2013,62,Male,Washington,No,Sunglasses,Accessories,61.71,Winter,XL,Yellow,No,No,26,Annually,3.18,Standard,Credit Card
2014,29,Female,Florida,No,Scarf,Accessories,62.45,Summer,M,White,No,No,14,Weekly,4.22,Express,Venmo
2015,50,Male,Florida,No,Sunglasses,Accessories,54.25,Summer,S,Green,No,No,27,Bi-Weekly,3.75,Express,PayPal
2016,57,Male,Florida,No,Jacket,Outerwear,67.7,Fall,M,Brown,No,Yes,25,Bi-Weekly,4.18,Standard,Cash
2017,50,Male,Arizona,No,Sunglasses,Accessories,25.93,Winter,L,Red,Yes,No,16,Annually,4.06,Express,Credit Card
2018,20,Female,New York,No,Sneakers,Footwear,62.37,Summer,S,Gray,No,No,24,Monthly,3.63,Express,Cash
2019,18,Male,New York,No,Jewelry,Accessories,53.5,Winter,XL,Blue,No,Yes,13,Quarterly,4.1,Express,Cash
2020,20,Male,Georgia,No,T-shirt,Clothing,35.66,Winter,M,Brown,No,No,12,Bi-Weekly,3.84,Express,Venmo
2021,35,Female,Texas,No,Boots,Footwear,54.85,Spring,L,Red,Yes,No,27,Bi-Weekly,3.34,Express,Credit Card
2022,26,Male,Arizona,No,Scarf,Accessories,57.46,Summer,XL,Yellow,No,No,13,Bi-Weekly,4.39,Express,Cash
2023,37,Male,Florida,Yes,Shoes,Footwear,18.26,Spring,L,Yellow,No,Yes,30,Quarterly,3.26,Express,Debit Card
2024,24,Male,Texas,No,Skirt,Clothing,60.09,Spring,S,Gray,No,Yes,20,Quarterly,3.42,Express,Debit Card
2025,65,Male,Arizona,Yes,Sunglasses,Accessories,27.28,Fall,XL,Red,Yes,No,18,Annually,4.01,Express,PayPal
2026,58,Female,Montana,No,Shoes,Footwear,34.09,Summer,M,White,No,Yes,15,Bi-Weekly,3.28,Standard,Credit Card
2027,33,Male,Washington,No,Coat,Clothing,31.92,Summer,L,Yellow,No,Yes,28,Monthly,3.62,Express,Debit Card
2028,24,Female,Montana,No,Scarf,Accessories,46.12,Summer,L,Brown,No,No,27,Quarterly,4.56,Express,PayPal
2029,37,Male,Ohio,Yes,Sandals,Footwear,64.78,Winter,L,Brown,Yes,No,19,Weekly,3.76,Express,Venmo
2030,50,Female,Ohio,No,Dress,Clothing,39.45,Fall,M,Blue,No,No,13,Weekly,3.65,Express,Cash
2031,19,Male,Montana,No,Scarf,Accessories,56.96,Summer,XL,White,No,No,27,Bi-Weekly,3.83,Express,PayPal
2032,31,Female,Illinois,No,Dress,Clothing,54.92,Winter,M,Yellow,Yes,Yes,18,Bi-Weekly,3.51,Express,Credit Card
2033,20,Male,Georgia,No,Shirt,Clothing,39.04,Summer,M,Black,Yes,No,20,Weekly,3.43,Express,Debit Card
2034,42,Male,Texas,No,Coat,Outerwear,42.86,Winter,XL,Blue,No,No,16,Quarterly,3.34,Express,Debit Card
2035,24,Female,Georgia,No,Sneakers,Footwear,59.68,Winter,M,Gray,No,No,21,Weekly,4.73,Express,Debit Card
2036,29,Female,Georgia,No,Sunglasses,Accessories,45.64,Winter,L,Gray,No,No,12,Quarterly,4.06,Standard,Debit Card
2037,66,Male,California,No,Scarf,Accessories,67.98,Spring,XL,Green,Yes,Yes,12,Quarterly,4.5,Standard,Debit Card
2038,56,Male,Texas,No,Scarf,Accessories,88.53,Fall,S,White,No,Yes,29,Annually,3.75,Express,Debit Card
2039,18,Male,Montana,No,Hoodie,Outerwear,50.36,Winter,L,Red,No,No,19,Bi-Weekly,2.69,Express,Debit Card
2040,19,Female,Ohio,No,Jewelry,Accessories,96.97,Winter,XL,Purple,No,No,23,Monthly,3.79,Express,Venmo
2041,18,Male,Florida,No,Sunglasses,Accessories,70.7,Winter,XL,Black,No,No,23,Monthly,3.41,Express,Debit Card
2042,30,Male,New York,No,Boots,Footwear,69.98,Spring,S,Black,No,Yes,14,Monthly,3.9,Express,Venmo
2043,44,Female,Texas,No,Jacket,Outerwear,41.68,Fall,S,Yellow,No,No,24,Weekly,3.77,Standard,Cash
2044,58,Female,Georgia,No,Sneakers,Footwear,34.39,Fall,XL,Red,No,No,23,Quarterly,3.39,Express,PayPal
2045,25,Male,Ohio,Yes,Shirt,Clothing,68.06,Winter,L,Gray,Yes,No,20,Monthly,3.44,Express,Debit Card
2046,25,Male,Ohio,No,Sweater,Clothing,33.39,Winter,L,Black,No,Yes,25,Annually,3.08,Express,Venmo
2047,70,Male,Arizona,No,Shoes,Footwear,46.76,Fall,XL,Blue,No,Yes,14,Quarterly,3.17,Express,PayPal
2048,30,Female,Washington,No,Skirt,Clothing,99.45,Summer,L,White,No,No,13,Quarterly,3.62,Standard,Cash
2049,47,Female,Illinois,No,Skirt,Clothing,55.04,Summer,XL,Pink,No,No,12,Monthly,3.61,Express,PayPal
2050,37,Male,Montana,No,Shirt,Clothing,46.86,Winter,S,White,No,No,25,Bi-Weekly,3.35,Express,Credit Card
2051,47,Male,Ohio,No,Pants,Clothing,56.09,Winter,S,Brown,No,No,11,Bi-Weekly,2.7,Express,PayPal
2052,58,Male,Arizona,No,Belt,Accessories,59.61,Winter,S,Brown,No,No,12,Weekly,3.48,Express,Venmo
2053,25,Male,California,Yes,Sneakers,Footwear,59.8,Winter,M,Red,No,Yes,25,Quarterly,3.74,Standard,Cash
2054,36,Female,Washington,No,Sneakers,Footwear,75.29,Spring,L,Gray,No,No,14,Bi-Weekly,3.22,Express,Debit Card
2055,61,Male,New York,No,Scarf,Accessories,75.04,Fall,M,Red,No,No,22,Monthly,4.09,Standard,PayPal
2056,48,Male,Washington,Yes,Pants,Clothing,26.73,Spring,XL,Blue,No,Yes,25,Annually,3.25,Standard,Debit Card
2057,47,Female,Texas,No,Sunglasses,Accessories,68.59,Winter,XL,Brown,No,No,21,Annually,4.02,Express,PayPal
2058,56,Female,New York,Yes,Sandals,Footwear,71.72,Summer,L,Red,Yes,No,27,Bi-Weekly,3.64,Express,Cash
2059,19,Male,New York,No,Sneakers,Footwear,65.31,Winter,XL,Red,No,No,20,Quarterly,2.99,Express,Cash
2060,38,Female,New York,Yes,Blouse,Clothing,65.17,Winter,M,Green,No,No,13,Weekly,4.47,Express,Debit Card
2061,47,Male,Montana,No,Shoes,Footwear,41.2,Fall,S,White,No,No,22,Quarterly,2.77,Express,Venmo
2062,59,Male,Texas,No,Sandals,Footwear,36.74,Spring,M,Yellow,No,No,21,Quarterly,4.05,Express,PayPal
2063,51,Female,California,No,Pants,Clothing,56.45,Spring,XL,Green,No,No,17,Monthly,3.63,Standard,Debit Card
2064,20,Male,Montana,No,Scarf,Accessories,79.83,Fall,M,White,No,No,26,Weekly,4.11,Express,Credit Card
2065,29,Male,California,No,Sunglasses,Accessories,56.28,Summer,S,Pink,Yes,No,30,Monthly,3.78,Express,Debit Card
2066,39,Female,Washington,No,Belt,Accessories,74.06,Summer,M,Gray,No,No,12,Bi-Weekly,3.92,Express,Cash
2067,61,Male,Washington,No,Shoes,Footwear,52.22,Summer,XL,Gray,No,No,20,Annually,4.02,Standard,PayPal
2068,44,Male,Arizona,No,Scarf,Accessories,68.19,Summer,M,Red,No,Yes,23,Monthly,3.93,Express,Credit Card
2069,51,Male,Washington,No,Coat,Clothing,74.29,Winter,S,Pink,No,No,11,Weekly,3.99,Express,PayPal
2070,47,Female,California,Yes,Blouse,Clothing,32.37,Spring,XL,Brown,No,No,27,Bi-Weekly,3.19,Standard,Credit Card
2071,69,Male,Florida,No,Sandals,Footwear,55.2,Fall,S,Green,Yes,No,28,Weekly,3.91,Express,PayPal
2072,49,Male,New York,Yes,Scarf,Accessories,47.31,Summer,S,White,Yes,No,25,Quarterly,3.65,Express,PayPal
2073,56,Female,Washington,No,Scarf,Accessories,69.6,Fall,XL,Green,No,Yes,30,Quarterly,3.53,Standard,Venmo
2074,52,Male,California,No,Shoes,Footwear,73.45,Spring,XL,White,Yes,Yes,26,Annually,4.35,Express,Debit Card
2075,30,Male,Arizona,No,Sneakers,Footwear,75.27,Winter,L,Pink,Yes,No,25,Weekly,3.38,Standard,Debit Card
2076,70,Male,California,No,Scarf,Accessories,54.6,Fall,M,Purple,No,Yes,20,Bi-Weekly,3.19,Express,Debit Card
2077,18,Male,Ohio,Yes,Jewelry,Accessories,42.55,Summer,XL,Brown,Yes,No,11,Quarterly,3.3,Express,PayPal
2078,45,Female,Texas,No,Sandals,Footwear,81.43,Summer,S,Yellow,No,No,19,Bi-Weekly,4.3,Express,PayPal
2079,43,Male,California,Yes,Coat,Outerwear,68.81,Spring,M,Brown,No,Yes,17,Quarterly,4.28,Standard,Cash
2080,36,Female,California,No,T-shirt,Clothing,54.11,Fall,M,Black,No,No,21,Bi-Weekly,3.26,Standard,PayPal
2081,69,Female,Florida,No,Boots,Footwear,53.37,Summer,M,Yellow,No,No,21,Monthly,3.75,Express,PayPal
2082,68,Male,California,Yes,Skirt,Clothing,85.74,Spring,XL,Black,No,No,19,Annually,3.64,Standard,Credit Card
2083,58,Male,New York,No,Sunglasses,Accessories,49.74,Fall,M,Purple,No,Yes,19,Quarterly,2.65,Express,Venmo
2084,23,Male,Washington,No,T-shirt,Clothing,58.02,Summer,S,Black,Yes,No,28,Bi-Weekly,4.24,Standard,Credit Card
2085,57,Male,Arizona,No,Sandals,Footwear,21.44,Winter,M,Blue,No,No,11,Annually,3.79,Standard,PayPal
2086,50,Male,Arizona,No,Jewelry,Accessories,57.06,Winter,S,Purple,No,Yes,18,Bi-Weekly,3.89,Express,Credit Card
2087,46,Female,Montana,No,Dress,Clothing,59.84,Summer,XL,Pink,No,No,24,Bi-Weekly,4.38,Express,PayPal
2088,56,Male,Washington,No,Blouse,Clothing,80.54,Fall,XL,Brown,No,No,20,Annually,3.62,Express,Cash
2089,37,Male,Ohio,No,Skirt,Clothing,90.58,Summer,S,Yellow,No,No,16,Quarterly,3.46,Express,Debit Card
2090,30,Male,Washington,Yes,Sweater,Clothing,61.46,Summer,L,Brown,Yes,No,27,Monthly,4.51,Express,Debit Card
2091,33,Male,Florida,Yes,Coat,Outerwear,36.12,Fall,L,Yellow,No,No,27,Quarterly,4.54,Express,Debit Card
2092,57,Male,Texas,No,Belt,Accessories,71.39,Summer,XL,White,Yes,Yes,14,Quarterly,3.25,Express,PayPal
2093,54,Male,New York,No,Sandals,Footwear,74.82,Summer,M,Brown,No,No,24,Bi-Weekly,3.8,Express,Cash
2094,41,Female,Illinois,No,Sandals,Footwear,66.33,Summer,L,Green,No,No,13,Monthly,2.98,Express,Cash
2095,21,Male,Arizona,No,Blouse,Clothing,57.99,Spring,XL,Brown,No,Yes,18,Weekly,4.05,Express,Debit Card
2096,56,Female,California,No,Scarf,Accessories,67.8,Fall,M,Green,Yes,No,22,Quarterly,2.72,Express,Debit Card
2097,39,Male,Montana,No,Shoes,Footwear,79.18,Summer,M,Gray,No,No,26,Annually,4.03,Express,Cash
2098,43,Male,Ohio,No,Jewelry,Accessories,43.83,Winter,M,Red,No,Yes,16,Quarterly,4.79,Express,Venmo
2099,37,Female,Illinois,No,Jacket,Outerwear,50.98,Summer,L,Gray,No,No,25,Quarterly,3.75,Express,Debit Card
2100,42,Male,Montana,Yes,Pants,Clothing,58.89,Fall,L,White,No,No,19,Annually,3.46,Express,Venmo
2101,27,Male,Ohio,No,Shirt,Clothing,68.35,Spring,M,Gray,No,No,11,Weekly,4.05,Express,Credit Card
2102,39,Male,Texas,No,Coat,Clothing,77.36,Spring,M,Brown,No,Yes,27,Annually,3.47,Express,Cash
2103,25,Female,Ohio,No,Shirt,Clothing,59.61,Winter,M,Brown,No,No,16,Weekly,3.26,Standard,Venmo
2104,52,Female,New York,No,Sneakers,Footwear,38.51,Summer,L,Black,No,No,13,Quarterly,3.41,Express,Cash
2105,41,Male,Florida,No,Shirt,Clothing,42.88,Summer,L,Pink,No,Yes,11,Annually,3.38,Standard,Debit Card
2106,45,Male,Ohio,Yes,Blouse,Clothing,39.02,Spring,S,Red,No,No,27,Weekly,4.14,Express,Credit Card
2107,42,Female,Florida,No,Jewelry,Accessories,40.56,Summer,M,Green,Yes,No,15,Annually,3.71,Express,Credit Card
2108,37,Male,Georgia,No,T-shirt,Clothing,70.14,Summer,L,Red,No,No,21,Weekly,3.48,Express,Debit Card
2109,62,Male,Ohio,No,Shirt,Clothing,99.09,Summer,L,White,Yes,No,25,Quarterly,3.84,Express,Credit Card
2110,20,Male,Montana,Yes,T-shirt,Clothing,60.81,Summer,XL,Green,No,No,12,Quarterly,3.09,Standard,Credit Card
2111,59,Male,Georgia,Yes,Jewelry,Accessories,58.58,Spring,M,Yellow,No,Yes,16,Annually,3.75,Express,Debit Card
2112,22,Female,Illinois,No,Sneakers,Footwear,51.51,Summer,L,Red,Yes,No,30,Quarterly,3.88,Express,PayPal
2113,58,Male,Florida,No,Jewelry,Accessories,34.01,Fall,S,Brown,No,No,24,Weekly,3.71,Express,Venmo
2114,59,Female,Georgia,No,Boots,Footwear,38.19,Winter,XL,White,No,No,27,Quarterly,3.49,Express,PayPal
2115,51,Female,Ohio,Yes,Scarf,Accessories,89.78,Winter,XL,Red,No,Yes,25,Weekly,3.54,Standard,Credit Card
2116,54,Male,Texas,Yes,Hoodie,Outerwear,87.66,Winter,S,Brown,No,Yes,16,Weekly,4.09,Express,Cash
2117,31,Male,Illinois,Yes,Jewelry,Accessories,86.06,Summer,S,Black,No,No,30,Weekly,3.62,Standard,Debit Card
2118,25,Male,Montana,Yes,Pants,Clothing,62.12,Summer,XL,Yellow,No,No,26,Quarterly,3.89,Express,Debit Card
2119,57,Male,Washington,No,T-shirt,Clothing,81.33,Fall,XL,Gray,No,No,26,Monthly,3.98,Express,Debit Card
2120,54,Female,Texas,Yes,Coat,Clothing,42.72,Fall,M,Pink,Yes,Yes,30,Bi-Weekly,3.84,Express,Cash
2121,61,Female,Arizona,No,Boots,Footwear,98.45,Summer,L,Purple,No,No,21,Annually,4.26,Express,Cash
2122,66,Male,Arizona,No,Scarf,Accessories,64.32,Spring,L,Red,No,No,21,Weekly,3.73,Standard,PayPal
2123,32,Female,Texas,No,Coat,Clothing,60.41,Spring,XL,Brown,No,Yes,24,Monthly,4.37,Express,Cash
2124,57,Female,Texas,No,Coat,Outerwear,60.19,Winter,M,Gray,Yes,No,27,Weekly,3.4,Express,Venmo
2125,52,Female,Georgia,Yes,Coat,Clothing,61.91,Summer,L,Purple,No,No,14,Bi-Weekly,3.38,Express,Cash
2126,43,Male,Georgia,Yes,Pants,Clothing,69.71,Winter,L,Red,No,No,14,Quarterly,4.85,Express,Credit Card
2127,65,Male,Ohio,No,Jewelry,Accessories,83.61,Winter,XL,Blue,Yes,Yes,25,Bi-Weekly,3.7,Express,Credit Card
2128,45,Male,Washington,No,T-shirt,Clothing,27.83,Fall,M,White,Yes,Yes,26,Quarterly,2.82,Standard,PayPal
2129,44,Female,Arizona,No,Scarf,Accessories,58.03,Summer,L,Black,No,Yes,17,Monthly,3.87,Express,PayPal
2130,66,Male,Ohio,Yes,Dress,Clothing,34.22,Fall,S,Gray,No,No,30,Bi-Weekly,3.56,Express,Credit Card
2131,43,Male,California,No,Scarf,Accessories,47.09,Fall,L,Black,No,No,12,Annually,3.89,Express,Cash
2132,19,Male,Florida,No,Blouse,Clothing,83.92,Winter,XL,Red,No,No,24,Annually,4.0,Express,Venmo
2133,53,Female,Georgia,No,Skirt,Clothing,25.45,Summer,XL,Gray,No,No,16,Bi-Weekly,3.03,Standard,Venmo
2134,53,Female,Washington,No,Belt,Accessories,59.26,Summer,M,Red,No,Yes,23,Quarterly,3.85,Standard,Debit Card
2135,50,Male,Georgia,Yes,Boots,Footwear,53.22,Summer,S,Brown,No,Yes,27,Quarterly,3.36,Express,Credit Card
2136,40,Male,Florida,Yes,Belt,Accessories,33.29,Spring,XL,Gray,No,No,17,Monthly,2.7,Express,Cash
2137,70,Male,Texas,No,Shoes,Footwear,46.78,Winter,L,Red,No,Yes,19,Annually,3.96,Express,Venmo
2138,36,Female,Texas,No,T-shirt,Clothing,29.1,Fall,M,Purple,Yes,No,11,Bi-Weekly,4.32,Standard,Venmo
2139,56,Male,Florida,No,Sunglasses,Accessories,48.03,Winter,L,Pink,No,No,26,Annually,4.5,Express,Debit Card
2140,24,Male,Georgia,No,Pants,Clothing,82.3,Fall,M,Brown,Yes,No,27,Bi-Weekly,4.31,Express,PayPal
2141,53,Male,Montana,No,Blouse,Clothing,76.95,Spring,XL,Brown,No,Yes,21,Weekly,3.28,Standard,PayPal
2142,70,Male,Ohio,Yes,Jacket,Outerwear,75.31,Spring,M,Blue,Yes,Yes,30,Bi-Weekly,4.22,Express,PayPal
2143,32,Female,Georgia,No,Belt,Accessories,91.29,Summer,XL,White,No,Yes,25,Weekly,3.77,Express,Venmo
2144,44,Male,Georgia,No,Sandals,Footwear,53.9,Fall,M,Black,No,No,30,Quarterly,4.26,Express,Debit Card
2145,40,Male,New York,No,T-shirt,Clothing,79.83,Spring,S,Gray,No,No,18,Bi-Weekly,3.6,Express,Cash
2146,54,Male,California,No,Belt,Accessories,66.67,Summer,M,Gray,No,No,17,Quarterly,3.61,Express,Venmo
2147,34,Male,Texas,No,Scarf,Accessories,92.0,Spring,M,Blue,No,No,29,Weekly,4.18,Standard,PayPal
2148,31,Male,New York,No,Dress,Clothing,76.72,Spring,S,Brown,No,No,16,Quarterly,4.27,Express,Debit Card
2149,35,Female,Georgia,No,Belt,Accessories,66.78,Summer,XL,Gray,Yes,No,23,Quarterly,3.79,Express,PayPal
2150,68,Male,Illinois,Yes,Dress,Clothing,46.43,Fall,M,Brown,No,Yes,16,Annually,2.77,Standard,Cash
2151,69,Male,Florida,No,Shirt,Clothing,41.93,Fall,XL,Pink,No,Yes,30,Quarterly,3.98,Express,Venmo
2152,19,Male,New York,No,Sunglasses,Accessories,93.45,Summer,S,Gray,No,No,18,Weekly,3.67,Standard,Credit Card
2153,69,Male,California,No,Jacket,Outerwear,68.3,Winter,XL,Brown,Yes,No,14,Bi-Weekly,3.58,Express,PayPal
2154,27,Male,Texas,Yes,Sunglasses,Accessories,21.08,Fall,XL,Yellow,No,No,14,Quarterly,3.87,Standard,Cash
2155,39,Male,California,No,Dress,Clothing,73.74,Winter,S,Gray,Yes,No,30,Monthly,4.13,Express,Cash
2156,38,Female,Texas,No,Blouse,Clothing,63.02,Fall,XL,Blue,Yes,No,11,Bi-Weekly,3.88,Express,Credit Card
2157,54,Male,Florida,No,Shoes,Footwear,32.41,Winter,L,Yellow,Yes,No,20,Bi-Weekly,3.14,Express,PayPal
2158,38,Male,Montana,Yes,Hoodie,Outerwear,40.4,Summer,XL,White,No,No,12,Annually,3.32,Express,PayPal
2159,66,Male,California,No,Sunglasses,Accessories,68.33,Summer,XL,White,No,No,24,Quarterly,4.24,Express,PayPal
2160,33,Female,Illinois,No,Coat,Clothing,47.07,Fall,M,Red,No,No,29,Monthly,3.46,Standard,Debit Card
2161,42,Female,Ohio,No,Coat,Outerwear,71.08,Summer,XL,Gray,No,No,26,Quarterly,2.63,Express,Cash
2162,68,Female,New York,Yes,Hoodie,Outerwear,25.99,Spring,M,Brown,No,No,23,Bi-Weekly,4.21,Standard,Cash
2163,27,Male,Arizona,Yes,Sunglasses,Accessories,57.68,Fall,S,Purple,No,Yes,25,Annually,4.22,Express,Debit Card
2164,37,Male,Ohio,Yes,Sweater,Clothing,48.07,Winter,XL,Black,No,No,15,Annually,4.59,Express,Venmo
2165,61,Male,Ohio,No,Coat,Clothing,53.07,Fall,S,Red,No,No,26,Quarterly,3.92,Express,Debit Card
2166,24,Male,Florida,No,Boots,Footwear,65.7,Winter,M,Yellow,Yes,No,23,Quarterly,3.21,Standard,Venmo
2167,29,Male,California,No,Skirt,Clothing,47.91,Spring,XL,Purple,Yes,No,20,Annually,4.47,Express,Venmo
2168,30,Female,New York,No,Sandals,Footwear,26.59,Fall,S,Blue,No,Yes,22,Annually,3.24,Express,PayPal
2169,60,Female,Washington,No,Coat,Clothing,44.74,Summer,L,Yellow,No,Yes,28,Annually,3.21,Standard,Debit Card
2170,45,Female,Florida,No,Sunglasses,Accessories,38.2,Fall,S,Purple,Yes,No,18,Quarterly,4.15,Express,PayPal
2171,21,Female,Georgia,No,Hoodie,Outerwear,33.06,Fall,L,Black,No,No,19,Quarterly,2.44,Standard,Credit Card
2172,46,Male,New York,Yes,Boots,Footwear,58.66,Winter,M,Yellow,No,No,12,Annually,3.59,Express,Debit Card
2173,64,Male,California,Yes,Shirt,Clothing,51.27,Fall,S,Purple,No,No,30,Monthly,4.29,Express,Debit Card
2174,50,Male,Washington,No,Jewelry,Accessories,46.05,Spring,M,Green,No,No,20,Bi-Weekly,3.65,Express,Debit Card
2175,33,Female,Georgia,No,Skirt,Clothing,52.92,Summer,M,Pink,No,No,21,Quarterly,3.11,Express,PayPal
2176,33,Male,Georgia,No,Sandals,Footwear,62.6,Spring,XL,Red,No,Yes,18,Annually,3.17,Express,Cash
2177,53,Male,Illinois,No,Scarf,Accessories,56.21,Spring,L,Green,No,No,16,Annually,3.45,Express,Cash
2178,25,Male,Illinois,No,Scarf,Accessories,22.51,Fall,L,Brown,Yes,No,13,Quarterly,3.1,Express,Debit Card
2179,43,Male,Montana,No,Jewelry,Accessories,42.43,Summer,XL,Blue,No,Yes,30,Bi-Weekly,3.5,Express,Credit Card
2180,52,Female,Georgia,No,Hoodie,Outerwear,19.88,Fall,L,Green,No,No,12,Monthly,3.62,Express,PayPal
2181,52,Male,Washington,No,Shoes,Footwear,97.34,Summer,L,White,Yes,Yes,24,Monthly,3.79,Express,Venmo
2182,46,Male,New York,No,Boots,Footwear,57.21,Fall,XL,Brown,No,No,18,Quarterly,3.82,Express,Venmo
2183,38,Female,Montana,No,Shoes,Footwear,86.07,Summer,XL,Green,No,No,16,Bi-Weekly,4.01,Express,Cash
2184,54,Female,Georgia,No,Shoes,Footwear,85.96,Winter,XL,White,No,No,12,Monthly,3.92,Express,Cash
2185,68,Male,Ohio,Yes,Sandals,Footwear,64.89,Spring,L,Blue,No,Yes,13,Weekly,4.4,Express,Debit Card
2186,42,Male,Arizona,No,T-shirt,Clothing,84.05,Summer,M,Pink,No,No,22,Weekly,4.56,Express,Debit Card
2187,30,Male,Illinois,No,Boots,Footwear,38.31,Fall,L,Brown,No,No,18,Quarterly,4.07,Standard,Debit Card
2188,50,Female,New York,No,Sandals,Footwear,84.51,Spring,XL,Yellow,No,No,12,Quarterly,3.98,Standard,PayPal
2189,37,Male,Montana,No,Scarf,Accessories,71.88,Fall,S,Red,No,No,19,Weekly,3.75,Standard,Cash
2190,39,Male,Ohio,No,Scarf,Accessories,70.57,Spring,S,Blue,No,Yes,18,Annually,3.32,Express,Debit Card
2191,51,Male,California,No,Coat,Clothing,41.66,Spring,L,Black,No,No,25,Bi-Weekly,3.97,Express,Cash
2192,64,Female,New York,Yes,Coat,Clothing,61.91,Winter,M,Pink,No,No,21,Quarterly,4.11,Express,Debit Card
2193,41,Male,Florida,Yes,Pants,Clothing,48.36,Summer,XL,Red,No,No,27,Bi-Weekly,3.58,Express,Debit Card
2194,67,Male,Ohio,Yes,Sandals,Footwear,76.49,Winter,XL,Red,No,No,20,Weekly,3.86,Standard,Cash
2195,66,Male,Washington,No,Hoodie,Outerwear,64.41,Winter,M,Yellow,No,Yes,24,Quarterly,3.28,Express,Cash
2196,26,Female,Texas,Yes,Boots,Footwear,71.22,Summer,M,Red,Yes,No,26,Monthly,3.48,Standard,PayPal
2197,47,Male,Montana,Yes,Coat,Clothing,63.47,Summer,M,Blue,No,No,15,Bi-Weekly,3.7,Express,Credit Card
2198,67,Female,Washington,No,Blouse,Clothing,67.24,Spring,M,Black,Yes,Yes,26,Bi-Weekly,3.92,Standard,Venmo
2199,61,Female,Illinois,No,Sneakers,Footwear,46.74,Fall,L,Pink,No,Yes,21,Bi-Weekly,4.05,Express,PayPal
2200,22,Male,California,No,Sweater,Clothing,77.83,Spring,S,Red,No,No,21,Bi-Weekly,4.13,Express,Debit Card
2201,22,Female,Georgia,No,Jewelry,Accessories,71.85,Fall,S,Green,No,Yes,26,Annually,3.16,Express,Venmo
2202,20,Male,Washington,No,Coat,Clothing,71.69,Spring,M,Blue,No,No,18,Bi-Weekly,3.47,Express,Venmo
2203,42,Male,Montana,No,Blouse,Clothing,64.76,Fall,L,White,No,No,28,Monthly,3.24,Express,Credit Card
2204,51,Male,Arizona,No,Sneakers,Footwear,42.31,Summer,S,Red,No,No,24,Quarterly,3.32,Standard,Credit Card
2205,53,Female,Georgia,No,Hoodie,Outerwear,45.27,Winter,L,Red,Yes,No,29,Bi-Weekly,2.68,Express,Debit Card
2206,44,Female,California,Yes,Jewelry,Accessories,59.59,Fall,L,Black,No,Yes,21,Bi-Weekly,3.05,Express,Cash
2207,64,Male,Montana,Yes,Hoodie,Outerwear,73.8,Summer,L,Red,No,Yes,12,Monthly,3.71,Express,Debit Card
2208,49,Female,Florida,Yes,Sweater,Clothing,31.2,Summer,XL,Green,Yes,Yes,26,Weekly,4.35,Express,PayPal
2209,53,Female,Florida,No,Sunglasses,Accessories,60.44,Summer,M,Purple,No,No,20,Monthly,3.18,Standard,PayPal
2210,61,Male,Texas,Yes,Sunglasses,Accessories,40.71,Summer,L,Yellow,No,No,28,Weekly,3.2,Express,PayPal
2211,70,Female,California,No,Blouse,Clothing,37.11,Winter,L,Gray,No,No,30,Quarterly,4.19,Express,Cash
2212,67,Female,Arizona,No,Scarf,Accessories,65.44,Fall,L,Purple,No,No,14,Monthly,3.27,Express,Debit Card
2213,63,Male,Montana,Yes,Sunglasses,Accessories,51.67,Winter,XL,Yellow,No,No,23,Monthly,4.32,Standard,Credit Card
2214,67,Male,Arizona,No,Hoodie,Outerwear,64.2,Winter,M,Purple,No,No,16,Quarterly,3.81,Express,Venmo
2215,58,Female,Washington,Yes,Belt,Accessories,60.5,Summer,L,Yellow,No,No,21,Bi-Weekly,2.73,Express,Venmo
2216,35,Male,Florida,No,Sweater,Clothing,61.55,Summer,S,White,No,No,17,Quarterly,4.59,Express,Debit Card
2217,38,Male,Washington,No,Sunglasses,Accessories,87.28,Summer,XL,Purple,No,No,14,Monthly,3.9,Express,Venmo
2218,32,Female,Arizona,Yes,Scarf,Accessories,68.38,Fall,S,Purple,No,No,16,Bi-Weekly,2.98,Standard,Debit Card
2219,19,Male,Washington,No,Jacket,Outerwear,47.74,Summer,S,Purple,Yes,Yes,26,Annually,4.03,Standard,Venmo
2220,27,Male,Texas,No,Boots,Footwear,51.06,Spring,L,Green,No,No,11,Bi-Weekly,3.39,Express,Venmo
2221,20,Male,Illinois,No,T-shirt,Clothing,63.65,Spring,XL,Red,No,Yes,17,Annually,4.71,Express,Credit Card
2222,35,Female,Washington,Yes,Jewelry,Accessories,93.78,Fall,S,Blue,No,No,19,Annually,3.61,Express,Debit Card
2223,51,Male,Texas,No,T-shirt,Clothing,57.78,Spring,S,Pink,No,No,21,Bi-Weekly,3.0,Express,Credit Card
2224,58,Male,Florida,No,Scarf,Accessories,58.53,Summer,XL,Black,No,Yes,11,Annually,2.85,Express,Debit Card
2225,48,Male,New York,Yes,Belt,Accessories,81.91,Fall,S,Gray,Yes,No,17,Quarterly,3.89,Standard,Cash
2226,57,Male,Washington,No,Shirt,Clothing,72.77,Winter,M,Yellow,Yes,No,24,Annually,4.29,Express,Credit Card
2227,37,Male,Georgia,No,Coat,Clothing,53.61,Fall,XL,White,No,No,20,Quarterly,3.99,Standard,Venmo
2228,56,Female,New York,No,Dress,Clothing,29.43,Fall,XL,Blue,No,No,23,Annually,3.62,Express,Cash
2229,58,Male,Arizona,No,Boots,Footwear,69.07,Fall,S,Gray,No,Yes,16,Quarterly,4.0,Express,Cash
2230,33,Female,Texas,Yes,Shoes,Footwear,70.45,Summer,M,Yellow,No,Yes,16,Annually,2.92,Express,PayPal
2231,59,Male,Florida,No,Sunglasses,Accessories,59.71,Spring,S,Red,No,No,16,Bi-Weekly,5.0,Express,PayPal
2232,25,Male,Ohio,No,T-shirt,Clothing,50.59,Spring,L,White,No,No,27,Monthly,3.76,Express,Venmo
2233,26,Male,Illinois,Yes,Shirt,Clothing,70.05,Winter,S,Green,No,Yes,19,Weekly,4.44,Standard,PayPal
2234,24,Male,Georgia,No,Coat,Clothing,48.04,Winter,M,Blue,No,No,24,Weekly,3.29,Express,Cash
2235,60,Male,Texas,No,Jewelry,Accessories,83.45,Winter,L,Yellow,No,No,14,Quarterly,3.17,Express,Debit Card
2236,45,Female,Ohio,No,Scarf,Accessories,69.35,Fall,S,Purple,No,No,12,Bi-Weekly,3.28,Express,Venmo
2237,26,Male,Arizona,No,Sweater,Clothing,81.36,Fall,XL,Green,No,No,28,Weekly,3.53,Standard,PayPal
2238,70,Male,Texas,No,Sneakers,Footwear,45.42,Winter,L,Purple,No,Yes,11,Quarterly,3.32,Express,Debit Card
2239,24,Male,Washington,No,Hoodie,Outerwear,44.23,Winter,M,Gray,No,No,19,Quarterly,4.18,Standard,Debit Card
2240,18,Male,Illinois,No,Hoodie,Outerwear,30.12,Fall,M,Brown,No,No,12,Monthly,4.14,Express,PayPal
2241,59,Male,Illinois,No,Hoodie,Outerwear,20.65,Fall,M,Brown,No,No,21,Monthly,4.19,Express,Venmo
2242,46,Male,Ohio,No,Skirt,Clothing,60.35,Winter,XL,Pink,Yes,No,27,Weekly,5.0,Express,Cash
2243,20,Male,California,No,Shoes,Footwear,37.78,Spring,S,Blue,No,No,26,Monthly,3.14,Standard,PayPal
2244,40,Male,Ohio,No,Skirt,Clothing,51.94,Fall,S,Red,No,No,13,Annually,3.71,Standard,PayPal
2245,64,Female,Montana,No,Dress,Clothing,78.34,Summer,L,Gray,No,Yes,16,Annually,3.2,Express,PayPal
2246,39,Male,Ohio,No,Pants,Clothing,53.03,Fall,XL,Brown,No,No,25,Bi-Weekly,3.32,Express,Cash
2247,51,Male,Texas,No,Sunglasses,Accessories,63.01,Fall,XL,Blue,No,No,18,Annually,4.38,Express,Cash
2248,20,Male,Montana,No,Belt,Accessories,55.92,Winter,XL,Brown,No,No,11,Annually,3.92,Express,Cash
2249,70,Male,Illinois,No,Coat,Outerwear,69.04,Summer,S,Green,No,No,28,Annually,4.58,Standard,Credit Card
2250,66,Male,Texas,No,Coat,Clothing,67.02,Fall,L,Black,Yes,No,11,Monthly,3.62,Standard,Venmo
2251,67,Male,Illinois,Yes,Jewelry,Accessories,47.58,Winter,XL,Green,No,Yes,25,Bi-Weekly,3.48,Express,PayPal
2252,39,Male,Texas,No,Dress,Clothing,42.6,Spring,S,Green,No,No,11,Quarterly,3.83,Standard,Venmo
2253,62,Male,Florida,No,Blouse,Clothing,77.78,Fall,S,Pink,Yes,Yes,30,Bi-Weekly,3.75,Standard,PayPal
2254,37,Male,Arizona,No,Shoes,Footwear,39.87,Summer,S,Gray,No,No,19,Weekly,3.87,Express,Cash
2255,52,Male,Arizona,Yes,Hoodie,Outerwear,16.44,Summer,M,White,No,No,18,Monthly,4.19,Express,Cash
2256,19,Male,Georgia,No,Pants,Clothing,43.21,Winter,L,Black,No,No,13,Monthly,3.02,Standard,Cash
2257,68,Female,California,No,Sandals,Footwear,70.24,Winter,L,Purple,No,No,23,Monthly,4.61,Express,Credit Card
2258,50,Female,Florida,No,Jewelry,Accessories,55.58,Winter,M,Red,No,No,13,Bi-Weekly,3.29,Express,PayPal
2259,59,Female,Illinois,No,Coat,Clothing,96.53,Summer,S,White,No,No,12,Weekly,3.27,Express,Cash
2260,39,Female,Washington,No,Sweater,Clothing,59.64,Fall,XL,Purple,Yes,No,20,Monthly,3.98,Express,Debit Card
2261,33,Female,Texas,Yes,Belt,Accessories,34.59,Spring,S,Red,No,No,24,Quarterly,3.94,Express,Venmo
2262,24,Male,Arizona,No,Belt,Accessories,99.18,Spring,S,Pink,No,No,20,Bi-Weekly,4.33,Standard,Debit Card
2263,60,Male,Montana,Yes,Boots,Footwear,54.97,Fall,M,Yellow,No,No,12,Bi-Weekly,3.67,Express,Venmo
2264,26,Male,Washington,No,Coat,Outerwear,70.46,Winter,XL,Blue,Yes,No,24,Weekly,3.09,Express,Credit Card
2265,36,Male,California,No,Shoes,Footwear,59.84,Fall,M,Blue,No,Yes,13,Weekly,2.91,Express,Cash
2266,18,Female,Georgia,Yes,Scarf,Accessories,61.99,Spring,M,Blue,No,Yes,18,Quarterly,3.45,Express,Cash
2267,36,Female,Washington,No,Jacket,Outerwear,30.35,Spring,L,Brown,No,No,14,Quarterly,3.23,Standard,Credit Card
2268,70,Female,Texas,No,Belt,Accessories,50.8,Fall,L,Yellow,No,No,27,Bi-Weekly,3.68,Express,Cash
2269,70,Male,Washington,No,Coat,Clothing,59.19,Spring,S,Pink,No,No,13,Bi-Weekly,3.17,Express,Cash
2270,67,Male,Washington,Yes,Shirt,Clothing,28.02,Spring,L,Red,No,No,17,Monthly,3.02,Express,Venmo
2271,29,Male,Georgia,No,Jewelry,Accessories,49.73,Summer,L,Green,No,Yes,19,Monthly,4.26,Express,PayPal
2272,30,Female,Montana,No,Shoes,Footwear,51.11,Summer,L,Brown,No,No,22,Monthly,3.32,Express,Debit Card
2273,40,Male,Illinois,No,Sandals,Footwear,40.69,Fall,XL,Yellow,No,No,21,Quarterly,4.46,Standard,Venmo
2274,19,Male,New York,Yes,Shoes,Footwear,56.79,Winter,L,Black,No,No,25,Quarterly,3.36,Standard,Debit Card
2275,66,Male,Washington,No,Jewelry,Accessories,78.58,Winter,XL,Purple,No,No,14,Monthly,3.22,Express,PayPal
2276,65,Male,California,No,Blouse,Clothing,40.02,Spring,L,Gray,No,Yes,18,Weekly,3.28,Standard,Cash
2277,39,Male,New York,No,Dress,Clothing,78.84,Fall,M,Red,Yes,No,20,Weekly,3.33,Express,Credit Card
2278,39,Male,Georgia,Yes,Coat,Clothing,93.91,Fall,M,Pink,No,No,28,Bi-Weekly,2.97,Standard,Debit Card
2279,35,Male,Washington,No,Jewelry,Accessories,52.84,Spring,M,Green,No,No,19,Annually,4.06,Express,PayPal
2280,48,Female,Florida,Yes,Sunglasses,Accessories,49.22,Spring,XL,Blue,No,No,17,Monthly,4.41,Standard,Cash
2281,32,Female,Florida,No,Shoes,Footwear,74.27,Winter,S,Gray,No,No,16,Monthly,4.13,Express,PayPal
2282,42,Male,Texas,No,Sandals,Footwear,59.91,Summer,M,Blue,No,Yes,18,Annually,4.25,Express,PayPal
2283,56,Male,New York,No,Shirt,Clothing,78.39,Winter,XL,Gray,Yes,Yes,13,Quarterly,3.54,Express,Venmo
2284,41,Female,Arizona,No,Sandals,Footwear,24.06,Fall,L,Green,No,No,26,Annually,3.76,Express,PayPal
2285,41,Male,Texas,No,Scarf,Accessories,38.26,Summer,M,Yellow,No,No,12,Bi-Weekly,3.34,Express,PayPal
2286,56,Male,Florida,No,Hoodie,Outerwear,87.45,Summer,S,White,No,No,30,Annually,3.57,Express,Credit Card
2287,44,Male,Washington,Yes,Sandals,Footwear,95.15,Summer,M,Red,No,Yes,19,Quarterly,4.09,Express,Venmo
2288,40,Male,Texas,Yes,Jacket,Outerwear,37.01,Summer,L,Red,Yes,No,20,Quarterly,3.99,Standard,Debit Card
2289,69,Male,Florida,No,Sandals,Footwear,62.82,Winter,XL,White,Yes,No,12,Bi-Weekly,3.73,Standard,PayPal
2290,54,Male,Texas,No,Hoodie,Outerwear,51.07,Spring,S,Red,No,No,21,Annually,3.31,Express,Credit Card
2291,20,Female,Illinois,No,Coat,Clothing,64.25,Fall,M,Black,No,Yes,16,Monthly,3.67,Express,Cash
2292,37,Male,Florida,No,Sunglasses,Accessories,31.99,Fall,XL,Brown,No,No,25,Monthly,3.34,Standard,Debit Card
2293,64,Male,Texas,Yes,Coat,Outerwear,45.11,Summer,M,Blue,No,No,30,Quarterly,4.35,Express,Cash
2294,60,Male,Ohio,No,Sandals,Footwear,40.58,Winter,XL,Pink,No,No,12,Weekly,2.84,Express,Venmo
2295,59,Female,Washington,No,Sweater,Clothing,32.97,Fall,M,Gray,Yes,Yes,22,Quarterly,3.4,Express,Venmo
2296,18,Male,Georgia,Yes,Jacket,Outerwear,71.63,Fall,M,Yellow,Yes,No,20,Annually,3.57,Express,Cash
2297,34,Male,New York,No,Sneakers,Footwear,59.9,Winter,XL,Brown,No,No,30,Quarterly,3.07,Standard,PayPal
2298,29,Male,New York,Yes,Sandals,Footwear,32.83,Summer,S,White,No,No,13,Weekly,3.01,Express,Debit Card
2299,68,Female,Florida,Yes,Skirt,Clothing,86.16,Winter,XL,Red,No,No,11,Quarterly,4.0,Express,Debit Card
2300,28,Male,Illinois,No,Sandals,Footwear,28.67,Fall,XL,Black,Yes,No,30,Weekly,3.39,Express,PayPal
2301,50,Female,Texas,No,Blouse,Clothing,54.27,Winter,S,Brown,No,No,15,Annually,3.43,Express,Debit Card
2302,49,Male,Illinois,No,T-shirt,Clothing,57.85,Fall,XL,Red,No,No,15,Annually,3.74,Standard,PayPal
2303,43,Male,Illinois,No,Sweater,Clothing,57.49,Winter,S,Blue,No,No,25,Quarterly,4.19,Express,Cash
2304,31,Male,California,No,Sweater,Clothing,84.98,Winter,L,Purple,No,Yes,14,Monthly,3.84,Express,Venmo
2305,24,Male,Texas,No,Shirt,Clothing,40.38,Fall,S,Purple,No,No,22,Bi-Weekly,3.4,Express,PayPal
2306,28,Female,Illinois,No,Scarf,Accessories,22.5,Fall,XL,Gray,No,No,29,Annually,2.86,Express,Cash
2307,45,Male,New York,No,Coat,Outerwear,69.23,Winter,S,White,No,No,26,Bi-Weekly,4.05,Express,Debit Card
2308,70,Male,Florida,Yes,Coat,Clothing,55.87,Spring,M,Black,Yes,Yes,14,Bi-Weekly,4.41,Express,Credit Card
2309,49,Female,Arizona,Yes,Scarf,Accessories,103.31,Fall,L,Red,No,No,29,Monthly,4.11,Express,Debit Card
2310,46,Male,Ohio,No,Pants,Clothing,32.04,Winter,S,White,No,Yes,25,Monthly,3.1,Standard,Venmo
2311,42,Male,Florida,Yes,Sandals,Footwear,53.35,Summer,M,Black,No,No,12,Annually,3.48,Express,Debit Card
2312,61,Male,Georgia,No,Blouse,Clothing,63.89,Winter,M,Black,No,No,15,Quarterly,3.91,Express,Credit Card
2313,62,Female,California,No,Sweater,Clothing,52.93,Winter,M,Gray,No,No,23,Bi-Weekly,4.68,Standard,Venmo
2314,68,Female,Georgia,Yes,Sneakers,Footwear,56.87,Summer,M,Brown,No,No,25,Quarterly,3.7,Express,PayPal
2315,64,Female,Georgia,No,Coat,Outerwear,79.49,Winter,XL,Green,No,Yes,23,Annually,3.15,Express,Cash
2316,21,Male,Georgia,No,Coat,Outerwear,77.44,Winter,M,Gray,No,No,13,Bi-Weekly,4.18,Express,PayPal
2317,47,Male,Illinois,No,Shoes,Footwear,39.73,Winter,L,Yellow,No,No,20,Quarterly,4.47,Express,Cash
2318,68,Male,Georgia,No,Blouse,Clothing,27.94,Winter,S,Green,Yes,No,15,Monthly,3.37,Express,Cash
2319,66,Female,Georgia,No,T-shirt,Clothing,69.78,Fall,XL,Pink,No,No,30,Bi-Weekly,3.77,Express,Venmo
2320,52,Female,Washington,Yes,Shirt,Clothing,50.55,Winter,L,Yellow,Yes,No,18,Annually,2.66,Express,PayPal
2321,25,Male,Ohio,No,Scarf,Accessories,46.47,Summer,M,Brown,No,No,25,Quarterly,4.06,Express,Debit Card
2322,46,Female,Texas,No,Sandals,Footwear,73.08,Summer,M,Pink,Yes,No,14,Quarterly,3.95,Express,PayPal
2323,24,Male,California,No,Sandals,Footwear,76.21,Spring,M,Blue,No,No,21,Quarterly,4.64,Express,Venmo
2324,61,Male,Illinois,No,Scarf,Accessories,56.0,Fall,S,Red,No,Yes,19,Quarterly,3.55,Express,Debit Card
2325,30,Female,Washington,Yes,Belt,Accessories,95.45,Spring,S,Pink,Yes,No,11,Monthly,3.66,Express,Cash
2326,25,Male,Florida,Yes,Hoodie,Outerwear,73.11,Fall,M,Purple,No,Yes,12,Weekly,3.98,Express,Debit Card
2327,61,Male,Ohio,No,Sweater,Clothing,101.5,Winter,XL,Red,No,No,17,Weekly,4.04,Standard,Debit Card
2328,33,Female,Washington,Yes,Sneakers,Footwear,69.87,Winter,M,Gray,No,No,29,Annually,3.29,Express,Cash
2329,31,Female,Washington,No,Skirt,Clothing,65.06,Winter,L,Black,No,Yes,17,Weekly,2.79,Express,Cash
2330,59,Male,Georgia,No,Pants,Clothing,60.08,Winter,L,Green,No,Yes,17,Quarterly,4.33,Standard,Cash
2331,24,Male,New York,No,Hoodie,Outerwear,70.6,Summer,XL,Blue,No,No,14,Weekly,3.55,Express,Debit Card
2332,18,Male,Georgia,No,Dress,Clothing,51.48,Spring,XL,Purple,No,No,13,Monthly,3.59,Express,Credit Card
2333,23,Male,Ohio,No,Scarf,Accessories,66.31,Spring,XL,Gray,Yes,No,16,Annually,3.34,Express,PayPal
2334,67,Male,California,No,Boots,Footwear,99.24,Spring,L,White,No,No,17,Quarterly,4.22,Express,Venmo
2335,59,Male,New York,Yes,Belt,Accessories,66.79,Spring,S,Red,Yes,No,28,Weekly,3.81,Express,Venmo
2336,66,Female,Texas,No,Pants,Clothing,110.0,Spring,M,Black,Yes,No,19,Weekly,3.98,Standard,PayPal
2337,58,Male,Texas,Yes,Jewelry,Accessories,24.81,Spring,L,Yellow,No,No,26,Bi-Weekly,4.17,Express,PayPal
2338,58,Female,Montana,Yes,Jacket,Outerwear,82.07,Winter,S,Brown,Yes,Yes,22,Weekly,3.88,Express,Credit Card
2339,25,Male,Montana,No,Blouse,Clothing,30.62,Summer,XL,Yellow,No,Yes,29,Bi-Weekly,4.16,Express,Cash
2340,53,Male,New York,No,Sunglasses,Accessories,91.67,Winter,M,Gray,No,No,18,Bi-Weekly,3.7,Express,Credit Card
2341,39,Female,Arizona,No,Sandals,Footwear,53.12,Fall,L,Gray,Yes,No,17,Weekly,2.9,Standard,Venmo
2342,27,Male,Washington,No,T-shirt,Clothing,71.75,Fall,XL,Purple,No,No,14,Monthly,4.28,Standard,Debit Card
2343,31,Female,Washington,Yes,Hoodie,Outerwear,75.39,Fall,L,Red,No,No,22,Monthly,3.99,Express,Credit Card
2344,19,Male,Illinois,Yes,Coat,Outerwear,86.94,Summer,S,Black,No,No,18,Annually,4.08,Express,Debit Card
2345,42,Male,Arizona,No,Sneakers,Footwear,43.02,Spring,S,Pink,No,No,25,Annually,3.66,Standard,Venmo
2346,23,Male,Florida,No,Sandals,Footwear,56.93,Spring,M,Pink,No,No,18,Quarterly,3.56,Express,PayPal
2347,32,Male,Texas,No,Sneakers,Footwear,91.12,Spring,XL,Red,Yes,No,16,Annually,4.7,Express,PayPal
2348,42,Female,Illinois,No,Coat,Outerwear,74.81,Spring,M,Blue,No,Yes,14,Bi-Weekly,3.84,Standard,PayPal
2349,46,Male,Florida,No,Sneakers,Footwear,28.6,Fall,XL,Pink,No,No,17,Bi-Weekly,4.2,Express,Venmo
2350,37,Male,Arizona,Yes,Sneakers,Footwear,72.79,Winter,L,Brown,No,No,29,Monthly,3.31,Standard,PayPal
2351,48,Male,California,Yes,Scarf,Accessories,63.41,Fall,L,Purple,No,No,23,Bi-Weekly,3.14,Express,Cash
2352,19,Male,Illinois,Yes,Dress,Clothing,35.6,Winter,L,Green,No,Yes,11,Monthly,4.04,Express,Debit Card
2353,55,Male,Georgia,Yes,Belt,Accessories,89.38,Winter,XL,Pink,No,No,23,Weekly,3.87,Express,Venmo
2354,32,Male,Montana,No,Coat,Clothing,49.56,Fall,L,Black,Yes,No,23,Bi-Weekly,3.66,Express,Venmo
2355,22,Male,New York,No,Jewelry,Accessories,69.47,Fall,L,Red,No,No,16,Weekly,4.43,Express,Debit Card
2356,57,Male,New York,No,Sandals,Footwear,48.81,Spring,XL,Yellow,No,No,26,Monthly,3.85,Express,PayPal
2357,66,Male,Ohio,Yes,Shirt,Clothing,60.48,Fall,S,Blue,No,No,23,Monthly,3.38,Standard,PayPal
2358,42,Female,Washington,No,T-shirt,Clothing,15.0,Fall,M,Red,No,No,26,Bi-Weekly,4.5,Standard,Venmo
2359,70,Male,Florida,No,Hoodie,Outerwear,49.27,Winter,S,Gray,No,No,23,Bi-Weekly,4.05,Standard,Credit Card
2360,46,Male,Arizona,Yes,Sweater,Clothing,51.91,Summer,XL,Yellow,No,Yes,26,Annually,4.12,Express,Cash
2361,59,Male,California,No,Shirt,Clothing,29.48,Winter,M,Gray,No,No,24,Monthly,4.07,Standard,PayPal
2362,18,Male,Florida,No,Sweater,Clothing,62.04,Fall,M,Black,No,No,24,Weekly,3.52,Express,PayPal
2363,53,Male,Washington,Yes,Sneakers,Footwear,68.11,Spring,S,Red,No,No,17,Annually,3.51,Express,PayPal
2364,66,Male,Texas,Yes,Shirt,Clothing,47.99,Spring,M,Red,No,No,21,Bi-Weekly,3.29,Express,Credit Card
2365,19,Male,Georgia,No,Dress,Clothing,25.49,Fall,S,Blue,Yes,No,15,Monthly,4.33,Express,PayPal
2366,57,Female,New York,No,Coat,Outerwear,55.02,Fall,L,Brown,No,Yes,13,Monthly,3.19,Express,Cash
2367,23,Male,California,Yes,Scarf,Accessories,63.07,Fall,L,Green,Yes,No,15,Annually,3.13,Express,Credit Card
2368,49,Male,Montana,No,Sweater,Clothing,46.71,Fall,XL,Blue,No,No,27,Monthly,3.42,Express,Cash
2369,40,Male,Arizona,No,Jacket,Outerwear,77.59,Winter,M,Blue,No,No,19,Monthly,3.45,Standard,PayPal
2370,29,Male,New York,No,T-shirt,Clothing,86.13,Fall,L,White,Yes,No,13,Monthly,3.25,Express,Debit Card
2371,60,Female,Washington,No,Dress,Clothing,55.07,Winter,S,Purple,Yes,Yes,24,Monthly,3.81,Standard,Credit Card
2372,55,Male,California,Yes,Belt,Accessories,15.0,Winter,XL,Gray,No,No,16,Monthly,3.61,Express,Venmo
2373,44,Male,Washington,No,Jacket,Outerwear,62.71,Winter,M,Black,No,No,23,Quarterly,3.28,Express,Cash
2374,60,Male,Illinois,No,Dress,Clothing,41.33,Spring,S,Brown,No,Yes,27,Weekly,3.31,Express,Venmo
2375,24,Male,Arizona,No,Boots,Footwear,69.71,Fall,M,Pink,No,No,12,Quarterly,4.53,Express,Venmo
2376,50,Male,New York,No,Coat,Clothing,42.67,Summer,S,Purple,Yes,Yes,27,Weekly,4.36,Standard,Cash
2377,67,Male,Georgia,No,Shoes,Footwear,40.7,Spring,S,Black,No,No,23,Annually,2.86,Express,Credit Card
2378,59,Male,Washington,No,Dress,Clothing,47.15,Spring,XL,Pink,Yes,No,26,Weekly,3.27,Standard,Cash
2379,50,Male,Texas,No,Coat,Clothing,44.31,Spring,L,Blue,Yes,Yes,27,Annually,3.44,Express,Credit Card
2380,42,Female,Arizona,Yes,Scarf,Accessories,59.59,Summer,M,Brown,No,Yes,18,Bi-Weekly,3.44,Express,Debit Card
2381,51,Male,New York,No,Sneakers,Footwear,15.0,Fall,S,Black,Yes,Yes,13,Weekly,4.63,Express,Debit Card
2382,49,Male,Arizona,No,Sweater,Clothing,54.63,Spring,S,Pink,No,Yes,13,Annually,2.93,Express,Credit Card
2383,40,Female,Ohio,Yes,Sneakers,Footwear,58.65,Spring,XL,Pink,Yes,No,11,Annually,3.83,Express,PayPal
2384,53,Male,Georgia,No,Sandals,Footwear,66.32,Fall,L,Pink,No,Yes,11,Quarterly,3.8,Standard,PayPal
2385,27,Male,Florida,No,Belt,Accessories,77.69,Summer,M,White,No,No,18,Annually,3.5,Express,Cash
2386,35,Male,New York,Yes,Dress,Clothing,87.35,Winter,L,White,Yes,No,25,Monthly,3.96,Express,Cash
2387,54,Female,Washington,No,Jacket,Outerwear,53.43,Summer,M,Yellow,Yes,Yes,19,Quarterly,4.27,Express,Debit Card
2388,68,Male,Illinois,Yes,Hoodie,Outerwear,57.47,Fall,XL,White,No,No,20,Monthly,3.57,Express,PayPal
2389,47,Male,California,No,Coat,Outerwear,41.72,Spring,L,Green,No,No,28,Quarterly,4.47,Standard,Venmo
2390,65,Male,Florida,No,T-shirt,Clothing,30.74,Fall,L,Blue,Yes,No,28,Bi-Weekly,4.66,Standard,Cash
2391,49,Male,New York,No,Jewelry,Accessories,63.37,Summer,S,Blue,No,No,12,Bi-Weekly,4.38,Express,Credit Card
2392,39,Female,Illinois,No,Belt,Accessories,66.75,Fall,S,Green,No,No,28,Bi-Weekly,2.79,Express,Cash
2393,32,Male,Florida,No,Jacket,Outerwear,35.3,Fall,M,White,Yes,Yes,26,Monthly,3.58,Express,Debit Card
2394,35,Female,Arizona,No,Coat,Outerwear,49.82,Summer,M,Red,No,No,25,Bi-Weekly,4.18,Express,Debit Card
2395,70,Female,Illinois,No,Jewelry,Accessories,34.68,Spring,L,Gray,No,No,21,Quarterly,3.65,Standard,Debit Card
2396,21,Male,Florida,Yes,Skirt,Clothing,66.32,Spring,L,Black,No,Yes,23,Bi-Weekly,4.1,Standard,Cash
2397,54,Female,Texas,No,Sneakers,Footwear,68.17,Summer,L,Red,No,No,16,Weekly,3.21,Express,Cash
2398,58,Male,Montana,Yes,Coat,Outerwear,83.4,Fall,L,Brown,Yes,No,19,Quarterly,3.69,Express,Venmo
2399,23,Male,Montana,No,Coat,Outerwear,51.85,Winter,M,Black,No,No,29,Quarterly,3.3,Standard,Venmo
2400,37,Female,Washington,No,Coat,Clothing,57.64,Spring,L,Green,No,No,23,Annually,3.49,Express,Debit Card
2401,66,Male,Georgia,No,Hoodie,Outerwear,96.49,Summer,S,Pink,No,No,21,Annually,4.04,Express,Venmo
2402,42,Male,California,No,Jacket,Outerwear,89.07,Spring,XL,Green,No,Yes,24,Bi-Weekly,4.09,Express,PayPal
2403,20,Female,Florida,No,Shirt,Clothing,81.07,Fall,XL,Blue,Yes,No,11,Weekly,3.49,Standard,Venmo
2404,68,Female,California,No,Belt,Accessories,63.6,Winter,XL,Gray,No,No,24,Monthly,3.41,Express,Cash
2405,25,Female,Montana,No,Pants,Clothing,50.64,Winter,S,Yellow,No,No,27,Quarterly,3.44,Standard,Credit Card
2406,46,Male,Georgia,Yes,Sweater,Clothing,41.15,Fall,M,White,Yes,No,17,Weekly,4.35,Express,PayPal
2407,23,Male,California,No,Jacket,Outerwear,15.0,Winter,S,Red,No,No,27,Bi-Weekly,3.56,Express,Debit Card
2408,31,Male,Ohio,No,Sunglasses,Accessories,73.5,Spring,XL,Black,No,No,15,Monthly,3.29,Express,PayPal
2409,70,Male,Illinois,No,Scarf,Accessories,74.63,Fall,XL,Black,No,Yes,17,Bi-Weekly,3.25,Standard,Credit Card
2410,45,Female,Georgia,Yes,Sunglasses,Accessories,66.04,Winter,L,Red,No,Yes,30,Bi-Weekly,4.2,Express,Cash
2411,38,Male,Washington,No,Coat,Clothing,23.34,Spring,M,Yellow,No,Yes,22,Quarterly,4.03,Standard,Venmo
2412,24,Female,California,No,Sneakers,Footwear,44.79,Fall,L,Purple,No,No,13,Weekly,3.74,Express,Credit Card
2413,32,Female,Ohio,No,Jewelry,Accessories,40.42,Summer,L,Yellow,Yes,No,30,Weekly,3.55,Express,Credit Card
2414,43,Male,Ohio,Yes,Sunglasses,Accessories,49.82,Fall,XL,Purple,Yes,No,12,Weekly,3.8,Express,Debit Card
2415,35,Male,California,Yes,Jacket,Outerwear,79.87,Summer,M,White,Yes,Yes,18,Annually,4.19,Express,Cash
2416,35,Male,New York,No,Sweater,Clothing,61.83,Fall,S,White,No,Yes,25,Monthly,3.7,Express,Venmo
2417,37,Male,Montana,No,Jacket,Outerwear,86.13,Spring,L,Yellow,No,No,14,Annually,4.07,Standard,Credit Card
2418,45,Male,Washington,Yes,T-shirt,Clothing,65.03,Winter,XL,Blue,No,No,13,Monthly,3.75,Standard,Credit Card
2419,38,Male,Texas,Yes,Jewelry,Accessories,60.51,Winter,M,Green,No,No,30,Quarterly,4.13,Express,PayPal
2420,25,Female,Illinois,No,Sneakers,Footwear,85.53,Winter,L,Brown,No,Yes,24,Annually,3.79,Standard,PayPal
2421,21,Male,Washington,Yes,Pants,Clothing,89.4,Summer,L,Red,No,No,13,Annually,3.99,Express,PayPal
2422,56,Male,Washington,No,Sunglasses,Accessories,62.75,Summer,L,Red,No,No,18,Monthly,3.31,Express,Debit Card
2423,40,Male,Texas,No,Boots,Footwear,82.34,Winter,XL,Pink,No,No,28,Quarterly,3.79,Express,PayPal
2424,48,Male,Montana,No,Pants,Clothing,80.38,Winter,L,White,No,No,27,Monthly,3.09,Express,Credit Card
2425,26,Male,New York,Yes,Sandals,Footwear,40.12,Spring,S,Red,Yes,No,28,Monthly,4.32,Express,Cash
2426,21,Female,Florida,No,Dress,Clothing,68.69,Winter,XL,Green,No,No,26,Annually,3.48,Express,Credit Card
2427,70,Male,New York,Yes,Coat,Outerwear,59.65,Winter,S,Black,No,Yes,23,Annually,3.39,Express,PayPal
2428,25,Male,Florida,No,Sunglasses,Accessories,32.31,Spring,M,Brown,No,No,15,Quarterly,3.77,Express,Credit Card
2429,34,Male,Montana,Yes,Sandals,Footwear,52.78,Summer,XL,Green,Yes,No,24,Monthly,4.42,Express,Credit Card
2430,49,Male,Montana,Yes,Sweater,Clothing,52.0,Fall,S,Gray,No,No,13,Annually,3.57,Standard,Cash
2431,50,Female,Florida,Yes,Belt,Accessories,69.33,Winter,L,Gray,No,No,13,Annually,3.0,Express,PayPal
2432,26,Male,Florida,No,Skirt,Clothing,79.04,Summer,M,White,No,Yes,26,Weekly,3.64,Express,Debit Card
2433,35,Female,Arizona,No,Shoes,Footwear,55.16,Winter,XL,Gray,Yes,Yes,29,Annually,4.17,Express,Debit Card
2434,61,Male,Georgia,Yes,Hoodie,Outerwear,74.1,Winter,XL,Gray,Yes,Yes,29,Annually,3.57,Express,Debit Card
2435,41,Female,Texas,No,Jacket,Outerwear,39.45,Spring,L,Black,No,No,27,Annually,3.47,Express,Venmo
2436,20,Female,Illinois,No,Pants,Clothing,52.76,Spring,L,Blue,No,No,30,Bi-Weekly,3.09,Express,Credit Card
2437,47,Female,Florida,No,Hoodie,Outerwear,58.31,Winter,M,Brown,No,No,17,Quarterly,3.76,Express,PayPal
2438,64,Male,Florida,Yes,Shoes,Footwear,48.23,Fall,XL,Purple,Yes,No,28,Monthly,3.03,Express,PayPal
2439,27,Male,New York,Yes,Boots,Footwear,91.36,Summer,L,Black,Yes,Yes,23,Weekly,3.46,Express,Debit Card
2440,47,Male,Illinois,No,Pants,Clothing,19.64,Winter,M,White,No,No,27,Weekly,3.85,Standard,Debit Card
2441,49,Female,Texas,No,Blouse,Clothing,37.57,Summer,L,Brown,No,No,13,Quarterly,3.9,Standard,Cash
2442,40,Male,Illinois,No,Sweater,Clothing,102.93,Winter,L,Pink,No,No,21,Quarterly,4.01,Standard,Cash
2443,60,Male,Washington,No,Dress,Clothing,57.96,Summer,XL,Pink,Yes,No,24,Weekly,3.28,Express,PayPal
2444,70,Male,Montana,No,Jewelry,Accessories,56.16,Spring,M,Blue,No,No,20,Quarterly,3.2,Standard,Cash
2445,43,Male,Florida,No,Jewelry,Accessories,64.6,Spring,XL,Red,No,No,27,Annually,4.36,Express,Venmo
2446,59,Male,Montana,No,Sunglasses,Accessories,74.83,Spring,XL,Yellow,No,Yes,15,Annually,3.3,Standard,PayPal
2447,32,Male,Ohio,Yes,T-shirt,Clothing,59.26,Fall,S,White,Yes,No,19,Annually,4.0,Express,Cash
2448,62,Male,California,No,Sunglasses,Accessories,66.24,Fall,XL,Red,No,No,15,Annually,4.02,Express,Debit Card
2449,37,Female,Florida,Yes,Pants,Clothing,110.0,Spring,S,Green,Yes,No,27,Bi-Weekly,4.56,Standard,Credit Card
2450,46,Male,Washington,Yes,Coat,Clothing,72.25,Fall,XL,Purple,No,No,28,Bi-Weekly,3.22,Express,Cash
2451,57,Male,Washington,No,Shirt,Clothing,16.15,Winter,L,Gray,No,No,14,Bi-Weekly,4.24,Express,Credit Card
2452,49,Male,Ohio,No,Shirt,Clothing,89.73,Winter,S,Purple,Yes,Yes,29,Weekly,4.09,Express,Venmo
2453,52,Female,Illinois,Yes,Sandals,Footwear,55.84,Winter,L,Black,Yes,No,15,Annually,4.1,Standard,Credit Card
2454,55,Female,Arizona,No,Hoodie,Outerwear,66.63,Summer,S,Purple,Yes,Yes,24,Quarterly,4.35,Express,Credit Card
2455,49,Female,Florida,No,Hoodie,Outerwear,51.7,Spring,M,Green,Yes,No,17,Bi-Weekly,3.44,Express,Venmo
2456,57,Male,Texas,No,T-shirt,Clothing,51.98,Fall,L,Brown,Yes,No,13,Bi-Weekly,4.52,Express,Credit Card
2457,19,Male,California,No,Boots,Footwear,66.59,Winter,S,White,No,Yes,13,Weekly,3.6,Express,Cash
2458,46,Female,California,No,Jacket,Outerwear,81.5,Winter,M,Gray,Yes,Yes,28,Monthly,3.04,Express,Credit Card
2459,26,Male,Arizona,Yes,Dress,Clothing,108.13,Spring,S,Red,No,No,30,Quarterly,4.36,Express,Debit Card
2460,52,Male,Florida,No,Hoodie,Outerwear,71.33,Summer,L,Gray,Yes,Yes,23,Weekly,3.83,Standard,PayPal
2461,19,Female,California,No,Shirt,Clothing,59.34,Winter,M,Green,No,Yes,18,Monthly,3.56,Standard,Venmo
2462,50,Male,Georgia,Yes,Pants,Clothing,47.26,Winter,XL,Blue,No,No,27,Weekly,3.7,Express,PayPal
2463,29,Male,Illinois,No,Jewelry,Accessories,59.42,Spring,M,Pink,Yes,No,15,Bi-Weekly,3.54,Express,Cash
2464,40,Female,Washington,No,Sunglasses,Accessories,56.05,Winter,XL,White,Yes,No,30,Weekly,3.89,Express,PayPal
2465,54,Male,New York,No,Jacket,Outerwear,62.53,Fall,M,Blue,No,No,20,Monthly,3.29,Standard,Debit Card
2466,44,Male,Ohio,No,Jacket,Outerwear,26.49,Summer,S,Purple,No,No,26,Quarterly,2.84,Express,PayPal
2467,52,Male,Florida,Yes,Jewelry,Accessories,38.69,Fall,XL,Red,No,No,22,Weekly,3.14,Standard,Credit Card
2468,27,Female,Ohio,No,Coat,Clothing,83.82,Summer,M,Pink,No,No,19,Annually,4.26,Express,Venmo
2469,51,Male,Texas,No,Coat,Outerwear,56.02,Summer,XL,Brown,No,No,25,Annually,3.22,Express,Venmo
2470,64,Male,Texas,No,Sandals,Footwear,36.77,Winter,M,Blue,No,No,20,Bi-Weekly,3.84,Express,Credit Card
2471,19,Male,California,No,Sweater,Clothing,81.2,Summer,M,White,No,No,17,Annually,3.51,Express,Credit Card
2472,65,Female,Illinois,No,Coat,Clothing,84.0,Summer,M,Blue,No,Yes,16,Weekly,3.47,Express,Cash
2473,55,Female,Florida,No,Coat,Outerwear,72.02,Summer,L,Black,No,No,14,Monthly,3.2,Express,PayPal
2474,41,Female,California,No,Pants,Clothing,56.02,Summer,XL,Black,No,Yes,21,Monthly,4.45,Standard,Credit Card
2475,32,Male,Illinois,No,Sandals,Footwear,71.29,Summer,XL,Brown,No,Yes,11,Annually,4.71,Standard,Debit Card
2476,69,Male,Arizona,No,Sandals,Footwear,28.34,Spring,M,Red,No,No,20,Monthly,4.32,Standard,Debit Card
2477,21,Female,Ohio,No,Scarf,Accessories,52.51,Fall,XL,Brown,Yes,Yes,30,Monthly,3.42,Standard,Credit Card
2478,65,Male,Ohio,Yes,Belt,Accessories,28.32,Winter,M,Brown,No,No,17,Bi-Weekly,3.93,Express,Credit Card
2479,50,Female,Georgia,No,Jewelry,Accessories,79.81,Spring,S,White,Yes,No,20,Bi-Weekly,3.66,Express,PayPal
2480,22,Male,Florida,No,Pants,Clothing,62.74,Fall,S,Red,No,No,22,Bi-Weekly,3.96,Express,PayPal
2481,19,Male,Illinois,No,Coat,Clothing,62.79,Spring,XL,Pink,No,Yes,16,Quarterly,3.52,Express,Debit Card
2482,50,Male,Texas,No,Pants,Clothing,76.08,Fall,XL,Yellow,No,No,13,Monthly,4.33,Express,Venmo
2483,20,Male,Arizona,No,Shirt,Clothing,24.76,Summer,M,Blue,No,No,18,Annually,3.51,Express,Venmo
2484,39,Male,Georgia,Yes,Pants,Clothing,98.32,Spring,M,Brown,Yes,No,17,Weekly,4.09,Express,Venmo
2485,36,Male,California,Yes,T-shirt,Clothing,53.29,Winter,XL,Gray,No,Yes,12,Weekly,3.35,Express,Venmo
2486,57,Female,Illinois,No,Blouse,Clothing,71.47,Fall,S,Pink,Yes,No,15,Weekly,4.54,Express,Cash
2487,42,Male,New York,No,Belt,Accessories,27.58,Spring,M,Brown,No,No,21,Monthly,3.98,Standard,Debit Card
2488,49,Male,Ohio,No,Pants,Clothing,49.24,Summer,L,Gray,No,No,22,Annually,3.86,Express,Cash
2489,21,Female,Washington,No,Sandals,Footwear,61.29,Spring,M,Purple,Yes,No,21,Bi-Weekly,2.97,Express,Cash
2490,67,Female,Washington,No,Dress,Clothing,83.29,Winter,XL,Black,No,Yes,22,Monthly,3.81,Express,Debit Card
2491,25,Male,New York,No,Hoodie,Outerwear,81.67,Fall,S,Black,No,No,26,Bi-Weekly,3.56,Express,Credit Card
2492,34,Male,Texas,No,Coat,Clothing,40.67,Summer,M,Blue,No,No,19,Monthly,3.23,Standard,Credit Card
2493,64,Female,Illinois,No,Belt,Accessories,54.94,Winter,S,Blue,No,No,11,Monthly,4.65,Express,Credit Card
2494,45,Male,California,No,T-shirt,Clothing,57.54,Spring,M,Gray,Yes,No,16,Quarterly,3.18,Express,Debit Card
2495,41,Female,Ohio,No,T-shirt,Clothing,59.61,Summer,XL,Blue,No,No,18,Bi-Weekly,4.76,Express,Venmo
2496,59,Female,Arizona,Yes,Jewelry,Accessories,90.45,Winter,L,Gray,No,No,13,Weekly,3.81,Express,Debit Card
2497,62,Female,Montana,No,Hoodie,Outerwear,91.18,Spring,L,Gray,No,No,22,Bi-Weekly,2.62,Express,Credit Card
2498,68,Male,Florida,No,Jacket,Outerwear,71.06,Winter,M,Purple,No,No,16,Bi-Weekly,3.58,Express,Debit Card
2499,69,Female,Washington,No,Dress,Clothing,65.27,Summer,XL,Pink,Yes,Yes,17,Quarterly,3.63,Express,Venmo
2500,45,Male,New York,No,Dress,Clothing,63.02,Winter,XL,Pink,No,No,17,Weekly,4.41,Express,PayPal
2501,55,Male,Washington,Yes,Blouse,Clothing,56.38,Spring,L,Black,No,No,16,Monthly,4.69,Express,Venmo
2502,22,Male,Ohio,Yes,Sunglasses,Accessories,41.42,Winter,L,Purple,No,No,18,Bi-Weekly,3.58,Standard,PayPal
2503,68,Male,Montana,Yes,Hoodie,Outerwear,91.4,Summer,M,Purple,Yes,No,15,Bi-Weekly,3.41,Express,Cash
2504,58,Male,California,Yes,Belt,Accessories,84.09,Spring,M,Red,Yes,No,29,Annually,3.46,Express,Credit Card
2505,49,Male,Washington,No,Shirt,Clothing,48.46,Winter,L,Pink,No,No,15,Quarterly,3.84,Express,Debit Card
2506,61,Male,Arizona,No,Shoes,Footwear,36.72,Fall,XL,White,No,No,12,Weekly,3.03,Express,Venmo
2507,70,Male,Washington,No,Pants,Clothing,61.83,Spring,L,Black,Yes,No,28,Annually,4.07,Standard,PayPal
2508,20,Female,Illinois,Yes,Boots,Footwear,39.44,Fall,L,White,No,No,23,Monthly,2.65,Express,PayPal
2509,55,Male,Montana,Yes,Blouse,Clothing,54.67,Summer,M,Brown,Yes,No,12,Monthly,3.88,Express,Credit Card
2510,24,Male,California,No,Belt,Accessories,87.7,Winter,S,White,No,No,14,Annually,3.6,Express,Credit Card
2511,53,Male,Arizona,Yes,Jacket,Outerwear,100.05,Summer,L,Brown,No,No,21,Annually,2.88,Express,Venmo
2512,36,Male,Illinois,Yes,Scarf,Accessories,61.95,Winter,S,Green,No,No,29,Quarterly,3.61,Express,PayPal
2513,58,Male,California,No,Sandals,Footwear,44.48,Summer,L,Brown,No,Yes,20,Monthly,3.75,Express,Cash
2514,19,Male,New York,No,Sneakers,Footwear,78.49,Fall,L,Black,No,No,11,Weekly,4.45,Express,Venmo
2515,55,Male,Washington,Yes,Jacket,Outerwear,72.15,Summer,M,Gray,No,No,16,Annually,4.11,Standard,Cash
2516,37,Female,Florida,No,Dress,Clothing,58.02,Winter,XL,White,No,No,13,Bi-Weekly,3.16,Express,Venmo
2517,36,Male,Illinois,No,Dress,Clothing,36.55,Fall,XL,Green,Yes,No,14,Quarterly,3.55,Express,Debit Card
2518,21,Male,Illinois,No,Sweater,Clothing,61.87,Fall,L,Green,No,No,30,Bi-Weekly,3.0,Express,Cash
2519,39,Male,Texas,No,Jacket,Outerwear,94.38,Spring,XL,Blue,Yes,Yes,29,Monthly,3.28,Express,Credit Card
2520,36,Male,Texas,No,Sandals,Footwear,87.98,Winter,S,Yellow,No,Yes,12,Monthly,4.24,Express,PayPal
2521,26,Male,Arizona,No,Coat,Clothing,52.72,Fall,L,Brown,No,No,28,Bi-Weekly,4.4,Express,PayPal
2522,25,Male,Florida,No,Sandals,Footwear,47.62,Fall,S,Brown,No,No,22,Monthly,4.15,Express,Credit Card
2523,28,Male,Georgia,No,Boots,Footwear,47.4,Summer,M,Yellow,Yes,Yes,11,Weekly,3.79,Express,Credit Card
2524,23,Male,New York,No,Sneakers,Footwear,65.71,Fall,XL,Pink,No,Yes,25,Bi-Weekly,3.45,Express,Cash
2525,41,Male,Florida,No,Sunglasses,Accessories,76.19,Fall,L,Blue,No,No,27,Bi-Weekly,3.61,Express,Debit Card
2526,37,Male,Florida,Yes,Belt,Accessories,44.97,Winter,L,Pink,No,No,23,Annually,3.8,Express,Cash
2527,69,Male,Texas,No,Skirt,Clothing,73.53,Spring,XL,Yellow,No,No,12,Bi-Weekly,3.87,Express,PayPal
2528,35,Male,California,No,Belt,Accessories,21.54,Winter,M,Blue,Yes,No,13,Bi-Weekly,3.37,Express,Cash
2529,45,Female,Montana,No,Jacket,Outerwear,81.11,Winter,XL,Black,No,No,22,Monthly,3.91,Express,PayPal
2530,22,Female,California,No,Scarf,Accessories,87.5,Spring,L,Green,Yes,No,29,Annually,3.25,Express,Venmo
2531,70,Female,Illinois,No,Skirt,Clothing,70.19,Fall,L,Black,Yes,Yes,15,Weekly,4.29,Express,Debit Card
2532,70,Female,Florida,No,Pants,Clothing,73.54,Spring,M,Blue,No,No,29,Monthly,3.69,Express,Venmo
2533,28,Male,Illinois,No,Hoodie,Outerwear,60.74,Fall,XL,Red,No,No,18,Quarterly,3.2,Express,Venmo
2534,36,Female,California,No,Sandals,Footwear,26.63,Spring,M,Black,No,No,23,Bi-Weekly,3.94,Standard,Venmo
2535,68,Female,Montana,Yes,Sandals,Footwear,78.64,Winter,L,Pink,No,No,12,Weekly,2.8,Standard,Venmo
2536,55,Male,Montana,No,Scarf,Accessories,64.0,Winter,S,Brown,No,No,22,Monthly,4.14,Express,Debit Card
2537,43,Female,California,No,Belt,Accessories,62.09,Spring,S,Yellow,No,No,15,Quarterly,3.72,Express,Credit Card
2538,40,Male,California,Yes,Sweater,Clothing,59.09,Winter,M,Green,No,Yes,14,Annually,4.78,Standard,Credit Card
2539,45,Male,Florida,No,Sneakers,Footwear,88.52,Fall,S,Red,No,No,15,Quarterly,3.54,Express,PayPal
2540,28,Male,Texas,No,Shoes,Footwear,75.57,Summer,S,Pink,Yes,No,23,Annually,4.02,Express,Venmo
2541,56,Male,New York,Yes,Blouse,Clothing,72.72,Fall,S,Gray,No,No,23,Annually,3.89,Express,Debit Card
2542,41,Male,New York,No,Sandals,Footwear,102.63,Spring,L,Gray,No,No,11,Bi-Weekly,3.59,Express,PayPal
2543,30,Male,California,No,Scarf,Accessories,49.16,Winter,XL,Blue,No,Yes,23,Quarterly,4.3,Express,Debit Card
2544,36,Male,Texas,Yes,Belt,Accessories,50.73,Winter,M,Red,Yes,Yes,13,Weekly,3.63,Express,Credit Card
2545,38,Male,California,No,Pants,Clothing,96.51,Spring,XL,Purple,No,No,18,Annually,2.88,Standard,Cash
2546,28,Female,Washington,Yes,Coat,Outerwear,82.59,Summer,XL,Black,No,Yes,16,Annually,3.43,Express,Venmo
2547,56,Female,Texas,Yes,Skirt,Clothing,75.7,Fall,M,Green,No,No,12,Weekly,4.2,Express,Cash
2548,28,Male,Florida,No,Sweater,Clothing,53.36,Winter,S,Black,No,No,23,Weekly,3.81,Express,Debit Card
2549,48,Male,Florida,No,Sandals,Footwear,63.33,Fall,L,Blue,No,No,14,Weekly,4.21,Express,PayPal
2550,24,Female,Washington,Yes,Sunglasses,Accessories,69.07,Spring,M,Yellow,No,No,30,Quarterly,4.27,Express,Cash
2551,62,Male,Arizona,No,Scarf,Accessories,82.6,Spring,XL,Black,No,Yes,23,Annually,3.72,Standard,PayPal
2552,61,Male,Ohio,Yes,Jewelry,Accessories,110.0,Winter,M,Blue,No,Yes,15,Bi-Weekly,3.98,Standard,Credit Card
2553,50,Female,Texas,No,Scarf,Accessories,15.0,Summer,L,Green,No,Yes,23,Weekly,3.66,Express,Credit Card
2554,69,Female,Florida,No,Belt,Accessories,57.54,Spring,L,Blue,No,No,24,Monthly,3.74,Express,Credit Card
2555,44,Female,Georgia,No,Sneakers,Footwear,20.47,Spring,M,White,No,Yes,26,Annually,3.92,Express,PayPal
2556,65,Female,Washington,No,Jewelry,Accessories,17.87,Winter,S,Green,No,No,13,Bi-Weekly,3.83,Express,Cash
2557,69,Female,Ohio,No,Hoodie,Outerwear,96.96,Spring,XL,Purple,No,No,14,Quarterly,4.19,Standard,Credit Card
2558,54,Male,Texas,No,Sandals,Footwear,84.97,Fall,M,White,No,No,26,Quarterly,4.07,Express,Venmo
2559,21,Male,California,Yes,Belt,Accessories,50.36,Fall,S,Green,No,No,22,Annually,2.96,Express,Cash
2560,32,Male,Washington,Yes,Coat,Outerwear,57.61,Winter,L,Black,No,No,22,Annually,3.71,Standard,Cash
2561,66,Male,Arizona,No,Shirt,Clothing,57.46,Spring,XL,Purple,No,No,30,Annually,3.61,Standard,Venmo
2562,19,Female,Arizona,Yes,Shirt,Clothing,38.1,Spring,L,White,No,No,11,Quarterly,2.66,Standard,Venmo
2563,37,Male,Illinois,No,Boots,Footwear,62.03,Summer,M,Blue,Yes,No,28,Annually,3.56,Standard,PayPal
2564,30,Male,Montana,No,Sweater,Clothing,53.46,Spring,L,Yellow,No,Yes,30,Quarterly,3.72,Express,Credit Card
2565,35,Male,California,No,Boots,Footwear,69.29,Summer,XL,Pink,No,No,14,Annually,4.18,Express,Credit Card
2566,45,Male,California,No,Hoodie,Outerwear,63.26,Summer,M,White,No,No,28,Weekly,3.93,Express,Venmo
2567,63,Male,Georgia,No,Dress,Clothing,88.31,Spring,S,Red,No,No,15,Bi-Weekly,3.3,Express,Cash
2568,43,Female,Georgia,No,Jewelry,Accessories,72.29,Winter,M,Blue,No,No,18,Annually,3.74,Standard,Venmo
2569,20,Male,Georgia,No,Scarf,Accessories,106.54,Winter,M,Green,No,No,30,Weekly,4.55,Standard,Debit Card
2570,46,Male,Texas,No,Boots,Footwear,86.34,Summer,S,Blue,No,No,28,Weekly,3.63,Standard,Cash
2571,34,Female,Florida,No,Boots,Footwear,15.0,Winter,M,Black,Yes,No,12,Bi-Weekly,3.35,Express,Debit Card
2572,46,Male,Illinois,Yes,Jewelry,Accessories,35.46,Spring,M,Blue,No,No,13,Weekly,3.33,Express,Credit Card
2573,66,Female,New York,No,Boots,Footwear,60.19,Summer,L,White,No,No,12,Quarterly,3.55,Standard,Credit Card
2574,54,Female,Florida,Yes,Jacket,Outerwear,51.59,Spring,M,Blue,No,Yes,25,Annually,3.74,Express,Venmo
2575,46,Male,Ohio,No,Blouse,Clothing,33.41,Winter,S,Black,No,Yes,24,Bi-Weekly,3.38,Express,Venmo
2576,53,Male,New York,Yes,Scarf,Accessories,61.24,Summer,S,Green,No,No,23,Monthly,3.14,Express,Venmo
2577,49,Female,Illinois,No,Skirt,Clothing,95.85,Spring,S,Red,No,No,12,Quarterly,3.94,Express,PayPal
2578,31,Female,Arizona,No,Dress,Clothing,36.8,Summer,M,Purple,No,No,30,Bi-Weekly,4.35,Standard,PayPal
2579,43,Male,New York,No,Shoes,Footwear,48.63,Winter,XL,Purple,No,No,12,Quarterly,3.17,Standard,Venmo
2580,36,Male,Illinois,No,Hoodie,Outerwear,77.97,Summer,XL,Blue,No,No,29,Quarterly,4.18,Standard,Venmo
2581,26,Female,Montana,No,Shirt,Clothing,94.96,Winter,S,Purple,No,Yes,18,Bi-Weekly,4.02,Express,Venmo
2582,27,Female,New York,Yes,Skirt,Clothing,61.33,Spring,S,Black,No,No,20,Annually,4.49,Standard,Venmo
2583,43,Male,New York,No,Skirt,Clothing,18.4,Winter,S,Gray,No,No,26,Monthly,3.06,Express,Debit Card
2584,51,Female,Texas,No,Hoodie,Outerwear,64.68,Fall,XL,Yellow,No,No,17,Annually,2.69,Express,PayPal
2585,39,Male,California,No,Scarf,Accessories,50.43,Fall,XL,Black,No,No,19,Weekly,3.79,Express,Debit Card
2586,31,Male,Washington,Yes,T-shirt,Clothing,46.23,Spring,M,Green,No,No,15,Annually,3.51,Express,Cash
2587,53,Male,California,No,Sandals,Footwear,66.74,Fall,M,Purple,Yes,Yes,17,Monthly,3.82,Express,Cash
2588,51,Male,Montana,Yes,Jacket,Outerwear,58.36,Winter,S,Pink,No,Yes,30,Weekly,3.77,Standard,Venmo
2589,20,Female,Arizona,Yes,Pants,Clothing,73.03,Fall,L,Gray,No,Yes,28,Quarterly,4.54,Express,Debit Card
2590,26,Female,New York,Yes,Sneakers,Footwear,15.0,Winter,S,Purple,No,Yes,19,Weekly,3.82,Express,PayPal
2591,56,Male,Arizona,No,Jewelry,Accessories,68.37,Fall,S,Yellow,No,No,30,Weekly,3.75,Express,Credit Card
2592,47,Male,Ohio,Yes,Sweater,Clothing,80.32,Spring,M,Blue,Yes,Yes,18,Weekly,3.2,Express,PayPal
2593,21,Male,Washington,No,Coat,Clothing,33.55,Spring,S,Pink,No,No,23,Monthly,4.36,Express,Debit Card
2594,18,Male,Florida,No,Sandals,Footwear,72.0,Summer,M,Red,No,No,24,Bi-Weekly,4.24,Express,Venmo
2595,37,Male,Montana,No,T-shirt,Clothing,31.32,Winter,S,Pink,No,No,24,Monthly,3.75,Express,Venmo
2596,18,Female,Georgia,No,Pants,Clothing,43.83,Spring,L,Pink,Yes,No,25,Monthly,3.55,Express,Venmo
2597,40,Male,New York,No,Sneakers,Footwear,69.08,Summer,XL,Green,No,No,21,Annually,3.39,Express,PayPal
2598,59,Female,Arizona,No,Sneakers,Footwear,41.59,Spring,S,Gray,No,No,23,Annually,3.82,Standard,Venmo
2599,47,Male,Florida,No,Hoodie,Outerwear,62.36,Summer,L,White,Yes,No,29,Monthly,3.49,Standard,Venmo
2600,64,Female,Georgia,No,Jacket,Outerwear,19.54,Fall,S,White,Yes,Yes,24,Monthly,3.58,Express,PayPal
2601,48,Female,New York,No,Jewelry,Accessories,56.59,Winter,M,Yellow,No,Yes,13,Annually,3.99,Express,Debit Card
2602,33,Male,Florida,No,Dress,Clothing,68.17,Fall,S,Purple,No,No,21,Annually,2.79,Express,Cash
2603,27,Female,Montana,Yes,Skirt,Clothing,52.52,Fall,S,Brown,No,No,11,Quarterly,3.26,Standard,Credit Card
2604,23,Male,Ohio,No,Dress,Clothing,29.86,Spring,L,Brown,No,No,13,Monthly,3.31,Express,Cash
2605,42,Male,Georgia,No,Coat,Clothing,92.93,Summer,XL,Green,No,No,21,Annually,3.05,Standard,Venmo
2606,66,Male,Georgia,No,Sandals,Footwear,30.86,Winter,M,Brown,No,No,18,Annually,4.2,Express,Cash
2607,53,Male,Washington,No,Sweater,Clothing,44.33,Spring,S,Red,No,No,25,Monthly,4.21,Standard,Cash
2608,53,Male,Georgia,No,Hoodie,Outerwear,29.44,Spring,L,Pink,No,Yes,20,Bi-Weekly,4.48,Express,Credit Card
2609,61,Female,California,No,Dress,Clothing,68.82,Fall,M,White,No,Yes,17,Quarterly,4.39,Express,PayPal
2610,44,Male,Illinois,Yes,T-shirt,Clothing,63.88,Winter,XL,White,No,Yes,18,Annually,3.5,Express,Debit Card
2611,32,Male,Montana,Yes,Dress,Clothing,66.9,Summer,M,Red,Yes,Yes,14,Annually,3.1,Express,Cash
2612,46,Male,Arizona,No,Jacket,Outerwear,87.57,Fall,M,Purple,No,No,30,Annually,3.88,Express,Venmo
2613,33,Male,California,No,Sunglasses,Accessories,85.71,Winter,M,Red,No,Yes,11,Quarterly,4.57,Standard,Cash
2614,47,Male,Florida,No,Coat,Outerwear,71.25,Fall,XL,Pink,No,No,16,Monthly,3.39,Express,Credit Card
2615,52,Male,Illinois,No,Coat,Outerwear,69.36,Spring,L,White,No,No,21,Annually,3.55,Express,Credit Card
2616,26,Male,Florida,No,Sunglasses,Accessories,57.18,Spring,S,Green,No,No,21,Annually,3.42,Express,PayPal
2617,39,Female,Ohio,No,Boots,Footwear,51.52,Summer,S,White,No,Yes,15,Weekly,2.85,Express,PayPal
2618,30,Female,California,No,Scarf,Accessories,75.24,Spring,L,Green,No,Yes,24,Bi-Weekly,4.38,Express,Debit Card
2619,46,Female,California,Yes,Belt,Accessories,57.8,Winter,S,Pink,No,No,11,Monthly,3.66,Express,Debit Card
2620,69,Male,Georgia,No,Jacket,Outerwear,40.53,Fall,S,Blue,No,Yes,18,Bi-Weekly,4.24,Standard,Venmo
2621,62,Male,Arizona,No,Boots,Footwear,32.24,Fall,S,Blue,No,No,18,Quarterly,4.04,Express,Venmo
2622,42,Male,Florida,No,Scarf,Accessories,58.82,Summer,L,White,Yes,Yes,12,Weekly,3.78,Express,PayPal
2623,69,Male,New York,No,Coat,Clothing,47.57,Winter,S,Gray,Yes,No,22,Weekly,3.78,Express,PayPal
2624,64,Male,Georgia,No,Jacket,Outerwear,78.92,Summer,S,Green,No,Yes,24,Quarterly,3.59,Express,Venmo
2625,27,Female,New York,No,Pants,Clothing,32.06,Fall,S,Green,No,No,27,Quarterly,3.72,Standard,Debit Card
2626,34,Male,Georgia,No,Boots,Footwear,71.96,Fall,M,Pink,No,No,30,Bi-Weekly,3.48,Standard,Venmo
2627,51,Male,Montana,No,Jewelry,Accessories,22.9,Fall,L,Brown,Yes,No,29,Monthly,3.27,Express,Debit Card
2628,66,Male,Texas,No,Blouse,Clothing,50.3,Winter,M,Gray,Yes,No,19,Monthly,2.95,Express,Venmo
2629,50,Male,California,No,Jacket,Outerwear,15.0,Winter,XL,Pink,Yes,No,24,Annually,3.13,Express,Credit Card
2630,47,Male,Florida,No,Dress,Clothing,101.55,Summer,M,White,No,No,25,Annually,3.95,Express,Debit Card
2631,65,Male,Ohio,No,Skirt,Clothing,68.99,Summer,M,Green,No,No,28,Weekly,4.15,Standard,Credit Card
2632,32,Male,Georgia,Yes,Shirt,Clothing,52.8,Summer,M,Purple,No,Yes,27,Bi-Weekly,2.68,Standard,Debit Card
2633,28,Male,Florida,Yes,Sweater,Clothing,33.62,Fall,L,Brown,No,No,23,Quarterly,3.55,Standard,Debit Card
2634,38,Male,Texas,No,Shoes,Footwear,74.97,Spring,L,White,No,No,21,Weekly,3.85,Standard,PayPal
2635,41,Male,Ohio,No,Jewelry,Accessories,54.19,Winter,M,Purple,No,Yes,13,Weekly,4.01,Express,Cash
2636,55,Male,Illinois,No,Coat,Outerwear,69.96,Winter,XL,Red,Yes,No,18,Bi-Weekly,2.95,Express,Cash
2637,52,Female,Ohio,No,Blouse,Clothing,42.02,Spring,M,Red,No,No,11,Annually,2.88,Standard,Venmo
2638,26,Male,Washington,Yes,Skirt,Clothing,50.22,Spring,M,Brown,Yes,No,20,Weekly,3.57,Express,Debit Card
2639,35,Male,Georgia,Yes,Belt,Accessories,42.67,Winter,M,Pink,No,Yes,11,Weekly,4.39,Express,Credit Card
2640,25,Male,Texas,No,Sandals,Footwear,37.24,Winter,S,Pink,No,Yes,18,Weekly,4.03,Express,PayPal
2641,26,Female,Ohio,No,Boots,Footwear,26.77,Summer,S,Yellow,Yes,No,15,Bi-Weekly,4.37,Express,Cash
2642,55,Male,California,No,Sandals,Footwear,42.57,Winter,S,Brown,No,Yes,19,Monthly,3.35,Express,Venmo
2643,31,Female,Illinois,No,T-shirt,Clothing,66.94,Fall,L,Brown,No,No,17,Annually,3.51,Express,Debit Card
2644,42,Male,Ohio,No,Pants,Clothing,36.29,Summer,XL,Yellow,No,No,13,Quarterly,3.77,Express,Credit Card
2645,38,Female,Ohio,No,Coat,Outerwear,55.44,Fall,M,Blue,Yes,No,20,Weekly,3.48,Express,Debit Card
2646,55,Male,Florida,No,Jewelry,Accessories,96.71,Fall,XL,Pink,Yes,No,18,Annually,4.71,Standard,Cash
2647,23,Female,Ohio,No,Sunglasses,Accessories,60.44,Fall,L,Yellow,Yes,No,26,Weekly,4.75,Express,PayPal
2648,54,Male,Texas,No,Scarf,Accessories,36.75,Fall,L,Purple,No,No,30,Quarterly,3.88,Express,PayPal
2649,64,Male,New York,No,Shirt,Clothing,65.16,Spring,XL,Pink,No,No,19,Annually,3.59,Express,Debit Card
2650,69,Male,Illinois,No,Coat,Clothing,57.73,Winter,L,Brown,No,No,17,Bi-Weekly,3.42,Standard,Credit Card
2651,22,Male,Texas,No,Blouse,Clothing,73.71,Winter,XL,Blue,No,No,14,Bi-Weekly,2.72,Standard,Credit Card
2652,38,Male,New York,No,Sunglasses,Accessories,42.35,Spring,XL,Black,No,No,21,Annually,4.41,Express,Cash
2653,64,Female,Florida,No,Coat,Clothing,74.49,Winter,S,Green,No,No,21,Monthly,3.68,Express,Debit Card
2654,26,Male,New York,No,Jacket,Outerwear,56.59,Spring,L,Brown,No,Yes,18,Monthly,4.24,Express,PayPal
2655,67,Female,Texas,No,Belt,Accessories,69.72,Winter,L,Green,No,Yes,19,Weekly,3.74,Express,Venmo
2656,70,Female,Texas,No,Belt,Accessories,58.44,Spring,L,Yellow,No,Yes,18,Bi-Weekly,3.13,Express,Cash
2657,69,Male,New York,No,Scarf,Accessories,41.73,Spring,M,Pink,No,No,30,Bi-Weekly,4.02,Standard,Venmo
2658,45,Female,California,No,Sneakers,Footwear,42.65,Winter,M,Green,Yes,No,15,Quarterly,4.61,Express,Cash
2659,19,Female,Washington,No,Pants,Clothing,75.14,Summer,L,Blue,No,No,16,Weekly,4.14,Express,Cash
2660,24,Male,Montana,No,T-shirt,Clothing,55.37,Fall,L,Brown,No,No,26,Annually,4.02,Express,Debit Card
2661,21,Female,Arizona,Yes,Sunglasses,Accessories,60.85,Spring,M,Blue,Yes,No,25,Monthly,3.78,Standard,Cash
2662,25,Male,Florida,No,Jacket,Outerwear,43.87,Winter,S,Black,No,No,15,Bi-Weekly,3.79,Express,Credit Card
2663,38,Female,Texas,No,Coat,Clothing,57.1,Summer,M,Blue,No,No,24,Quarterly,3.67,Standard,Venmo
2664,50,Female,Montana,No,Coat,Outerwear,42.66,Summer,S,Gray,No,No,28,Bi-Weekly,3.83,Standard,Debit Card
2665,40,Male,Georgia,No,Skirt,Clothing,73.25,Spring,S,Blue,No,No,29,Bi-Weekly,3.58,Express,Credit Card
2666,34,Male,Florida,No,Sunglasses,Accessories,52.98,Spring,S,Brown,No,No,16,Monthly,3.53,Express,Credit Card
2667,69,Male,Ohio,No,T-shirt,Clothing,101.22,Winter,XL,Yellow,Yes,No,23,Weekly,4.33,Express,PayPal
2668,25,Male,Montana,No,Blouse,Clothing,36.78,Winter,XL,Black,No,Yes,15,Weekly,3.2,Standard,Venmo
2669,45,Female,Montana,Yes,Sunglasses,Accessories,40.42,Fall,M,White,No,No,24,Bi-Weekly,3.39,Express,PayPal
2670,59,Female,Georgia,Yes,Boots,Footwear,79.25,Summer,L,Blue,No,No,26,Quarterly,2.82,Express,Debit Card
2671,18,Male,California,No,Sandals,Footwear,43.0,Summer,XL,Yellow,Yes,No,21,Weekly,3.42,Express,PayPal
2672,57,Male,Ohio,No,Blouse,Clothing,82.2,Fall,L,Purple,No,No,27,Annually,3.39,Express,Venmo
2673,60,Female,Montana,No,Scarf,Accessories,75.14,Spring,M,Blue,No,No,13,Annually,4.28,Express,PayPal
2674,42,Female,Arizona,No,Sandals,Footwear,47.52,Summer,S,Brown,Yes,Yes,23,Monthly,5.0,Standard,Credit Card
2675,27,Male,Ohio,No,Sunglasses,Accessories,38.09,Summer,XL,Brown,No,No,27,Annually,3.9,Express,Cash
2676,63,Male,Illinois,No,Boots,Footwear,104.85,Winter,M,Purple,Yes,Yes,28,Annually,3.68,Express,Cash
2677,44,Male,Illinois,No,Sandals,Footwear,75.18,Fall,L,Blue,No,No,21,Quarterly,3.32,Express,Debit Card
2678,39,Female,Arizona,No,Shirt,Clothing,68.42,Summer,XL,Pink,No,Yes,14,Annually,3.44,Standard,Debit Card
2679,58,Male,Georgia,No,Hoodie,Outerwear,92.1,Spring,XL,Yellow,Yes,Yes,19,Quarterly,3.34,Express,Credit Card
2680,37,Female,Montana,Yes,Blouse,Clothing,45.6,Summer,S,Gray,No,Yes,17,Quarterly,2.74,Standard,Credit Card
2681,51,Male,Ohio,No,Skirt,Clothing,80.6,Spring,L,Blue,No,No,30,Annually,3.35,Express,Debit Card
2682,64,Male,Georgia,No,Sunglasses,Accessories,52.61,Fall,M,Gray,No,Yes,15,Annually,3.28,Express,Cash
2683,47,Female,Texas,No,Sunglasses,Accessories,96.47,Fall,L,Brown,No,No,20,Monthly,4.34,Standard,Credit Card
2684,28,Male,Arizona,Yes,Sunglasses,Accessories,48.91,Fall,L,Black,No,Yes,18,Monthly,4.63,Express,Cash
2685,40,Female,Arizona,No,Coat,Clothing,74.61,Fall,M,Green,No,No,21,Bi-Weekly,4.37,Standard,Cash
2686,65,Female,Illinois,No,Shoes,Footwear,47.36,Summer,L,Purple,Yes,No,25,Quarterly,3.76,Standard,Venmo
2687,53,Male,Ohio,Yes,Sandals,Footwear,97.22,Winter,M,Brown,No,No,20,Weekly,3.39,Express,Credit Card
2688,62,Male,Washington,Yes,Blouse,Clothing,54.9,Fall,XL,Brown,No,No,26,Bi-Weekly,3.71,Express,PayPal
2689,37,Male,Georgia,No,Shoes,Footwear,78.84,Winter,L,Green,No,No,17,Monthly,3.5,Express,Cash
2690,69,Male,California,No,Sandals,Footwear,60.98,Summer,M,Yellow,No,No,26,Quarterly,4.03,Standard,PayPal
2691,20,Male,Ohio,No,Scarf,Accessories,67.72,Spring,M,Brown,No,No,29,Monthly,2.62,Express,Debit Card
2692,19,Male,Arizona,No,Blouse,Clothing,49.84,Spring,XL,White,Yes,No,13,Annually,3.7,Standard,Venmo
2693,20,Female,Montana,No,Sandals,Footwear,48.81,Fall,M,White,No,Yes,12,Quarterly,3.0,Express,Cash
2694,52,Female,Montana,Yes,Jewelry,Accessories,49.83,Summer,L,Red,No,No,16,Monthly,3.44,Express,Venmo
2695,60,Male,Arizona,No,Shoes,Footwear,18.94,Fall,L,Black,Yes,Yes,23,Annually,3.86,Express,Credit Card
2696,30,Male,Florida,Yes,Sunglasses,Accessories,58.76,Winter,S,Gray,No,No,16,Bi-Weekly,3.01,Express,Cash
2697,70,Female,Montana,No,Shirt,Clothing,64.79,Winter,S,White,No,No,13,Quarterly,3.89,Standard,Credit Card
2698,68,Female,California,No,Belt,Accessories,86.31,Spring,S,Yellow,No,No,14,Weekly,3.57,Express,Cash
2699,23,Male,Ohio,No,Jacket,Outerwear,68.24,Spring,L,Pink,No,No,16,Bi-Weekly,3.45,Express,Venmo
2700,55,Male,Arizona,No,Sunglasses,Accessories,56.02,Summer,S,Gray,No,No,30,Quarterly,2.88,Standard,Venmo
2701,47,Male,Arizona,No,Shirt,Clothing,63.41,Summer,M,Blue,No,No,30,Monthly,3.64,Express,Venmo
2702,32,Male,Ohio,No,Sunglasses,Accessories,49.25,Spring,L,Brown,No,No,29,Quarterly,3.39,Standard,Debit Card
2703,21,Male,Florida,No,Sunglasses,Accessories,74.52,Spring,S,Black,No,No,21,Monthly,4.58,Standard,Debit Card
2704,44,Male,Ohio,Yes,Sunglasses,Accessories,67.44,Fall,XL,Blue,No,No,26,Weekly,3.82,Express,Cash
2705,63,Male,Georgia,No,Jewelry,Accessories,38.25,Fall,L,Blue,No,No,14,Annually,4.34,Express,PayPal
2706,18,Female,Illinois,No,Coat,Outerwear,84.19,Spring,XL,Gray,No,Yes,12,Quarterly,4.08,Standard,Debit Card
2707,66,Male,Georgia,No,Scarf,Accessories,15.0,Summer,S,Red,No,Yes,13,Bi-Weekly,3.33,Standard,Credit Card
2708,22,Female,Illinois,Yes,Jewelry,Accessories,24.95,Winter,XL,Yellow,No,Yes,20,Quarterly,3.97,Express,PayPal
2709,59,Female,Georgia,Yes,Skirt,Clothing,44.95,Summer,XL,Brown,No,No,17,Annually,3.19,Express,Credit Card
2710,19,Male,Ohio,No,Hoodie,Outerwear,81.51,Fall,M,Pink,No,No,30,Quarterly,4.6,Express,Cash
2711,30,Male,New York,Yes,Shirt,Clothing,84.29,Spring,L,Brown,Yes,No,15,Annually,3.55,Express,Credit Card
2712,51,Male,Montana,No,Belt,Accessories,38.76,Winter,M,Red,Yes,Yes,23,Annually,3.97,Standard,Credit Card
2713,35,Male,Montana,No,Pants,Clothing,71.75,Summer,S,Green,No,Yes,21,Monthly,3.72,Express,Venmo
2714,37,Male,Montana,No,Hoodie,Outerwear,53.13,Summer,S,Yellow,No,No,11,Annually,3.75,Express,Cash
2715,52,Male,Washington,No,Coat,Clothing,54.4,Winter,L,Blue,No,Yes,15,Annually,4.37,Express,Venmo
2716,18,Male,Ohio,No,Shoes,Footwear,76.88,Fall,M,Purple,No,Yes,21,Annually,3.96,Express,Cash
2717,37,Male,Washington,No,Scarf,Accessories,53.49,Fall,L,Pink,Yes,Yes,15,Weekly,3.76,Standard,Debit Card
2718,44,Male,Florida,No,Sweater,Clothing,43.54,Winter,XL,Red,No,No,19,Quarterly,3.65,Express,PayPal
2719,30,Male,Georgia,Yes,Hoodie,Outerwear,51.64,Winter,XL,Gray,No,No,11,Quarterly,4.15,Standard,Cash
2720,33,Male,New York,No,Shoes,Footwear,58.7,Fall,L,Green,No,Yes,26,Bi-Weekly,2.72,Standard,PayPal
2721,70,Female,Washington,No,Sneakers,Footwear,15.0,Spring,XL,Red,No,Yes,19,Monthly,3.89,Express,Cash
2722,26,Male,New York,No,Scarf,Accessories,50.84,Winter,XL,Green,Yes,Yes,26,Annually,4.54,Express,PayPal
2723,59,Female,New York,Yes,Jacket,Outerwear,43.56,Fall,L,Yellow,No,No,11,Bi-Weekly,2.99,Express,Debit Card
2724,27,Male,Florida,Yes,Belt,Accessories,49.55,Winter,L,Blue,Yes,No,28,Quarterly,3.74,Standard,Cash
2725,70,Male,Florida,No,Skirt,Clothing,56.1,Winter,XL,Black,No,No,13,Monthly,3.66,Express,Venmo
2726,26,Male,Ohio,No,Scarf,Accessories,63.1,Fall,L,Red,Yes,No,26,Bi-Weekly,3.14,Standard,PayPal
2727,58,Male,Georgia,No,Sunglasses,Accessories,73.39,Fall,S,Red,Yes,No,28,Quarterly,3.19,Express,Credit Card
2728,61,Female,Illinois,No,T-shirt,Clothing,59.64,Summer,M,Brown,No,No,23,Annually,3.1,Standard,Credit Card
2729,21,Female,Illinois,No,Sweater,Clothing,90.51,Fall,XL,White,No,No,22,Annually,3.29,Express,Cash
2730,50,Male,Florida,No,Hoodie,Outerwear,53.92,Fall,XL,Yellow,No,Yes,28,Quarterly,3.58,Express,Cash
2731,19,Female,Washington,No,Coat,Outerwear,80.36,Fall,S,Purple,No,Yes,23,Annually,4.37,Standard,Debit Card
2732,25,Male,Arizona,No,Pants,Clothing,85.3,Fall,M,Yellow,Yes,Yes,23,Weekly,3.52,Express,Venmo
2733,26,Male,Washington,No,Sandals,Footwear,60.26,Winter,M,White,No,No,17,Annually,1.52,Standard,Cash
2734,65,Male,Florida,Yes,Sneakers,Footwear,42.65,Summer,M,Yellow,Yes,No,19,Weekly,3.9,Express,Venmo
2735,56,Female,New York,No,Sneakers,Footwear,41.13,Fall,L,Gray,Yes,No,14,Annually,3.59,Express,Credit Card
2736,37,Female,Ohio,Yes,Sweater,Clothing,19.89,Fall,S,Brown,Yes,No,25,Quarterly,3.48,Standard,Credit Card
2737,39,Male,California,No,Boots,Footwear,72.61,Winter,M,White,No,Yes,26,Annually,4.0,Express,Venmo
2738,67,Female,Georgia,No,Shoes,Footwear,53.92,Winter,XL,Blue,Yes,No,28,Quarterly,3.22,Standard,Cash
2739,66,Female,Washington,Yes,Sneakers,Footwear,56.39,Fall,L,Red,No,No,13,Bi-Weekly,4.3,Standard,Debit Card
2740,28,Female,Ohio,No,Coat,Clothing,66.73,Summer,L,Black,No,No,22,Quarterly,3.36,Standard,Cash
2741,51,Female,Montana,No,Sneakers,Footwear,57.3,Fall,M,Pink,No,No,20,Bi-Weekly,4.83,Express,Credit Card
2742,68,Female,New York,No,Scarf,Accessories,32.77,Fall,S,Blue,Yes,No,15,Bi-Weekly,3.04,Express,PayPal
2743,22,Female,Texas,No,Jacket,Outerwear,62.86,Summer,L,White,Yes,Yes,21,Annually,3.99,Standard,PayPal
2744,46,Male,Ohio,No,Jewelry,Accessories,43.19,Summer,L,Brown,No,No,25,Monthly,3.81,Standard,Cash
2745,33,Male,Washington,No,Skirt,Clothing,74.58,Spring,M,Brown,Yes,No,11,Weekly,4.55,Standard,Debit Card
2746,61,Male,Arizona,No,Sandals,Footwear,30.73,Spring,M,Red,Yes,No,24,Annually,3.8,Express,Credit Card
2747,61,Male,Arizona,No,Sunglasses,Accessories,66.47,Summer,XL,Purple,No,No,28,Monthly,3.22,Standard,Venmo
2748,43,Male,Illinois,No,Jacket,Outerwear,70.78,Summer,L,Yellow,No,Yes,19,Quarterly,3.58,Express,Venmo
2749,42,Male,Georgia,No,Sweater,Clothing,42.86,Fall,M,Brown,No,Yes,27,Weekly,3.21,Express,Venmo
2750,19,Male,Montana,No,Boots,Footwear,47.56,Winter,XL,Yellow,No,No,22,Bi-Weekly,2.87,Express,Credit Card
2751,55,Male,Montana,Yes,Belt,Accessories,29.91,Fall,S,Blue,No,No,16,Annually,3.71,Express,PayPal
2752,27,Female,New York,No,Boots,Footwear,59.47,Spring,S,Black,No,Yes,17,Weekly,3.91,Standard,Venmo
2753,48,Female,Montana,No,Jewelry,Accessories,62.23,Fall,S,Brown,Yes,No,14,Weekly,4.17,Express,Venmo
2754,40,Female,Washington,No,Coat,Clothing,54.12,Winter,XL,Brown,No,No,15,Monthly,3.61,Express,Cash
2755,32,Female,Illinois,No,Sweater,Clothing,48.0,Winter,M,Green,No,No,16,Annually,3.97,Express,PayPal
2756,65,Male,California,No,Sunglasses,Accessories,54.05,Winter,XL,Black,Yes,No,29,Weekly,3.26,Express,Credit Card
2757,21,Male,Georgia,No,Belt,Accessories,49.54,Spring,XL,Pink,No,No,11,Annually,3.31,Express,PayPal
2758,26,Female,Arizona,No,Scarf,Accessories,22.4,Spring,M,Brown,No,No,21,Annually,3.63,Express,Debit Card
2759,39,Female,Florida,No,Boots,Footwear,108.73,Fall,M,Yellow,Yes,No,23,Quarterly,3.51,Express,Venmo
2760,51,Female,Georgia,No,Coat,Clothing,48.51,Winter,S,White,Yes,Yes,29,Bi-Weekly,3.63,Standard,Cash
2761,61,Male,New York,No,Scarf,Accessories,24.29,Spring,L,Red,No,Yes,16,Monthly,3.95,Express,Credit Card
2762,49,Male,Arizona,No,Pants,Clothing,26.13,Summer,L,Gray,Yes,No,13,Annually,4.3,Express,Cash
2763,36,Male,New York,No,Shoes,Footwear,73.33,Spring,XL,Blue,No,Yes,20,Quarterly,3.88,Standard,Venmo
2764,61,Female,Illinois,No,Belt,Accessories,56.87,Summer,XL,Purple,No,No,30,Quarterly,3.76,Standard,Cash
2765,24,Female,Arizona,No,Hoodie,Outerwear,52.47,Fall,XL,Gray,No,No,24,Monthly,3.38,Standard,PayPal
2766,40,Male,Arizona,No,Sunglasses,Accessories,67.28,Winter,L,Gray,No,No,23,Monthly,4.2,Standard,PayPal
2767,46,Male,Texas,No,Sneakers,Footwear,69.31,Spring,L,Purple,No,No,29,Bi-Weekly,4.51,Express,Venmo
2768,64,Female,Illinois,No,Shirt,Clothing,54.94,Spring,XL,Red,No,No,26,Annually,4.06,Express,Cash
2769,52,Male,Texas,No,Scarf,Accessories,15.0,Winter,S,Blue,No,No,25,Weekly,3.52,Express,Venmo
2770,65,Male,Florida,Yes,Sandals,Footwear,81.55,Fall,XL,Purple,No,Yes,20,Weekly,3.63,Express,PayPal
2771,30,Male,Montana,No,Shirt,Clothing,69.95,Fall,XL,Yellow,No,No,17,Bi-Weekly,4.34,Express,PayPal
2772,63,Male,Montana,No,Boots,Footwear,82.88,Summer,M,Gray,Yes,No,15,Annually,3.6,Express,PayPal
2773,37,Female,Montana,No,Hoodie,Outerwear,41.4,Summer,M,Pink,Yes,No,23,Annually,4.2,Express,PayPal
2774,70,Male,Washington,No,Hoodie,Outerwear,70.35,Winter,M,Yellow,No,No,23,Monthly,4.0,Express,Cash
2775,50,Male,Arizona,No,Pants,Clothing,57.73,Winter,XL,Gray,Yes,No,29,Monthly,3.95,Standard,Credit Card
2776,25,Male,Ohio,No,Blouse,Clothing,76.35,Winter,XL,Blue,No,No,29,Annually,3.75,Express,Debit Card
2777,19,Male,California,Yes,Pants,Clothing,79.44,Summer,XL,Green,No,Yes,21,Annually,4.56,Express,PayPal
2778,39,Male,New York,Yes,Belt,Accessories,61.53,Spring,S,Yellow,No,No,21,Weekly,3.96,Express,Credit Card
2779,51,Male,Georgia,No,Dress,Clothing,50.86,Fall,S,Gray,No,No,30,Monthly,3.82,Express,PayPal
2780,64,Male,New York,Yes,Sunglasses,Accessories,58.27,Fall,XL,Brown,Yes,Yes,19,Quarterly,3.19,Express,Venmo
2781,45,Male,Washington,No,Sunglasses,Accessories,42.08,Fall,XL,Brown,No,No,13,Bi-Weekly,3.53,Express,Cash
2782,21,Male,California,Yes,Coat,Outerwear,41.52,Summer,XL,Black,Yes,No,16,Quarterly,3.63,Express,Cash
2783,47,Female,New York,Yes,Skirt,Clothing,85.63,Spring,XL,Yellow,No,Yes,19,Weekly,3.33,Express,Cash
2784,57,Female,Illinois,No,Hoodie,Outerwear,85.14,Fall,XL,Green,Yes,Yes,13,Quarterly,3.63,Express,Venmo
2785,28,Male,Texas,Yes,Shoes,Footwear,83.07,Fall,S,Purple,Yes,No,30,Bi-Weekly,2.61,Express,PayPal
2786,40,Male,California,Yes,Sandals,Footwear,42.03,Spring,M,Red,No,No,20,Monthly,3.73,Express,Credit Card
2787,33,Male,Illinois,Yes,Sandals,Footwear,76.17,Fall,L,Pink,No,No,13,Monthly,3.52,Express,Venmo
2788,30,Female,Illinois,No,Jewelry,Accessories,40.13,Spring,XL,Purple,Yes,Yes,23,Annually,4.68,Express,Debit Card
2789,50,Male,Montana,No,Pants,Clothing,74.58,Fall,M,Blue,Yes,No,16,Quarterly,3.68,Standard,PayPal
2790,67,Female,Arizona,Yes,Sandals,Footwear,55.15,Summer,XL,Blue,No,No,12,Quarterly,3.67,Express,Venmo
2791,50,Male,Illinois,No,Coat,Clothing,32.75,Winter,XL,Gray,No,No,27,Bi-Weekly,3.55,Express,Credit Card
2792,29,Female,New York,No,Shoes,Footwear,63.61,Spring,S,Brown,Yes,No,17,Weekly,3.9,Express,Venmo
2793,47,Male,Illinois,No,T-shirt,Clothing,39.1,Summer,L,Yellow,No,No,16,Monthly,3.55,Express,Credit Card
2794,25,Male,Washington,Yes,Pants,Clothing,40.08,Spring,L,Gray,Yes,No,26,Quarterly,4.09,Express,PayPal
2795,65,Male,Illinois,No,Shirt,Clothing,72.61,Summer,M,Red,No,Yes,11,Bi-Weekly,4.38,Express,Cash
2796,63,Male,Texas,No,Jewelry,Accessories,76.91,Fall,L,Pink,No,No,19,Annually,3.72,Standard,Cash
2797,27,Male,Montana,No,Skirt,Clothing,68.76,Spring,S,Gray,No,No,25,Bi-Weekly,4.34,Standard,Cash
2798,48,Male,Illinois,No,Sandals,Footwear,90.09,Fall,XL,Purple,No,No,22,Annually,3.93,Standard,Venmo
2799,18,Male,Arizona,No,Sandals,Footwear,49.52,Winter,M,Gray,No,Yes,25,Bi-Weekly,4.86,Express,Cash
2800,46,Female,Illinois,Yes,Sweater,Clothing,32.16,Summer,S,Gray,No,No,28,Annually,4.26,Standard,Cash
2801,68,Male,Arizona,No,Boots,Footwear,78.69,Summer,M,Green,Yes,No,19,Quarterly,3.74,Express,Venmo
2802,30,Male,Ohio,No,Scarf,Accessories,87.27,Fall,L,Brown,No,Yes,25,Monthly,4.55,Express,Venmo
2803,60,Male,Illinois,No,Sneakers,Footwear,98.74,Winter,L,Green,Yes,Yes,13,Weekly,3.24,Standard,PayPal
2804,62,Male,Texas,No,Coat,Outerwear,47.13,Summer,XL,Gray,No,No,15,Quarterly,4.18,Express,Venmo
2805,57,Female,Georgia,No,Pants,Clothing,52.86,Summer,S,Green,No,Yes,23,Bi-Weekly,4.45,Standard,Credit Card
2806,59,Male,California,No,Sandals,Footwear,62.58,Spring,S,White,No,Yes,16,Annually,4.08,Express,Debit Card
2807,61,Male,Washington,No,Jewelry,Accessories,54.48,Summer,S,Yellow,No,No,30,Weekly,2.87,Standard,Debit Card
2808,55,Female,New York,No,Jewelry,Accessories,55.18,Fall,S,White,No,No,29,Quarterly,2.95,Express,Venmo
2809,35,Female,Texas,Yes,Coat,Outerwear,50.87,Spring,XL,Blue,No,Yes,17,Weekly,4.48,Express,Credit Card
2810,69,Male,New York,No,Sunglasses,Accessories,69.44,Summer,L,Pink,No,Yes,22,Weekly,3.48,Express,Cash
2811,19,Male,Montana,Yes,Jewelry,Accessories,48.88,Fall,L,Pink,No,No,23,Quarterly,3.95,Express,Cash
2812,21,Male,Georgia,No,Dress,Clothing,60.07,Winter,M,Purple,No,No,16,Quarterly,4.26,Express,Debit Card
2813,61,Female,Montana,No,Skirt,Clothing,24.32,Spring,XL,Red,No,No,11,Bi-Weekly,3.79,Express,Cash
2814,58,Male,New York,No,Shoes,Footwear,72.58,Winter,XL,Green,No,No,30,Annually,4.37,Standard,Credit Card
2815,53,Female,Illinois,No,Coat,Clothing,42.18,Spring,S,Gray,No,No,24,Monthly,3.58,Express,Debit Card
2816,70,Female,Arizona,No,T-shirt,Clothing,62.51,Winter,M,Gray,No,No,21,Bi-Weekly,3.5,Express,PayPal
2817,44,Male,Florida,No,Sneakers,Footwear,35.32,Summer,S,Blue,No,No,11,Weekly,4.3,Express,Credit Card
2818,61,Male,Arizona,No,Coat,Outerwear,38.35,Spring,L,Brown,No,No,13,Bi-Weekly,3.67,Express,Cash
2819,31,Female,Arizona,Yes,Shirt,Clothing,74.44,Summer,L,Yellow,No,No,26,Quarterly,4.67,Express,PayPal
2820,66,Female,Montana,No,Blouse,Clothing,67.94,Winter,M,White,No,Yes,11,Quarterly,3.65,Express,Credit Card
2821,32,Male,Arizona,No,Coat,Outerwear,73.82,Fall,XL,Pink,Yes,No,15,Monthly,3.8,Express,Credit Card
2822,55,Male,Texas,Yes,Jewelry,Accessories,71.87,Summer,L,Black,No,Yes,26,Monthly,3.58,Express,Venmo
2823,61,Male,Texas,No,Coat,Clothing,73.49,Summer,M,Purple,No,No,25,Quarterly,2.29,Standard,Credit Card
2824,52,Female,Georgia,No,Scarf,Accessories,15.0,Spring,XL,Pink,No,No,18,Annually,3.52,Express,Debit Card
2825,35,Female,Arizona,Yes,Pants,Clothing,66.43,Winter,L,White,No,No,20,Annually,3.81,Express,Debit Card
2826,47,Male,Texas,No,Pants,Clothing,54.63,Winter,L,Black,No,No,27,Bi-Weekly,4.08,Express,Debit Card
2827,51,Male,Arizona,Yes,Jewelry,Accessories,17.95,Winter,L,Blue,No,No,25,Annually,3.18,Standard,Debit Card
2828,52,Male,Florida,No,Jacket,Outerwear,63.54,Summer,M,Green,No,No,14,Annually,4.09,Express,Cash
2829,50,Female,Arizona,Yes,Shoes,Footwear,37.46,Winter,XL,Brown,No,Yes,21,Bi-Weekly,3.61,Standard,Venmo
2830,19,Male,Florida,No,Sunglasses,Accessories,73.66,Summer,S,Purple,No,No,29,Quarterly,3.6,Standard,Credit Card
2831,19,Male,New York,No,Skirt,Clothing,49.58,Spring,M,Brown,No,Yes,17,Bi-Weekly,3.71,Express,Venmo
2832,61,Male,Texas,No,Jewelry,Accessories,38.3,Winter,L,White,No,Yes,29,Quarterly,3.93,Standard,Cash
2833,40,Female,Ohio,No,Jacket,Outerwear,88.06,Summer,S,Pink,No,No,20,Monthly,3.37,Express,PayPal
2834,51,Male,Illinois,No,Sweater,Clothing,47.1,Spring,L,Yellow,Yes,No,24,Bi-Weekly,3.51,Standard,PayPal
2835,37,Male,Florida,Yes,Sunglasses,Accessories,95.66,Summer,XL,Black,Yes,Yes,27,Bi-Weekly,3.65,Express,Venmo
2836,53,Female,California,Yes,Hoodie,Outerwear,43.36,Winter,M,Purple,Yes,No,18,Monthly,3.57,Express,Cash
2837,23,Female,Arizona,No,Pants,Clothing,83.68,Summer,XL,Green,No,No,22,Annually,3.1,Express,Credit Card
2838,27,Male,Texas,Yes,Jewelry,Accessories,35.12,Fall,XL,Yellow,Yes,No,12,Monthly,3.81,Express,Credit Card
2839,25,Male,Washington,No,Sneakers,Footwear,29.86,Fall,M,Red,Yes,Yes,24,Quarterly,2.87,Express,Venmo
2840,52,Female,Texas,No,Shoes,Footwear,64.72,Spring,S,Yellow,Yes,No,22,Monthly,3.72,Express,Debit Card
2841,20,Male,California,No,Blouse,Clothing,35.63,Spring,L,Pink,No,No,18,Weekly,4.28,Express,Debit Card
2842,64,Male,Florida,No,Sweater,Clothing,67.69,Winter,S,Pink,No,Yes,24,Bi-Weekly,4.23,Standard,Credit Card
2843,34,Female,New York,No,Skirt,Clothing,52.39,Winter,XL,Gray,Yes,No,14,Bi-Weekly,3.78,Express,PayPal
2844,43,Male,California,Yes,Jacket,Outerwear,49.17,Fall,L,Yellow,No,No,17,Weekly,3.64,Express,PayPal
2845,66,Male,Georgia,No,Coat,Outerwear,88.75,Summer,S,Green,Yes,Yes,26,Monthly,3.98,Express,PayPal
2846,39,Female,New York,Yes,Sunglasses,Accessories,80.3,Summer,L,Green,Yes,No,23,Quarterly,3.92,Standard,Venmo
2847,61,Male,California,No,Shirt,Clothing,57.77,Spring,S,Brown,No,No,28,Annually,4.19,Express,Credit Card
2848,51,Male,Illinois,No,Coat,Clothing,64.82,Fall,L,White,No,No,16,Bi-Weekly,2.9,Standard,Credit Card
2849,66,Male,Florida,Yes,Hoodie,Outerwear,37.95,Winter,L,Pink,Yes,No,30,Bi-Weekly,4.14,Standard,Venmo
2850,49,Male,Montana,No,Sweater,Clothing,40.35,Spring,S,Green,No,Yes,28,Monthly,3.63,Standard,Venmo
2851,58,Male,Montana,Yes,Boots,Footwear,53.24,Spring,M,White,No,No,12,Weekly,4.15,Express,Credit Card
2852,43,Female,Texas,Yes,Belt,Accessories,83.05,Summer,L,Brown,No,Yes,11,Quarterly,3.37,Express,Cash
2853,19,Female,Montana,No,Shirt,Clothing,82.45,Spring,L,Red,Yes,No,26,Quarterly,4.38,Express,Cash
2854,55,Male,Florida,No,Blouse,Clothing,60.61,Fall,XL,Brown,No,No,23,Quarterly,4.38,Express,PayPal
2855,50,Male,Texas,No,Shoes,Footwear,41.53,Winter,XL,Yellow,No,No,16,Quarterly,3.93,Standard,Venmo
2856,47,Male,Montana,Yes,T-shirt,Clothing,67.0,Fall,XL,Pink,Yes,Yes,12,Annually,4.16,Express,Credit Card
2857,30,Male,Washington,No,Jacket,Outerwear,15.0,Winter,M,Black,Yes,No,14,Monthly,4.27,Express,Debit Card
2858,58,Male,Florida,Yes,Pants,Clothing,57.96,Summer,XL,Yellow,Yes,Yes,11,Quarterly,3.96,Express,Debit Card
2859,60,Male,Ohio,Yes,Jacket,Outerwear,45.1,Winter,XL,Brown,No,No,16,Weekly,5.0,Express,Debit Card
2860,21,Female,Ohio,No,Coat,Outerwear,15.0,Fall,S,Pink,No,No,23,Weekly,3.81,Express,Debit Card
2861,38,Male,Texas,Yes,Shirt,Clothing,44.75,Spring,XL,Green,No,Yes,12,Annually,3.29,Express,Venmo
2862,37,Male,Texas,No,Pants,Clothing,15.0,Summer,XL,Gray,Yes,No,23,Monthly,3.8,Express,Credit Card
2863,44,Female,California,No,Coat,Outerwear,82.75,Spring,XL,Purple,No,Yes,16,Monthly,4.01,Express,Cash
2864,27,Female,New York,No,Sunglasses,Accessories,75.48,Winter,M,Gray,No,Yes,18,Quarterly,3.31,Express,Debit Card
2865,22,Male,Montana,No,Sunglasses,Accessories,46.42,Spring,M,White,No,No,13,Quarterly,3.7,Express,Venmo
2866,49,Male,Illinois,Yes,Pants,Clothing,94.25,Spring,M,Red,No,No,15,Bi-Weekly,4.06,Express,Debit Card
2867,48,Female,Ohio,No,Sneakers,Footwear,55.04,Winter,S,Brown,Yes,Yes,16,Quarterly,2.77,Express,Credit Card
2868,64,Male,California,No,Dress,Clothing,83.96,Summer,L,Blue,No,No,21,Annually,3.82,Express,Venmo
2869,36,Male,California,No,Shirt,Clothing,38.04,Spring,M,Green,No,No,13,Quarterly,4.37,Express,Cash
2870,40,Female,New York,No,Jewelry,Accessories,57.63,Summer,L,Yellow,No,No,15,Annually,4.47,Express,Credit Card
2871,61,Male,Illinois,No,Pants,Clothing,54.34,Winter,L,White,No,Yes,28,Weekly,3.99,Express,Cash
2872,55,Male,Illinois,No,Sneakers,Footwear,110.0,Spring,S,Yellow,Yes,Yes,18,Quarterly,3.08,Express,Debit Card
2873,18,Male,Ohio,No,Sandals,Footwear,54.32,Summer,S,Pink,Yes,No,18,Bi-Weekly,4.0,Express,Venmo
2874,44,Male,Texas,Yes,Jewelry,Accessories,29.56,Fall,M,Black,No,Yes,11,Quarterly,4.38,Express,Cash
2875,45,Male,New York,No,Coat,Clothing,85.51,Fall,L,Brown,No,No,18,Monthly,3.79,Standard,Venmo
2876,52,Male,Arizona,No,Sunglasses,Accessories,57.96,Fall,S,Gray,No,Yes,19,Quarterly,3.54,Standard,Debit Card
2877,65,Male,California,Yes,Sandals,Footwear,45.57,Winter,L,Blue,No,No,24,Annually,2.48,Express,Debit Card
2878,31,Male,Ohio,No,Dress,Clothing,40.87,Winter,M,Blue,No,Yes,29,Annually,2.24,Express,Debit Card
2879,59,Female,Georgia,Yes,Dress,Clothing,76.97,Spring,L,Brown,Yes,No,13,Annually,2.96,Express,Venmo
2880,59,Male,Ohio,Yes,Sneakers,Footwear,52.34,Summer,M,Green,No,Yes,21,Weekly,3.64,Express,Debit Card
2881,49,Female,Montana,Yes,Sandals,Footwear,53.57,Spring,S,Yellow,No,No,25,Monthly,3.68,Express,Debit Card
2882,19,Male,Washington,No,Sunglasses,Accessories,64.62,Fall,S,Purple,No,Yes,26,Weekly,4.28,Standard,PayPal
2883,31,Male,Florida,Yes,Sneakers,Footwear,76.22,Summer,M,Red,No,Yes,19,Bi-Weekly,3.35,Standard,Debit Card
2884,55,Male,Montana,No,T-shirt,Clothing,106.44,Summer,XL,Red,Yes,Yes,18,Monthly,3.18,Standard,Venmo
2885,36,Male,Washington,Yes,Blouse,Clothing,37.86,Winter,L,Gray,Yes,Yes,18,Annually,4.41,Express,Credit Card
2886,56,Male,California,No,Sneakers,Footwear,32.48,Winter,M,Green,Yes,No,12,Monthly,3.7,Standard,Credit Card
2887,45,Male,Ohio,No,Belt,Accessories,40.6,Fall,L,White,No,No,30,Quarterly,3.72,Express,Debit Card
2888,46,Male,Ohio,No,Skirt,Clothing,67.02,Winter,S,Pink,No,Yes,18,Quarterly,3.39,Express,Debit Card
2889,70,Female,Georgia,No,Sweater,Clothing,34.67,Fall,M,Red,No,No,17,Annually,4.05,Standard,Cash
2890,57,Male,Georgia,Yes,Sneakers,Footwear,59.2,Winter,XL,Pink,No,No,12,Weekly,4.61,Express,Credit Card
2891,28,Female,Florida,Yes,Sweater,Clothing,54.39,Fall,L,Yellow,Yes,Yes,28,Monthly,3.31,Standard,Cash
2892,21,Female,Texas,Yes,Jacket,Outerwear,42.54,Spring,S,Brown,No,No,30,Bi-Weekly,3.31,Express,Cash
2893,34,Male,Georgia,No,Sunglasses,Accessories,40.37,Summer,XL,Gray,Yes,Yes,11,Weekly,3.64,Standard,Credit Card
2894,63,Male,Washington,Yes,Shoes,Footwear,21.19,Winter,XL,Purple,No,No,24,Quarterly,3.45,Express,Cash
2895,65,Female,Texas,No,Dress,Clothing,59.18,Winter,S,Black,No,No,25,Monthly,4.15,Standard,Debit Card
2896,70,Female,Washington,Yes,Dress,Clothing,65.8,Summer,M,Green,Yes,No,12,Quarterly,3.59,Standard,Credit Card
2897,65,Male,Illinois,No,Boots,Footwear,59.86,Winter,XL,White,No,No,17,Weekly,3.86,Standard,Cash
2898,22,Male,Florida,No,Coat,Outerwear,80.08,Winter,S,Red,No,No,13,Annually,4.38,Express,Credit Card
2899,49,Male,Ohio,No,Jewelry,Accessories,85.64,Spring,M,Pink,No,Yes,23,Annually,4.79,Express,Cash
2900,50,Male,Ohio,Yes,T-shirt,Clothing,52.13,Spring,XL,Blue,No,No,26,Bi-Weekly,3.0,Express,Venmo
2901,55,Male,Texas,No,Boots,Footwear,51.61,Summer,XL,Pink,No,No,21,Monthly,3.62,Express,Cash
2902,39,Male,Montana,No,Belt,Accessories,76.21,Winter,M,Yellow,Yes,No,16,Bi-Weekly,3.93,Express,PayPal
2903,41,Male,Illinois,Yes,Sandals,Footwear,68.0,Spring,L,Blue,No,No,24,Annually,4.26,Express,PayPal
2904,29,Male,Ohio,No,Boots,Footwear,70.06,Winter,S,Blue,No,No,28,Bi-Weekly,3.59,Standard,Venmo
2905,70,Male,Florida,No,Scarf,Accessories,72.94,Fall,S,White,No,No,17,Weekly,3.09,Express,PayPal
2906,18,Male,Montana,No,Sandals,Footwear,36.5,Fall,L,Green,No,No,22,Bi-Weekly,3.69,Express,PayPal
2907,37,Male,Georgia,Yes,Dress,Clothing,68.95,Winter,XL,Brown,Yes,No,24,Quarterly,4.12,Standard,Credit Card
2908,37,Male,Ohio,No,Blouse,Clothing,50.24,Winter,XL,White,No,No,12,Bi-Weekly,4.49,Express,Venmo
2909,54,Male,Georgia,No,Jacket,Outerwear,45.07,Fall,XL,White,No,No,25,Quarterly,4.72,Express,Credit Card
2910,18,Male,Florida,No,Sunglasses,Accessories,45.09,Fall,L,Green,Yes,Yes,21,Annually,4.53,Standard,Credit Card
2911,55,Male,Washington,Yes,Sandals,Footwear,42.85,Fall,L,Yellow,No,No,16,Bi-Weekly,3.8,Standard,Venmo
2912,54,Male,Illinois,Yes,Sweater,Clothing,33.39,Spring,XL,Brown,No,No,23,Annually,3.9,Express,Debit Card
2913,42,Female,Illinois,Yes,Belt,Accessories,61.88,Winter,S,Green,No,No,26,Bi-Weekly,3.58,Express,Cash
2914,18,Male,Montana,No,Jewelry,Accessories,55.43,Fall,S,Red,Yes,No,18,Monthly,3.44,Express,Cash
2915,39,Male,California,No,Pants,Clothing,40.21,Winter,XL,Yellow,No,Yes,15,Annually,3.92,Express,Debit Card
2916,40,Male,Georgia,No,Sunglasses,Accessories,69.17,Spring,M,Pink,No,No,30,Bi-Weekly,4.24,Express,Cash
2917,33,Male,Florida,No,Hoodie,Outerwear,62.11,Summer,XL,Red,No,Yes,29,Monthly,3.74,Standard,Venmo
2918,27,Male,Florida,Yes,Skirt,Clothing,40.74,Summer,S,Pink,No,No,25,Quarterly,3.72,Express,Debit Card
2919,67,Female,Florida,Yes,Hoodie,Outerwear,80.31,Summer,S,Green,No,Yes,14,Weekly,3.85,Express,Debit Card
2920,21,Male,Florida,No,Skirt,Clothing,42.26,Winter,XL,Brown,No,Yes,27,Annually,3.88,Standard,Venmo
2921,50,Male,Arizona,No,Coat,Outerwear,46.34,Spring,XL,Purple,Yes,No,19,Weekly,4.05,Express,Debit Card
2922,46,Female,California,No,Sunglasses,Accessories,63.24,Fall,XL,Blue,No,No,11,Quarterly,3.36,Standard,Cash
2923,61,Male,Texas,Yes,Boots,Footwear,83.31,Spring,S,Brown,No,No,26,Weekly,3.66,Standard,Debit Card
2924,45,Male,Montana,Yes,Blouse,Clothing,69.08,Winter,XL,Green,No,No,16,Quarterly,4.36,Express,Debit Card
2925,67,Male,Arizona,No,Sunglasses,Accessories,24.93,Summer,M,Gray,No,No,20,Quarterly,4.04,Express,Debit Card
2926,21,Female,Florida,No,Sneakers,Footwear,73.66,Fall,L,Red,Yes,No,19,Quarterly,2.94,Express,PayPal
2927,38,Male,Montana,No,Jewelry,Accessories,55.57,Fall,L,Purple,No,Yes,26,Quarterly,3.76,Express,Credit Card
2928,63,Male,Arizona,No,Coat,Clothing,38.77,Summer,L,Yellow,No,No,24,Bi-Weekly,4.36,Express,Credit Card
2929,47,Male,Montana,No,Blouse,Clothing,23.05,Winter,XL,Black,No,No,14,Annually,5.0,Standard,PayPal
2930,23,Male,Montana,Yes,Shoes,Footwear,55.89,Fall,L,Black,Yes,No,29,Weekly,3.71,Standard,PayPal
2931,32,Male,Ohio,No,Shirt,Clothing,67.92,Summer,L,White,No,No,17,Bi-Weekly,4.23,Express,Cash
2932,24,Female,Washington,No,Pants,Clothing,15.0,Spring,S,Purple,Yes,No,23,Bi-Weekly,3.44,Express,Venmo
2933,34,Male,Arizona,No,Sneakers,Footwear,61.45,Summer,M,Yellow,No,No,21,Annually,4.05,Standard,Venmo
2934,40,Male,Arizona,No,Blouse,Clothing,100.86,Fall,L,Purple,No,No,22,Weekly,3.52,Express,Debit Card
2935,44,Female,Georgia,No,Coat,Outerwear,69.96,Spring,L,Blue,No,Yes,24,Quarterly,3.43,Express,Credit Card
2936,61,Female,Ohio,No,Scarf,Accessories,52.2,Spring,L,White,Yes,No,19,Bi-Weekly,3.87,Standard,Credit Card
2937,66,Male,Montana,Yes,Jewelry,Accessories,100.74,Fall,M,Pink,No,No,13,Weekly,3.79,Express,Credit Card
2938,28,Male,Arizona,No,Hoodie,Outerwear,49.87,Spring,S,Gray,No,No,13,Annually,3.15,Standard,Debit Card
2939,54,Male,Texas,No,Pants,Clothing,34.61,Winter,XL,White,No,No,26,Monthly,3.93,Express,Cash
2940,66,Male,Arizona,Yes,Shoes,Footwear,74.83,Summer,S,Gray,No,Yes,22,Monthly,4.51,Express,Venmo
2941,28,Female,California,No,Coat,Outerwear,67.38,Summer,M,Green,Yes,Yes,14,Annually,3.91,Express,Cash
2942,58,Female,California,No,Blouse,Clothing,73.81,Winter,XL,Green,Yes,No,24,Monthly,3.62,Express,Debit Card
2943,29,Male,New York,Yes,Sunglasses,Accessories,43.83,Summer,M,Purple,No,No,15,Annually,3.81,Express,Debit Card
2944,51,Male,Montana,Yes,Pants,Clothing,76.69,Fall,XL,Yellow,No,No,16,Bi-Weekly,3.79,Standard,PayPal
2945,34,Female,Washington,Yes,Shoes,Footwear,15.0,Winter,XL,Yellow,Yes,No,24,Monthly,3.54,Express,Debit Card
2946,59,Female,Ohio,No,Shirt,Clothing,76.7,Spring,M,Pink,No,Yes,24,Quarterly,3.62,Standard,Debit Card
2947,61,Male,Montana,No,T-shirt,Clothing,82.68,Summer,L,Gray,No,Yes,13,Monthly,4.27,Express,Cash
2948,36,Male,Florida,No,Jewelry,Accessories,33.44,Spring,XL,Purple,No,No,14,Quarterly,3.18,Standard,Cash
2949,45,Male,Florida,No,Shoes,Footwear,82.2,Fall,S,Pink,Yes,Yes,16,Quarterly,4.01,Express,Cash
2950,55,Male,Florida,No,Jewelry,Accessories,74.66,Winter,L,White,Yes,Yes,29,Weekly,4.76,Express,Debit Card
2951,26,Female,Montana,Yes,Scarf,Accessories,75.08,Spring,XL,Blue,No,Yes,26,Monthly,3.37,Express,Debit Card
2952,35,Female,Texas,No,Skirt,Clothing,89.87,Fall,XL,Black,No,Yes,16,Annually,3.71,Express,PayPal
2953,39,Male,California,No,Sweater,Clothing,44.79,Winter,L,Purple,No,No,13,Weekly,3.95,Express,Cash
2954,57,Male,Illinois,No,Scarf,Accessories,63.4,Spring,S,Black,Yes,No,13,Quarterly,3.8,Express,Debit Card
2955,47,Female,New York,No,Belt,Accessories,75.47,Spring,M,Yellow,No,No,29,Weekly,4.36,Standard,Credit Card
2956,40,Male,Arizona,No,Jewelry,Accessories,71.32,Fall,XL,Brown,No,Yes,23,Monthly,3.94,Standard,Debit Card
2957,51,Male,Washington,Yes,Shoes,Footwear,64.07,Winter,XL,Green,No,No,29,Monthly,3.55,Express,Debit Card
2958,20,Male,Florida,No,Jacket,Outerwear,67.55,Fall,M,Purple,No,No,19,Quarterly,3.6,Standard,Credit Card
2959,42,Male,California,No,T-shirt,Clothing,58.82,Spring,M,Green,No,Yes,16,Weekly,3.25,Express,Credit Card
2960,26,Male,Georgia,No,Skirt,Clothing,39.15,Winter,L,White,No,No,15,Weekly,4.26,Express,Credit Card
2961,33,Male,Texas,No,Sweater,Clothing,71.32,Winter,M,Pink,No,No,26,Bi-Weekly,3.78,Express,Cash
2962,31,Female,Illinois,No,Coat,Outerwear,47.47,Spring,M,Pink,Yes,No,28,Weekly,4.16,Express,Venmo
2963,32,Male,Arizona,Yes,Blouse,Clothing,33.07,Summer,M,Purple,No,No,15,Bi-Weekly,3.14,Express,PayPal
2964,63,Male,California,No,Sneakers,Footwear,35.16,Summer,XL,Brown,No,No,30,Weekly,4.34,Standard,Venmo
2965,68,Female,Georgia,No,Coat,Outerwear,73.62,Spring,M,Green,Yes,No,18,Weekly,4.09,Express,Venmo
2966,24,Male,Illinois,No,Dress,Clothing,74.31,Fall,L,Gray,No,Yes,22,Bi-Weekly,3.46,Standard,PayPal
2967,22,Female,Georgia,Yes,Belt,Accessories,42.3,Fall,S,White,No,No,21,Bi-Weekly,3.9,Express,Credit Card
2968,63,Male,Illinois,No,Dress,Clothing,25.39,Fall,S,Pink,No,No,20,Annually,3.74,Express,Cash
2969,23,Male,Ohio,Yes,Boots,Footwear,65.89,Summer,M,White,No,No,25,Weekly,3.5,Express,Debit Card
2970,59,Female,New York,Yes,Skirt,Clothing,69.04,Spring,L,Brown,No,No,16,Annually,4.24,Express,Debit Card
2971,56,Female,Georgia,No,Boots,Footwear,39.21,Spring,XL,Red,No,No,19,Monthly,3.8,Express,Venmo
2972,61,Female,Texas,No,Boots,Footwear,73.15,Winter,L,Gray,Yes,No,28,Annually,3.5,Express,PayPal
2973,57,Male,Illinois,No,Shirt,Clothing,48.4,Summer,S,Yellow,No,No,11,Quarterly,3.69,Express,Venmo
2974,36,Female,Washington,No,Sandals,Footwear,64.68,Fall,L,Yellow,Yes,No,16,Bi-Weekly,3.1,Express,Venmo
2975,59,Male,New York,No,Sunglasses,Accessories,38.12,Spring,S,Red,No,No,17,Annually,3.59,Express,PayPal
2976,62,Female,Florida,Yes,Shirt,Clothing,41.15,Fall,S,Purple,Yes,No,14,Annually,3.48,Express,Venmo
2977,29,Male,Georgia,Yes,Shirt,Clothing,59.01,Summer,S,Gray,No,No,14,Annually,3.26,Express,PayPal
2978,34,Female,Ohio,No,T-shirt,Clothing,37.23,Winter,M,Pink,Yes,Yes,23,Weekly,4.18,Standard,PayPal
2979,20,Male,California,Yes,Sandals,Footwear,65.42,Spring,XL,Red,No,No,12,Annually,3.89,Standard,PayPal
2980,69,Male,Ohio,Yes,Belt,Accessories,77.47,Spring,M,White,No,Yes,11,Annually,4.15,Express,PayPal
2981,41,Female,Illinois,Yes,Jewelry,Accessories,53.13,Fall,S,Black,No,No,29,Annually,3.27,Standard,Credit Card
2982,49,Male,Georgia,No,Coat,Clothing,58.26,Spring,S,Green,No,No,26,Weekly,3.1,Express,Debit Card
2983,22,Male,Washington,No,Sweater,Clothing,50.16,Spring,L,Purple,No,No,21,Monthly,3.73,Standard,PayPal
2984,45,Female,Arizona,No,Dress,Clothing,34.25,Winter,L,Green,No,No,23,Weekly,3.97,Express,PayPal
2985,62,Male,Florida,No,Sweater,Clothing,47.69,Spring,M,Pink,No,No,21,Quarterly,3.85,Standard,Venmo
2986,62,Male,Arizona,No,Dress,Clothing,62.1,Spring,L,Brown,No,No,14,Annually,4.28,Express,Credit Card
2987,64,Female,Florida,No,Sneakers,Footwear,58.06,Fall,M,Brown,Yes,Yes,27,Annually,2.27,Express,Cash
2988,23,Male,Texas,Yes,Scarf,Accessories,79.46,Fall,M,Pink,Yes,No,16,Monthly,4.82,Express,Credit Card
2989,21,Female,Texas,No,Jacket,Outerwear,27.2,Fall,L,Gray,No,Yes,12,Quarterly,4.26,Express,Debit Card
2990,31,Female,Arizona,Yes,Sweater,Clothing,46.88,Spring,XL,Blue,Yes,No,19,Monthly,3.96,Express,Credit Card
2991,35,Female,Ohio,No,Belt,Accessories,68.27,Fall,M,Gray,Yes,Yes,28,Quarterly,3.3,Express,Venmo
2992,31,Male,Ohio,No,Hoodie,Outerwear,56.68,Winter,XL,Brown,No,No,30,Bi-Weekly,3.76,Express,Venmo
2993,27,Male,Ohio,No,Coat,Outerwear,82.16,Spring,M,Gray,Yes,No,26,Weekly,4.01,Express,Credit Card
2994,45,Female,Florida,No,Belt,Accessories,33.1,Summer,S,Black,No,No,30,Weekly,3.21,Standard,Credit Card
2995,65,Female,Washington,No,Hoodie,Outerwear,71.26,Winter,S,Yellow,Yes,No,13,Quarterly,4.08,Express,Cash
2996,62,Male,Florida,No,Jewelry,Accessories,64.87,Spring,L,Blue,Yes,No,14,Weekly,3.96,Express,Venmo
2997,58,Male,New York,No,Shoes,Footwear,80.52,Spring,M,Brown,No,No,16,Quarterly,3.84,Express,Cash
2998,53,Male,Texas,No,Scarf,Accessories,77.3,Spring,L,Purple,No,Yes,22,Bi-Weekly,3.19,Standard,Debit Card
2999,59,Male,Texas,No,Sandals,Footwear,36.78,Winter,S,Brown,No,No,28,Weekly,3.14,Express,Cash
3000,66,Male,Georgia,No,Shoes,Footwear,84.14,Summer,XL,Black,Yes,No,27,Weekly,4.55,Express,Cash
3001,47,Male,Texas,Yes,Coat,Clothing,88.26,Spring,S,Blue,No,Yes,12,Weekly,3.87,Express,Credit Card
3002,34,Male,Washington,No,Skirt,Clothing,37.18,Summer,XL,Red,No,No,21,Monthly,3.28,Express,Venmo
3003,22,Male,Montana,Yes,Sweater,Clothing,55.9,Spring,XL,Brown,No,No,22,Quarterly,2.98,Express,Debit Card
3004,47,Male,Texas,No,Pants,Clothing,65.83,Spring,XL,Red,No,No,24,Quarterly,4.19,Standard,Credit Card
3005,53,Female,Florida,No,Coat,Outerwear,49.75,Spring,XL,Pink,Yes,No,13,Bi-Weekly,3.2,Express,Credit Card
3006,21,Male,New York,No,Sweater,Clothing,81.28,Fall,M,Gray,No,No,24,Annually,3.31,Standard,Venmo
3007,60,Male,Illinois,No,Skirt,Clothing,35.25,Spring,M,Brown,No,No,22,Quarterly,4.7,Express,Venmo
3008,64,Male,New York,No,Skirt,Clothing,66.75,Spring,S,Yellow,No,No,23,Bi-Weekly,4.1,Express,Credit Card
3009,29,Female,Arizona,Yes,Belt,Accessories,67.42,Summer,XL,Blue,No,No,23,Bi-Weekly,4.44,Standard,Venmo
3010,47,Male,New York,No,Sandals,Footwear,47.79,Winter,S,Brown,Yes,Yes,12,Weekly,3.76,Express,Venmo
3011,20,Male,Illinois,Yes,Boots,Footwear,58.02,Summer,S,Blue,No,Yes,12,Annually,3.27,Express,Cash
3012,31,Male,California,Yes,Sunglasses,Accessories,44.34,Fall,XL,Yellow,No,No,20,Monthly,4.4,Express,Credit Card
3013,63,Female,Georgia,No,Scarf,Accessories,40.92,Spring,M,Brown,No,No,14,Monthly,4.33,Express,Debit Card
3014,66,Female,Florida,No,Coat,Outerwear,59.21,Winter,S,Gray,No,Yes,18,Monthly,4.06,Standard,Credit Card
3015,21,Female,Ohio,Yes,Dress,Clothing,95.45,Spring,XL,Gray,No,No,14,Weekly,4.25,Express,PayPal
3016,25,Male,Ohio,No,Shoes,Footwear,53.12,Winter,M,Red,No,No,15,Weekly,4.52,Express,Venmo
3017,67,Male,Washington,No,Shoes,Footwear,80.48,Fall,S,Black,No,No,26,Annually,4.1,Express,Credit Card
3018,22,Male,New York,No,Coat,Clothing,59.5,Fall,M,Red,No,No,11,Annually,2.96,Standard,Cash
3019,42,Male,Montana,Yes,Sandals,Footwear,68.93,Winter,L,Green,No,No,23,Weekly,3.53,Express,Debit Card
3020,49,Female,Texas,No,Skirt,Clothing,42.01,Summer,L,Purple,No,No,18,Quarterly,3.5,Express,Credit Card
3021,62,Male,Texas,No,Coat,Outerwear,32.2,Winter,S,Yellow,No,No,24,Annually,4.43,Standard,Debit Card
3022,35,Male,New York,No,Belt,Accessories,101.44,Winter,M,Blue,No,Yes,20,Quarterly,3.4,Express,Debit Card
3023,42,Male,Arizona,No,Shoes,Footwear,71.06,Spring,S,Pink,No,Yes,25,Weekly,3.25,Express,PayPal
3024,27,Female,California,No,T-shirt,Clothing,64.95,Winter,S,Brown,No,Yes,11,Quarterly,2.66,Express,Debit Card
3025,39,Female,Illinois,Yes,Sneakers,Footwear,45.69,Spring,S,Black,No,No,12,Annually,3.64,Express,Credit Card
3026,39,Female,Washington,No,T-shirt,Clothing,15.0,Spring,L,Yellow,No,No,21,Annually,3.7,Express,Debit Card
3027,46,Male,Illinois,No,Sunglasses,Accessories,15.0,Fall,S,Pink,No,No,18,Bi-Weekly,4.33,Express,Venmo
3028,25,Female,Texas,No,Pants,Clothing,63.83,Spring,S,White,No,No,20,Weekly,3.98,Express,Credit Card
3029,37,Male,Illinois,No,Belt,Accessories,63.99,Winter,S,White,Yes,No,15,Bi-Weekly,3.54,Express,Venmo
3030,30,Male,Texas,No,Skirt,Clothing,56.86,Spring,M,Red,Yes,No,27,Bi-Weekly,3.54,Express,PayPal
3031,30,Male,Georgia,No,Sunglasses,Accessories,47.35,Winter,M,Gray,Yes,No,29,Bi-Weekly,3.19,Express,PayPal
3032,60,Male,Texas,No,Jewelry,Accessories,88.49,Summer,M,White,No,Yes,16,Annually,3.46,Express,Venmo
3033,69,Male,Arizona,No,Pants,Clothing,45.66,Fall,S,Brown,No,No,13,Bi-Weekly,3.89,Express,Debit Card
3034,35,Male,Montana,Yes,T-shirt,Clothing,75.66,Fall,L,Red,Yes,No,15,Monthly,4.29,Express,PayPal
3035,33,Male,Montana,No,Coat,Clothing,70.4,Summer,L,Brown,Yes,Yes,11,Weekly,4.17,Standard,Venmo
3036,35,Male,Georgia,No,Sweater,Clothing,76.18,Spring,S,Brown,Yes,No,18,Bi-Weekly,3.28,Express,Cash
3037,34,Male,Texas,Yes,Boots,Footwear,39.2,Spring,XL,Yellow,No,No,15,Weekly,4.59,Standard,Venmo
3038,39,Male,Georgia,No,Coat,Clothing,66.65,Spring,XL,Black,Yes,No,27,Weekly,3.71,Standard,Debit Card
3039,48,Female,Georgia,No,Sneakers,Footwear,43.92,Spring,XL,Purple,No,No,24,Annually,4.23,Express,Venmo
3040,65,Female,Ohio,No,Coat,Outerwear,19.37,Fall,XL,Red,No,No,11,Monthly,4.07,Express,Credit Card
3041,31,Male,Arizona,No,Pants,Clothing,63.36,Summer,L,Pink,Yes,No,25,Quarterly,4.38,Standard,Venmo
3042,45,Female,Texas,No,T-shirt,Clothing,78.9,Winter,M,Red,No,No,14,Annually,3.55,Express,Debit Card
3043,66,Female,Georgia,Yes,Sweater,Clothing,57.2,Winter,XL,Brown,No,Yes,28,Annually,3.6,Express,Credit Card
3044,35,Male,Florida,No,Coat,Outerwear,58.34,Winter,S,Blue,Yes,Yes,29,Bi-Weekly,4.0,Standard,PayPal
3045,42,Male,Georgia,No,Sunglasses,Accessories,68.99,Summer,XL,Pink,Yes,Yes,24,Weekly,3.89,Standard,Debit Card
3046,43,Male,New York,No,Belt,Accessories,57.26,Summer,M,Gray,No,Yes,17,Weekly,3.68,Standard,Venmo
3047,58,Male,Florida,No,Belt,Accessories,74.95,Spring,S,Black,No,No,30,Annually,3.51,Express,Venmo
3048,26,Male,California,No,Sandals,Footwear,58.86,Summer,L,Black,Yes,No,27,Quarterly,3.86,Express,Debit Card
3049,19,Male,New York,No,Sunglasses,Accessories,78.58,Winter,S,Blue,No,Yes,27,Annually,3.38,Standard,Cash
3050,69,Male,Montana,No,Coat,Outerwear,49.94,Fall,M,Green,No,No,30,Bi-Weekly,3.87,Express,Credit Card
3051,32,Female,Ohio,No,Coat,Clothing,45.42,Fall,M,Blue,Yes,No,13,Weekly,4.17,Express,PayPal
3052,69,Female,Texas,No,Dress,Clothing,58.5,Fall,M,White,No,No,24,Quarterly,3.78,Express,PayPal
3053,41,Male,Montana,No,Jewelry,Accessories,51.32,Winter,L,Yellow,No,No,17,Bi-Weekly,4.37,Express,Credit Card
3054,56,Female,California,No,Sandals,Footwear,96.51,Summer,XL,Pink,No,Yes,16,Bi-Weekly,3.82,Express,PayPal
3055,57,Male,Georgia,Yes,Sandals,Footwear,33.13,Fall,L,Blue,No,No,24,Annually,3.85,Express,Venmo
3056,30,Female,California,No,Scarf,Accessories,76.7,Fall,XL,Red,No,No,13,Monthly,3.57,Express,Credit Card
3057,20,Male,New York,No,Skirt,Clothing,57.69,Fall,L,Yellow,No,No,11,Quarterly,4.01,Express,Cash
3058,18,Female,Texas,No,Coat,Outerwear,49.77,Spring,L,Red,No,Yes,25,Annually,3.09,Express,Cash
3059,29,Male,Ohio,No,Dress,Clothing,80.66,Spring,S,Green,No,No,25,Quarterly,3.07,Express,PayPal
3060,69,Male,New York,Yes,Hoodie,Outerwear,44.68,Spring,S,Purple,No,No,23,Monthly,3.67,Express,Debit Card
3061,19,Male,Texas,No,Sweater,Clothing,49.82,Fall,M,Yellow,Yes,No,23,Quarterly,3.95,Express,Cash
3062,46,Male,Washington,No,Dress,Clothing,48.45,Spring,XL,Pink,No,No,18,Weekly,4.03,Express,Debit Card
3063,38,Female,Ohio,No,Hoodie,Outerwear,82.68,Fall,M,Black,No,No,30,Quarterly,4.05,Express,Venmo
3064,35,Female,Washington,No,Sandals,Footwear,71.66,Summer,L,Red,No,No,25,Quarterly,3.74,Express,Debit Card
3065,28,Male,Ohio,No,Jewelry,Accessories,84.12,Summer,XL,Purple,No,No,12,Annually,4.05,Express,Venmo
3066,69,Male,Arizona,Yes,Jacket,Outerwear,18.16,Fall,M,Blue,No,Yes,24,Monthly,3.96,Standard,Debit Card
3067,47,Male,Georgia,No,Sunglasses,Accessories,83.65,Summer,L,Yellow,No,No,30,Quarterly,3.97,Express,Credit Card
3068,25,Male,Ohio,No,Hoodie,Outerwear,50.53,Summer,L,Purple,No,No,15,Monthly,4.93,Express,Debit Card
3069,61,Female,Georgia,No,Dress,Clothing,74.85,Summer,L,Green,No,Yes,23,Quarterly,3.69,Express,Credit Card
3070,18,Male,New York,No,Blouse,Clothing,28.36,Fall,M,Pink,Yes,No,16,Monthly,3.95,Standard,Credit Card
3071,43,Male,Texas,No,Sunglasses,Accessories,67.09,Summer,M,Purple,No,No,27,Monthly,3.49,Express,PayPal
3072,18,Male,Arizona,No,Dress,Clothing,63.18,Summer,XL,White,No,No,13,Monthly,4.19,Express,Cash
3073,38,Female,Ohio,No,Shoes,Footwear,90.15,Summer,L,Gray,No,No,28,Bi-Weekly,3.92,Express,Credit Card
3074,51,Male,New York,Yes,Sandals,Footwear,57.68,Summer,L,Yellow,Yes,No,15,Quarterly,4.24,Express,PayPal
3075,39,Female,New York,Yes,Belt,Accessories,61.74,Winter,L,Red,No,Yes,21,Monthly,4.06,Standard,Venmo
3076,53,Male,Arizona,Yes,Coat,Clothing,62.46,Spring,L,Red,No,No,19,Weekly,3.56,Standard,PayPal
3077,63,Male,New York,Yes,Blouse,Clothing,73.56,Spring,XL,Gray,No,No,30,Bi-Weekly,3.32,Express,Credit Card
3078,54,Male,Florida,Yes,Jacket,Outerwear,64.55,Winter,M,Purple,No,No,23,Bi-Weekly,3.17,Express,Credit Card
3079,47,Female,New York,No,Hoodie,Outerwear,47.42,Summer,XL,Purple,No,Yes,23,Annually,4.57,Express,Debit Card
3080,31,Male,Arizona,No,Sandals,Footwear,46.5,Winter,XL,Green,No,No,15,Annually,4.84,Express,Venmo
3081,28,Male,Washington,No,Hoodie,Outerwear,38.71,Fall,L,Red,Yes,Yes,19,Quarterly,3.63,Express,Cash
3082,68,Male,Florida,No,Boots,Footwear,57.66,Fall,S,Green,No,No,27,Annually,3.29,Express,Cash
3083,23,Male,Washington,No,Pants,Clothing,61.85,Fall,S,Brown,Yes,No,22,Quarterly,3.62,Express,Credit Card
3084,25,Male,Ohio,No,Sandals,Footwear,76.08,Winter,M,Brown,No,No,29,Weekly,4.01,Express,PayPal
3085,23,Female,Florida,No,T-shirt,Clothing,63.58,Summer,S,Green,No,Yes,11,Monthly,2.69,Express,Debit Card
3086,41,Male,Arizona,No,Jewelry,Accessories,67.48,Spring,L,Pink,No,No,16,Annually,3.45,Express,Credit Card
3087,66,Male,Arizona,No,Coat,Clothing,47.19,Winter,XL,Blue,No,No,13,Quarterly,3.39,Standard,Credit Card
3088,50,Male,Georgia,No,Sneakers,Footwear,19.46,Fall,L,Red,No,No,19,Weekly,3.8,Express,PayPal
3089,22,Female,Washington,No,Pants,Clothing,88.68,Winter,S,Gray,No,No,24,Bi-Weekly,3.82,Express,Credit Card
3090,35,Male,Texas,No,Sunglasses,Accessories,100.47,Fall,L,White,No,No,16,Quarterly,2.96,Express,Venmo
3091,51,Male,Florida,No,Hoodie,Outerwear,28.06,Fall,S,Red,Yes,Yes,29,Weekly,3.87,Express,Credit Card
3092,31,Male,Florida,Yes,Blouse,Clothing,41.34,Spring,S,Black,Yes,No,12,Quarterly,3.38,Standard,Venmo
3093,64,Male,California,No,Jacket,Outerwear,31.43,Summer,S,Black,No,Yes,23,Bi-Weekly,3.45,Express,Venmo
3094,68,Female,California,Yes,Jacket,Outerwear,31.62,Spring,M,Yellow,No,No,19,Annually,3.62,Express,Debit Card
3095,53,Female,Washington,No,Sunglasses,Accessories,90.75,Fall,L,Pink,No,No,26,Quarterly,3.27,Express,PayPal
3096,32,Female,Florida,No,Coat,Outerwear,63.98,Spring,S,Brown,No,No,12,Monthly,3.55,Standard,Cash
3097,57,Male,New York,No,Sandals,Footwear,21.34,Fall,L,Black,No,No,17,Quarterly,3.71,Express,Credit Card
3098,68,Male,New York,Yes,Pants,Clothing,73.4,Spring,XL,Green,No,No,21,Monthly,3.92,Express,Cash
3099,60,Female,New York,No,Hoodie,Outerwear,58.43,Fall,M,White,No,No,14,Quarterly,3.37,Standard,PayPal
3100,54,Male,Illinois,Yes,Skirt,Clothing,79.89,Summer,S,Green,No,No,13,Monthly,3.03,Express,Venmo
3101,36,Male,Georgia,No,Coat,Outerwear,44.21,Winter,L,White,No,Yes,13,Weekly,3.2,Express,PayPal
3102,61,Male,Ohio,No,Jewelry,Accessories,60.89,Fall,S,Green,No,No,19,Weekly,2.85,Express,Cash
3103,50,Male,Ohio,No,Shirt,Clothing,36.21,Winter,L,Green,Yes,No,17,Monthly,3.77,Express,Debit Card
3104,31,Female,Montana,Yes,Sneakers,Footwear,77.81,Fall,M,Blue,No,Yes,27,Bi-Weekly,3.63,Express,Cash
3105,51,Male,Arizona,No,Dress,Clothing,60.68,Fall,S,Pink,No,Yes,12,Quarterly,3.36,Express,Debit Card
3106,65,Male,Texas,No,Skirt,Clothing,74.72,Summer,M,Blue,No,Yes,25,Quarterly,4.73,Express,PayPal
3107,21,Female,Georgia,No,T-shirt,Clothing,53.41,Fall,M,Pink,No,No,23,Quarterly,3.06,Standard,PayPal
3108,45,Female,Washington,No,Coat,Outerwear,58.96,Winter,L,Pink,Yes,Yes,13,Weekly,3.27,Express,Venmo
3109,40,Male,Texas,Yes,Sweater,Clothing,35.84,Fall,S,Gray,Yes,No,20,Annually,3.03,Express,Venmo
3110,41,Male,Georgia,No,Sunglasses,Accessories,68.94,Fall,XL,Brown,Yes,No,27,Annually,2.9,Express,PayPal
3111,44,Male,Washington,No,Skirt,Clothing,61.74,Spring,L,Pink,No,No,23,Annually,4.81,Express,Credit Card
3112,59,Male,Washington,Yes,Shirt,Clothing,80.58,Summer,L,Gray,No,No,30,Bi-Weekly,4.0,Standard,Venmo
3113,21,Male,California,No,Belt,Accessories,33.42,Fall,S,White,No,No,11,Monthly,3.65,Express,Debit Card
3114,47,Male,Illinois,Yes,T-shirt,Clothing,48.0,Summer,XL,Black,No,No,26,Annually,3.53,Express,Venmo
3115,66,Female,California,No,Sneakers,Footwear,49.31,Winter,L,Red,No,Yes,13,Monthly,3.86,Express,PayPal
3116,69,Male,Texas,No,Sandals,Footwear,94.1,Winter,M,White,No,No,19,Weekly,3.38,Express,Cash
3117,41,Female,Florida,No,Skirt,Clothing,44.79,Spring,M,Red,No,No,11,Monthly,3.44,Express,Cash
3118,66,Male,Georgia,Yes,Boots,Footwear,92.49,Spring,S,White,No,No,11,Bi-Weekly,2.59,Standard,Debit Card
3119,30,Male,Montana,No,Dress,Clothing,56.43,Fall,L,Brown,No,No,18,Weekly,3.49,Express,Cash
3120,60,Female,Texas,No,Sneakers,Footwear,108.9,Summer,L,Blue,Yes,Yes,27,Weekly,4.19,Express,Credit Card
3121,42,Male,Ohio,No,Shoes,Footwear,101.18,Spring,XL,Yellow,No,No,21,Annually,3.31,Express,Credit Card
3122,39,Male,Washington,Yes,Scarf,Accessories,45.1,Fall,L,White,No,No,16,Monthly,3.62,Standard,PayPal
3123,54,Female,Ohio,No,Sweater,Clothing,58.77,Winter,S,Yellow,No,No,24,Weekly,3.67,Express,Venmo
3124,34,Male,Ohio,Yes,Coat,Clothing,44.11,Spring,XL,Yellow,Yes,No,22,Weekly,3.01,Express,Credit Card
3125,67,Male,Texas,No,Hoodie,Outerwear,40.97,Fall,L,Red,No,No,25,Weekly,3.79,Express,Credit Card
3126,65,Female,California,No,T-shirt,Clothing,38.44,Spring,M,White,No,Yes,15,Monthly,4.05,Express,PayPal
3127,46,Male,Montana,Yes,Blouse,Clothing,65.04,Summer,M,Black,Yes,No,11,Quarterly,3.73,Express,Cash
3128,37,Male,Montana,No,Sandals,Footwear,66.67,Spring,M,Pink,No,No,25,Bi-Weekly,4.72,Standard,Venmo
3129,51,Male,New York,No,Belt,Accessories,74.87,Summer,S,Blue,No,No,24,Quarterly,3.81,Standard,PayPal
3130,32,Male,Ohio,No,Blouse,Clothing,45.51,Winter,XL,White,No,No,25,Monthly,3.98,Express,Cash
3131,61,Male,California,No,Sneakers,Footwear,72.8,Summer,L,Blue,No,No,21,Annually,3.6,Express,Cash
3132,36,Male,California,No,Boots,Footwear,52.89,Winter,M,Gray,Yes,No,24,Weekly,3.75,Express,PayPal
3133,42,Female,New York,No,Sneakers,Footwear,77.65,Winter,S,Green,No,No,19,Annually,3.51,Express,Cash
3134,35,Female,Florida,No,Dress,Clothing,105.85,Spring,S,Red,No,Yes,12,Weekly,4.08,Standard,PayPal
3135,34,Male,Arizona,No,Dress,Clothing,72.57,Summer,S,White,No,Yes,30,Monthly,3.2,Express,Cash
3136,40,Male,Georgia,Yes,Scarf,Accessories,43.8,Fall,XL,Gray,No,Yes,15,Annually,3.67,Standard,Venmo
3137,44,Male,Texas,No,Shirt,Clothing,15.0,Spring,L,Blue,No,Yes,30,Quarterly,4.18,Express,Venmo
3138,55,Male,Arizona,Yes,Coat,Clothing,55.02,Fall,S,Black,Yes,Yes,17,Weekly,3.59,Standard,Cash
3139,43,Male,Arizona,Yes,Sandals,Footwear,53.92,Winter,XL,Brown,No,Yes,27,Annually,3.84,Express,Debit Card
3140,25,Female,Montana,No,Scarf,Accessories,62.15,Summer,L,Black,No,No,26,Annually,3.99,Express,Debit Card
3141,42,Male,Arizona,No,Jewelry,Accessories,50.26,Fall,M,White,Yes,Yes,20,Bi-Weekly,3.91,Express,PayPal
3142,24,Female,Florida,No,Jacket,Outerwear,77.68,Fall,M,Black,No,No,27,Monthly,3.33,Express,PayPal
3143,62,Male,New York,No,Sunglasses,Accessories,69.27,Fall,M,Black,No,No,15,Monthly,3.44,Standard,Debit Card
3144,44,Male,Washington,No,Shirt,Clothing,55.56,Winter,L,Green,Yes,Yes,21,Annually,3.68,Express,Venmo
3145,48,Female,Illinois,Yes,Hoodie,Outerwear,36.4,Spring,L,Gray,No,No,11,Quarterly,3.45,Express,Venmo
3146,65,Female,California,No,Skirt,Clothing,52.49,Spring,S,Brown,No,No,27,Bi-Weekly,3.69,Express,Credit Card
3147,63,Male,Georgia,No,Pants,Clothing,100.22,Fall,M,Green,No,No,18,Monthly,3.9,Express,PayPal
3148,61,Male,New York,No,Hoodie,Outerwear,44.96,Spring,M,Green,No,No,21,Annually,3.75,Express,Cash
3149,38,Male,New York,No,Shoes,Footwear,45.57,Summer,L,Pink,No,Yes,11,Annually,3.27,Express,Credit Card
3150,64,Female,Ohio,No,Scarf,Accessories,41.83,Summer,L,Yellow,No,No,29,Quarterly,3.86,Express,Cash
3151,34,Female,New York,No,Shirt,Clothing,53.63,Spring,S,Green,No,Yes,15,Weekly,3.42,Express,Venmo
3152,45,Female,Montana,No,Coat,Clothing,90.97,Spring,XL,Green,No,No,18,Weekly,2.3,Express,Credit Card
3153,41,Male,Montana,Yes,Jewelry,Accessories,62.29,Fall,M,Black,No,Yes,16,Quarterly,3.93,Express,Venmo
3154,57,Male,Illinois,No,Shoes,Footwear,27.95,Spring,S,White,Yes,No,15,Annually,4.44,Express,Venmo
3155,64,Male,Montana,Yes,T-shirt,Clothing,23.81,Spring,XL,Yellow,No,Yes,16,Quarterly,3.98,Express,Credit Card
3156,26,Female,Arizona,No,Sweater,Clothing,19.33,Summer,S,Yellow,No,No,30,Quarterly,3.44,Express,Debit Card
3157,32,Female,Florida,No,Sneakers,Footwear,78.23,Summer,XL,Blue,No,No,20,Weekly,3.86,Express,Cash
3158,50,Male,Florida,No,Sweater,Clothing,52.3,Fall,XL,Yellow,No,Yes,21,Monthly,3.68,Express,Venmo
3159,55,Female,Ohio,No,Shirt,Clothing,67.52,Winter,L,Purple,No,No,27,Monthly,4.21,Express,Venmo
3160,53,Female,Illinois,No,Jacket,Outerwear,15.0,Summer,S,Purple,No,No,23,Bi-Weekly,3.61,Express,Credit Card
3161,22,Female,Ohio,No,Shirt,Clothing,58.31,Fall,XL,Pink,No,No,22,Monthly,3.32,Express,PayPal
3162,42,Male,Washington,Yes,Belt,Accessories,57.69,Fall,M,Purple,No,Yes,17,Bi-Weekly,3.3,Express,Credit Card
3163,55,Male,Ohio,Yes,Jewelry,Accessories,29.13,Fall,S,Black,No,No,12,Weekly,3.36,Express,Debit Card
3164,40,Male,Arizona,No,Pants,Clothing,50.62,Winter,M,Purple,Yes,No,14,Bi-Weekly,4.43,Standard,Credit Card
3165,38,Male,New York,No,Sandals,Footwear,55.15,Winter,XL,Yellow,No,Yes,28,Bi-Weekly,3.83,Express,Venmo
3166,60,Male,Ohio,Yes,Blouse,Clothing,80.39,Fall,S,Blue,No,No,16,Quarterly,3.85,Express,PayPal
3167,59,Male,Arizona,Yes,Pants,Clothing,57.3,Winter,S,Black,Yes,No,14,Monthly,4.31,Express,PayPal
3168,65,Male,Arizona,No,Jewelry,Accessories,53.33,Winter,M,Green,No,No,13,Monthly,3.4,Express,Debit Card
3169,61,Male,Florida,No,Belt,Accessories,28.8,Spring,S,Brown,No,No,17,Annually,4.11,Standard,Credit Card
3170,57,Male,Washington,Yes,Boots,Footwear,54.18,Summer,L,Red,No,No,23,Monthly,5.0,Express,Venmo
3171,54,Female,New York,No,Jewelry,Accessories,56.22,Summer,M,Brown,Yes,No,20,Bi-Weekly,3.03,Express,Credit Card
3172,40,Male,Montana,No,T-shirt,Clothing,94.44,Winter,M,Brown,No,Yes,24,Annually,4.33,Standard,Venmo
3173,23,Male,Illinois,No,Belt,Accessories,88.16,Spring,L,Brown,Yes,No,24,Quarterly,4.09,Express,PayPal
3174,28,Male,Arizona,No,Dress,Clothing,33.19,Fall,XL,Brown,No,No,17,Quarterly,3.37,Express,Venmo
3175,48,Male,Ohio,No,Hoodie,Outerwear,78.77,Summer,XL,Purple,No,No,21,Quarterly,4.95,Standard,Debit Card
3176,41,Male,Georgia,No,T-shirt,Clothing,81.04,Winter,M,Brown,No,Yes,14,Quarterly,3.26,Standard,Debit Card
3177,60,Male,New York,No,Scarf,Accessories,52.95,Spring,M,Brown,No,Yes,19,Quarterly,3.27,Express,PayPal
3178,33,Male,Illinois,No,Shoes,Footwear,71.51,Summer,L,Blue,No,Yes,30,Quarterly,4.0,Standard,Credit Card
3179,47,Male,Illinois,Yes,Sweater,Clothing,71.84,Spring,S,Purple,No,No,22,Bi-Weekly,3.8,Express,PayPal
3180,41,Male,Florida,Yes,Shoes,Footwear,66.72,Winter,S,Green,Yes,No,21,Annually,4.08,Express,Debit Card
3181,70,Male,Ohio,No,Shoes,Footwear,65.34,Spring,L,Pink,No,Yes,15,Weekly,3.96,Express,Credit Card
3182,65,Male,Washington,No,Sweater,Clothing,55.6,Summer,XL,White,Yes,No,14,Annually,3.45,Express,Debit Card
3183,18,Male,New York,No,Sunglasses,Accessories,103.48,Winter,S,Brown,No,No,11,Annually,3.6,Express,Credit Card
3184,50,Female,Illinois,Yes,Jewelry,Accessories,51.36,Winter,XL,Yellow,No,No,16,Quarterly,4.54,Express,Debit Card
3185,62,Male,Washington,No,Skirt,Clothing,61.76,Summer,S,Pink,No,No,14,Weekly,4.22,Express,Credit Card
3186,26,Male,Texas,No,Hoodie,Outerwear,59.51,Summer,S,Purple,No,Yes,15,Bi-Weekly,2.75,Express,Credit Card
3187,38,Male,Washington,No,Coat,Clothing,40.35,Spring,M,White,Yes,No,14,Bi-Weekly,4.27,Express,Debit Card
3188,31,Male,Florida,No,Sunglasses,Accessories,49.4,Winter,XL,Blue,No,No,13,Bi-Weekly,3.17,Express,Credit Card
3189,52,Male,Montana,No,Scarf,Accessories,76.83,Fall,S,Brown,No,No,29,Bi-Weekly,3.92,Express,PayPal
3190,70,Male,California,No,Jewelry,Accessories,65.68,Summer,S,Green,No,No,28,Bi-Weekly,3.26,Standard,Credit Card
3191,35,Male,Arizona,No,Sweater,Clothing,41.94,Winter,M,Brown,No,No,29,Quarterly,3.08,Express,Cash
3192,28,Male,California,No,Blouse,Clothing,58.7,Spring,XL,Brown,No,No,13,Monthly,2.99,Express,Credit Card
3193,32,Male,California,No,Sunglasses,Accessories,66.62,Fall,M,Green,No,No,12,Quarterly,3.79,Standard,Debit Card
3194,27,Female,Texas,Yes,Sunglasses,Accessories,26.69,Fall,M,Purple,No,No,22,Monthly,3.73,Standard,PayPal
3195,49,Male,California,Yes,Sunglasses,Accessories,74.24,Winter,S,Red,No,No,11,Quarterly,3.57,Express,PayPal
3196,68,Male,Illinois,No,Boots,Footwear,26.04,Summer,L,Black,No,Yes,24,Weekly,4.11,Express,Debit Card
3197,61,Male,Arizona,No,Sweater,Clothing,15.0,Spring,S,Black,No,No,28,Annually,3.58,Standard,Cash
3198,39,Female,Georgia,Yes,Dress,Clothing,38.05,Winter,S,Red,No,No,12,Monthly,3.36,Express,Venmo
3199,25,Female,Washington,No,Pants,Clothing,70.33,Winter,XL,Brown,No,No,12,Quarterly,4.53,Express,Debit Card
3200,56,Male,Texas,No,Pants,Clothing,77.58,Fall,S,Yellow,No,No,16,Weekly,3.42,Express,Venmo
3201,63,Male,California,No,Sweater,Clothing,30.73,Winter,S,Green,No,No,23,Annually,4.27,Express,Venmo
3202,54,Female,New York,Yes,Sandals,Footwear,69.75,Spring,XL,Gray,Yes,No,24,Monthly,4.05,Express,PayPal
3203,59,Female,California,No,Boots,Footwear,63.96,Fall,XL,Gray,Yes,No,15,Weekly,3.39,Express,Venmo
3204,59,Male,Montana,No,Jacket,Outerwear,41.16,Spring,M,Yellow,No,Yes,15,Bi-Weekly,2.81,Standard,Credit Card
3205,68,Male,Georgia,Yes,Pants,Clothing,67.96,Winter,M,White,No,Yes,11,Bi-Weekly,3.99,Standard,Venmo
3206,41,Male,Ohio,No,Sunglasses,Accessories,44.62,Spring,XL,Gray,Yes,Yes,27,Bi-Weekly,4.42,Express,PayPal
3207,20,Male,Illinois,No,Belt,Accessories,33.53,Spring,L,Black,No,Yes,22,Quarterly,3.51,Express,PayPal
3208,27,Male,Texas,Yes,Jewelry,Accessories,51.18,Summer,L,Yellow,No,No,29,Weekly,4.02,Express,Credit Card
3209,41,Female,New York,No,Shoes,Footwear,67.3,Winter,L,Pink,No,No,26,Quarterly,3.28,Express,Credit Card
3210,47,Male,New York,No,Belt,Accessories,47.04,Spring,L,Brown,No,Yes,28,Monthly,4.53,Express,Debit Card
3211,45,Male,Florida,Yes,Sandals,Footwear,49.22,Winter,M,Green,Yes,No,17,Monthly,3.0,Express,Credit Card
3212,39,Male,New York,Yes,Shoes,Footwear,55.45,Fall,XL,Green,No,No,26,Bi-Weekly,3.66,Express,Debit Card
3213,67,Female,California,Yes,Jacket,Outerwear,56.03,Summer,XL,Blue,No,Yes,26,Bi-Weekly,3.67,Express,Credit Card
3214,38,Male,Washington,No,Sweater,Clothing,72.26,Fall,S,Red,No,No,16,Quarterly,3.62,Express,Debit Card
3215,47,Male,Ohio,No,Pants,Clothing,40.03,Winter,L,Black,No,No,16,Quarterly,3.7,Express,Credit Card
3216,66,Male,Florida,No,Coat,Clothing,29.61,Winter,M,Gray,No,No,16,Weekly,4.68,Standard,Venmo
3217,33,Male,New York,No,Sweater,Clothing,60.76,Summer,M,Brown,No,Yes,14,Bi-Weekly,5.0,Express,PayPal
3218,52,Male,Ohio,No,Belt,Accessories,39.2,Winter,S,Pink,No,Yes,14,Quarterly,4.15,Express,PayPal
3219,62,Male,Ohio,No,Sneakers,Footwear,68.6,Summer,L,Purple,No,No,26,Monthly,3.1,Standard,Cash
3220,40,Male,Florida,Yes,Hoodie,Outerwear,24.17,Winter,L,White,No,Yes,19,Quarterly,3.94,Express,PayPal
3221,65,Male,Texas,No,Sweater,Clothing,65.92,Spring,M,Blue,Yes,No,28,Bi-Weekly,3.44,Express,Credit Card
3222,54,Female,Arizona,No,Jacket,Outerwear,58.42,Fall,XL,Purple,No,No,17,Monthly,2.94,Express,Cash
3223,23,Male,Florida,No,Sunglasses,Accessories,47.91,Fall,M,White,No,No,27,Annually,4.58,Express,PayPal
3224,52,Male,Washington,No,Belt,Accessories,77.0,Winter,XL,Purple,No,No,18,Bi-Weekly,3.97,Standard,Cash
3225,49,Female,Montana,Yes,T-shirt,Clothing,66.32,Spring,M,Black,No,Yes,24,Annually,3.28,Express,Cash
3226,45,Male,Montana,No,Dress,Clothing,87.4,Spring,S,Red,No,No,21,Bi-Weekly,3.91,Express,PayPal
3227,35,Male,Arizona,No,Pants,Clothing,55.95,Spring,M,Yellow,No,No,28,Monthly,4.19,Standard,Credit Card
3228,55,Male,Arizona,No,Sandals,Footwear,64.78,Winter,S,Gray,No,No,21,Quarterly,2.38,Express,Venmo
3229,69,Female,Montana,No,Shoes,Footwear,32.73,Fall,S,Brown,No,No,13,Monthly,3.69,Express,PayPal
3230,55,Male,California,Yes,Shirt,Clothing,59.8,Winter,XL,Red,Yes,No,25,Annually,2.37,Standard,Debit Card
3231,53,Male,Arizona,No,Dress,Clothing,47.86,Summer,M,Gray,Yes,Yes,30,Weekly,4.43,Express,PayPal
3232,59,Male,Ohio,No,Scarf,Accessories,49.01,Summer,S,Green,No,No,11,Monthly,3.17,Express,Debit Card
3233,69,Male,Arizona,No,Coat,Clothing,29.07,Winter,S,Brown,No,Yes,19,Weekly,3.01,Express,Credit Card
3234,51,Male,Washington,No,Sunglasses,Accessories,64.23,Spring,M,Gray,No,No,15,Monthly,3.48,Standard,Venmo
3235,48,Male,New York,No,Skirt,Clothing,37.78,Fall,XL,Gray,No,Yes,15,Monthly,3.76,Express,Debit Card
3236,19,Female,New York,No,Hoodie,Outerwear,66.15,Spring,L,Red,No,No,11,Weekly,3.32,Standard,Cash
3237,29,Male,Texas,No,Jewelry,Accessories,91.9,Summer,L,Blue,No,No,15,Quarterly,3.75,Standard,Cash
3238,54,Female,Illinois,No,Scarf,Accessories,70.86,Spring,M,Red,No,No,30,Monthly,4.29,Express,Venmo
3239,30,Male,Washington,Yes,Blouse,Clothing,36.57,Summer,L,Pink,No,No,13,Bi-Weekly,3.35,Express,Debit Card
3240,21,Female,Ohio,No,Shirt,Clothing,81.63,Winter,L,Black,No,Yes,27,Quarterly,3.52,Express,Cash
3241,19,Female,California,Yes,Scarf,Accessories,62.67,Fall,M,Brown,No,Yes,17,Quarterly,4.23,Express,Credit Card
3242,40,Male,New York,No,Coat,Outerwear,93.99,Fall,XL,Brown,Yes,No,21,Annually,3.27,Standard,Venmo
3243,44,Male,California,No,Sandals,Footwear,83.39,Winter,S,Gray,Yes,No,29,Weekly,3.85,Express,Credit Card
3244,20,Female,Texas,No,Boots,Footwear,24.29,Winter,S,Brown,No,No,12,Monthly,4.08,Express,Debit Card
3245,69,Male,California,No,Scarf,Accessories,38.87,Summer,L,Blue,No,No,19,Monthly,3.44,Express,Credit Card
3246,45,Male,Arizona,No,Shoes,Footwear,30.44,Fall,XL,Red,Yes,No,14,Quarterly,4.86,Express,Credit Card
3247,54,Female,Montana,No,Boots,Footwear,75.9,Spring,L,Red,No,No,30,Annually,3.3,Express,Debit Card
3248,47,Female,Texas,Yes,Belt,Accessories,38.55,Fall,S,Blue,No,No,18,Annually,2.8,Standard,Venmo
3249,67,Male,New York,No,Scarf,Accessories,58.24,Spring,M,White,No,No,14,Monthly,4.28,Express,Cash
3250,59,Male,New York,Yes,Boots,Footwear,60.15,Fall,M,Purple,No,No,25,Bi-Weekly,3.37,Express,PayPal
3251,62,Female,Arizona,Yes,Blouse,Clothing,65.53,Summer,S,Gray,No,No,20,Bi-Weekly,4.12,Express,PayPal
3252,52,Female,Ohio,Yes,Boots,Footwear,66.15,Summer,M,Black,Yes,No,16,Monthly,4.21,Express,Cash
3253,51,Male,Montana,No,T-shirt,Clothing,64.47,Summer,M,Green,No,No,15,Monthly,3.69,Standard,PayPal
3254,31,Female,Florida,No,Sandals,Footwear,51.88,Spring,XL,Yellow,No,No,15,Monthly,3.4,Express,Cash
3255,21,Male,Ohio,Yes,Jacket,Outerwear,40.16,Spring,M,Brown,No,No,20,Weekly,4.19,Standard,Venmo
3256,44,Male,Washington,No,Sunglasses,Accessories,52.35,Summer,XL,Black,No,No,11,Monthly,2.4,Express,Debit Card
3257,43,Male,California,No,Pants,Clothing,49.85,Spring,S,Pink,No,Yes,16,Weekly,4.08,Express,Debit Card
3258,23,Male,Washington,Yes,Sneakers,Footwear,87.15,Summer,S,Blue,No,No,11,Monthly,4.47,Express,Credit Card
3259,19,Male,Florida,No,Skirt,Clothing,78.37,Spring,S,Red,No,No,21,Bi-Weekly,3.4,Express,Credit Card
3260,55,Male,Ohio,No,Belt,Accessories,48.1,Spring,M,White,No,Yes,15,Bi-Weekly,3.55,Standard,Cash
3261,29,Male,Washington,No,Shirt,Clothing,52.75,Summer,S,Pink,Yes,Yes,25,Annually,4.7,Standard,Venmo
3262,59,Male,Florida,Yes,Dress,Clothing,63.82,Winter,XL,Blue,No,No,16,Weekly,3.77,Standard,Venmo
3263,51,Male,California,No,Jewelry,Accessories,74.23,Fall,L,White,No,No,16,Annually,3.8,Standard,Credit Card
3264,23,Male,Arizona,Yes,Scarf,Accessories,78.01,Spring,S,Purple,No,No,30,Annually,4.48,Standard,PayPal
3265,44,Female,Montana,No,T-shirt,Clothing,59.52,Winter,L,Pink,No,No,25,Quarterly,4.2,Standard,Venmo
3266,40,Female,California,No,Pants,Clothing,60.81,Spring,L,Pink,Yes,No,28,Quarterly,3.68,Express,PayPal
3267,20,Male,Arizona,Yes,Skirt,Clothing,68.83,Winter,M,Brown,Yes,No,18,Quarterly,4.63,Express,Credit Card
3268,35,Male,Georgia,Yes,T-shirt,Clothing,110.0,Spring,S,Blue,Yes,No,17,Quarterly,4.17,Express,Cash
3269,70,Female,New York,No,Coat,Outerwear,45.24,Fall,M,Pink,No,No,14,Bi-Weekly,2.93,Express,PayPal
3270,31,Female,Texas,No,Boots,Footwear,81.35,Winter,XL,Purple,Yes,No,13,Quarterly,4.73,Express,Cash
3271,28,Female,Illinois,No,Pants,Clothing,90.83,Winter,XL,Blue,Yes,Yes,15,Bi-Weekly,3.39,Standard,Venmo
3272,26,Female,Georgia,No,Boots,Footwear,60.68,Spring,L,White,No,No,15,Quarterly,3.64,Standard,Credit Card
3273,48,Female,California,No,Sandals,Footwear,24.53,Spring,S,Yellow,Yes,No,26,Monthly,3.44,Express,PayPal
3274,56,Male,New York,No,Shoes,Footwear,66.13,Winter,L,Red,No,No,13,Annually,4.33,Express,PayPal
3275,29,Female,Montana,No,Scarf,Accessories,15.0,Summer,XL,Red,No,Yes,28,Bi-Weekly,3.75,Express,Venmo
3276,23,Male,Georgia,No,Jacket,Outerwear,52.57,Summer,L,Blue,Yes,No,22,Quarterly,3.21,Express,Cash
3277,44,Male,California,No,Shirt,Clothing,47.0,Summer,S,Pink,No,No,18,Monthly,3.59,Express,Cash
3278,66,Female,Texas,No,Shirt,Clothing,64.36,Summer,L,White,No,No,27,Annually,3.69,Standard,PayPal
3279,44,Male,Ohio,No,Sneakers,Footwear,26.19,Summer,L,Pink,No,No,16,Annually,3.5,Express,Venmo
3280,39,Male,California,No,Coat,Outerwear,73.89,Fall,S,White,No,No,28,Quarterly,3.83,Express,Venmo
3281,40,Male,Arizona,No,Skirt,Clothing,64.53,Winter,S,Blue,No,No,12,Bi-Weekly,3.27,Express,Venmo
3282,24,Female,Washington,Yes,Skirt,Clothing,64.9,Winter,XL,Gray,Yes,No,20,Annually,3.28,Express,Debit Card
3283,55,Male,Texas,No,Jewelry,Accessories,56.9,Summer,L,White,No,No,16,Weekly,4.07,Express,Cash
3284,55,Male,Washington,No,Boots,Footwear,67.08,Fall,S,Purple,No,No,17,Monthly,3.83,Express,Debit Card
3285,47,Female,Arizona,No,Sweater,Clothing,56.57,Spring,M,Gray,No,Yes,15,Quarterly,4.17,Express,Credit Card
3286,55,Male,Florida,Yes,Sneakers,Footwear,42.81,Spring,L,Green,No,No,25,Quarterly,3.89,Express,Venmo
3287,33,Female,Florida,Yes,Sunglasses,Accessories,68.64,Winter,XL,Green,Yes,Yes,28,Weekly,4.52,Express,Cash
3288,35,Male,Illinois,No,Pants,Clothing,45.46,Winter,XL,Purple,No,No,12,Bi-Weekly,3.28,Express,PayPal
3289,69,Female,Georgia,No,Jewelry,Accessories,42.8,Spring,M,Green,No,No,18,Annually,2.7,Express,Cash
3290,57,Male,Washington,No,Coat,Clothing,52.63,Spring,XL,Blue,No,Yes,16,Monthly,3.87,Express,Credit Card
3291,64,Male,Ohio,No,Jacket,Outerwear,82.9,Winter,XL,Red,No,No,14,Bi-Weekly,2.57,Express,Venmo
3292,21,Male,Georgia,No,Shirt,Clothing,49.48,Fall,L,Blue,No,No,14,Quarterly,4.39,Express,Debit Card
3293,25,Male,Ohio,No,Boots,Footwear,83.91,Summer,L,Blue,No,Yes,26,Bi-Weekly,3.83,Standard,Credit Card
3294,33,Female,Arizona,No,Coat,Clothing,88.45,Spring,XL,Yellow,No,No,28,Quarterly,3.47,Express,Credit Card
3295,42,Female,Texas,Yes,Blouse,Clothing,17.65,Winter,M,Pink,No,No,13,Monthly,4.03,Express,Credit Card
3296,38,Male,Ohio,No,Blouse,Clothing,81.09,Fall,S,Black,No,Yes,16,Weekly,4.26,Standard,Credit Card
3297,39,Female,Montana,No,T-shirt,Clothing,43.63,Winter,S,Purple,No,No,25,Bi-Weekly,3.56,Standard,Cash
3298,36,Male,Arizona,Yes,Dress,Clothing,93.77,Summer,XL,Purple,No,Yes,20,Bi-Weekly,4.06,Express,Debit Card
3299,28,Female,Florida,Yes,Shoes,Footwear,29.21,Summer,XL,Purple,No,No,29,Quarterly,2.6,Standard,PayPal
3300,63,Male,Washington,Yes,Jacket,Outerwear,66.98,Fall,L,Yellow,Yes,No,25,Annually,3.35,Express,Venmo
3301,20,Male,Washington,No,Hoodie,Outerwear,15.0,Fall,S,Red,Yes,No,23,Annually,4.24,Standard,Venmo
3302,49,Male,California,No,Scarf,Accessories,15.0,Summer,M,Blue,No,No,12,Weekly,3.35,Express,Cash
3303,69,Male,Illinois,No,Sweater,Clothing,58.32,Fall,M,Yellow,No,No,26,Monthly,3.49,Standard,PayPal
3304,62,Male,California,No,Jewelry,Accessories,82.59,Winter,L,Pink,No,No,29,Bi-Weekly,3.44,Express,PayPal
3305,55,Male,New York,No,Skirt,Clothing,46.8,Summer,L,White,No,No,23,Annually,3.72,Express,Venmo
3306,67,Male,Florida,No,Jacket,Outerwear,39.8,Fall,M,White,No,Yes,19,Weekly,4.99,Express,Debit Card
3307,41,Male,California,No,Coat,Clothing,61.69,Spring,XL,Green,No,No,14,Monthly,4.28,Express,Cash
3308,18,Male,New York,No,Hoodie,Outerwear,91.65,Summer,L,Purple,No,No,23,Quarterly,4.42,Express,Debit Card
3309,49,Male,California,No,Jewelry,Accessories,41.92,Winter,L,Brown,No,No,22,Monthly,3.89,Standard,Debit Card
3310,65,Male,Montana,No,Hoodie,Outerwear,94.31,Spring,XL,Gray,No,No,12,Monthly,3.45,Express,PayPal
3311,69,Male,Ohio,No,Jewelry,Accessories,57.05,Summer,M,Yellow,No,Yes,25,Bi-Weekly,4.52,Express,Credit Card
3312,63,Male,Illinois,Yes,Jacket,Outerwear,59.0,Summer,S,Purple,No,Yes,23,Monthly,4.31,Express,Venmo
3313,57,Male,Illinois,No,Coat,Clothing,77.97,Fall,M,Red,No,No,18,Annually,3.56,Standard,PayPal
3314,56,Male,Georgia,Yes,Jewelry,Accessories,77.94,Summer,S,Red,Yes,Yes,24,Annually,3.75,Express,Cash
3315,67,Male,Florida,No,Jewelry,Accessories,15.0,Winter,M,Blue,Yes,No,13,Annually,3.83,Standard,PayPal
3316,21,Male,Georgia,No,Coat,Clothing,61.01,Summer,XL,Brown,No,Yes,19,Bi-Weekly,4.08,Express,PayPal
3317,52,Male,Montana,Yes,Sneakers,Footwear,88.64,Winter,XL,Pink,Yes,Yes,18,Annually,2.94,Standard,Credit Card
3318,42,Male,Florida,No,Skirt,Clothing,36.05,Summer,L,Gray,No,No,17,Weekly,4.1,Standard,Cash
3319,48,Male,Georgia,No,Sunglasses,Accessories,74.5,Winter,S,Blue,No,No,11,Annually,3.13,Express,Venmo
3320,39,Male,New York,No,Sneakers,Footwear,26.55,Spring,L,Brown,Yes,Yes,25,Quarterly,4.1,Express,Credit Card
3321,29,Male,Arizona,No,Sweater,Clothing,57.76,Fall,M,Blue,No,No,30,Quarterly,3.68,Standard,Cash
3322,70,Male,California,No,Belt,Accessories,70.65,Summer,L,Green,Yes,No,18,Annually,2.98,Express,Credit Card
3323,32,Female,Georgia,No,T-shirt,Clothing,51.44,Winter,M,Blue,No,No,13,Weekly,4.16,Express,Cash
3324,54,Male,Florida,No,Shoes,Footwear,46.53,Spring,L,Green,No,Yes,28,Monthly,4.14,Express,Venmo
3325,55,Male,Florida,Yes,T-shirt,Clothing,74.5,Spring,M,Blue,No,No,12,Quarterly,4.15,Standard,Debit Card
3326,38,Male,California,No,Belt,Accessories,84.73,Spring,M,Pink,Yes,Yes,15,Quarterly,3.33,Standard,Credit Card
3327,62,Male,Arizona,Yes,Jewelry,Accessories,80.41,Fall,M,Brown,Yes,Yes,26,Weekly,4.33,Express,Debit Card
3328,40,Male,Montana,Yes,Sneakers,Footwear,52.7,Spring,M,White,No,Yes,14,Annually,3.12,Standard,Venmo
3329,65,Male,Washington,No,Sandals,Footwear,55.02,Winter,M,Black,No,No,26,Monthly,4.01,Standard,Venmo
3330,64,Male,Arizona,No,Scarf,Accessories,51.7,Winter,M,Brown,Yes,Yes,23,Annually,3.86,Standard,Debit Card
3331,37,Male,Georgia,No,Blouse,Clothing,92.03,Winter,L,Gray,No,No,21,Quarterly,3.8,Express,Debit Card
3332,44,Male,California,No,Belt,Accessories,66.92,Summer,M,Yellow,Yes,No,27,Annually,3.79,Standard,Credit Card
3333,23,Male,Florida,Yes,Jacket,Outerwear,39.67,Spring,S,Green,No,No,23,Bi-Weekly,4.28,Express,Venmo
3334,28,Male,Ohio,Yes,Pants,Clothing,37.6,Summer,M,Yellow,Yes,Yes,29,Weekly,3.34,Express,Venmo
3335,19,Male,Arizona,No,Scarf,Accessories,19.15,Spring,L,Pink,No,No,13,Annually,3.67,Express,PayPal
3336,26,Male,Montana,No,Sandals,Footwear,42.0,Fall,XL,White,No,No,19,Weekly,3.47,Express,Debit Card
3337,57,Male,Georgia,Yes,Boots,Footwear,52.2,Summer,S,Green,No,No,26,Monthly,3.22,Express,PayPal
3338,43,Female,Ohio,No,Coat,Outerwear,58.17,Winter,XL,Blue,Yes,No,27,Quarterly,3.46,Express,Debit Card
3339,31,Male,Illinois,No,Hoodie,Outerwear,58.89,Spring,XL,Blue,No,No,17,Monthly,4.47,Express,PayPal
3340,58,Female,Montana,No,Scarf,Accessories,46.92,Summer,M,Pink,Yes,Yes,20,Bi-Weekly,3.18,Standard,Venmo
3341,65,Male,Texas,No,Shoes,Footwear,84.69,Summer,M,Blue,No,No,30,Weekly,4.52,Express,PayPal
3342,68,Female,Florida,No,Sweater,Clothing,93.07,Spring,M,Gray,No,No,29,Annually,4.09,Express,Credit Card
3343,26,Female,Arizona,No,Sandals,Footwear,55.92,Winter,L,Green,No,No,12,Bi-Weekly,3.7,Express,Venmo
3344,47,Male,Texas,No,Skirt,Clothing,74.89,Summer,XL,Brown,No,No,24,Quarterly,3.88,Express,PayPal
3345,33,Male,Ohio,No,Hoodie,Outerwear,58.3,Summer,S,Pink,Yes,Yes,29,Quarterly,3.56,Express,PayPal
3346,68,Male,Texas,No,Shirt,Clothing,61.44,Winter,XL,White,No,No,23,Annually,3.56,Express,Cash
3347,41,Male,Montana,No,Scarf,Accessories,72.79,Fall,S,Gray,No,No,23,Quarterly,3.2,Standard,Debit Card
3348,67,Female,New York,No,Skirt,Clothing,78.31,Fall,S,Black,No,No,23,Bi-Weekly,3.51,Express,Cash
3349,32,Female,Montana,Yes,Jewelry,Accessories,44.56,Spring,L,Brown,No,No,14,Quarterly,2.97,Express,Cash
3350,67,Female,Illinois,No,Shoes,Footwear,50.11,Spring,M,Blue,No,Yes,19,Quarterly,3.72,Express,Cash
3351,40,Female,Georgia,No,Sneakers,Footwear,52.03,Spring,M,Green,No,No,22,Annually,2.96,Standard,Cash
3352,69,Female,Ohio,No,Sunglasses,Accessories,24.94,Summer,M,White,No,No,15,Quarterly,3.15,Express,Credit Card
3353,20,Female,Florida,Yes,Sandals,Footwear,53.33,Fall,XL,White,No,No,13,Monthly,3.7,Express,Credit Card
3354,63,Male,Florida,No,Scarf,Accessories,59.87,Summer,S,Brown,No,No,13,Monthly,4.26,Standard,Credit Card
3355,68,Male,Ohio,Yes,Coat,Outerwear,68.74,Spring,XL,Brown,Yes,No,12,Annually,4.26,Standard,Venmo
3356,57,Male,Ohio,Yes,Coat,Clothing,92.7,Fall,M,Yellow,Yes,No,28,Bi-Weekly,3.64,Standard,Debit Card
3357,36,Female,Arizona,No,Jacket,Outerwear,84.11,Fall,M,Green,No,No,28,Monthly,3.94,Express,Cash
3358,56,Female,New York,No,Skirt,Clothing,15.0,Spring,M,Pink,No,No,16,Weekly,2.48,Express,Cash
3359,25,Female,Georgia,No,Belt,Accessories,34.52,Summer,L,Blue,No,No,14,Annually,4.59,Express,Debit Card
3360,60,Male,Illinois,Yes,Jewelry,Accessories,49.96,Fall,M,Gray,Yes,No,27,Annually,4.16,Standard,Venmo
3361,41,Female,Illinois,No,Skirt,Clothing,60.51,Winter,XL,Red,No,No,30,Annually,3.87,Standard,Venmo
3362,67,Male,Illinois,No,Jewelry,Accessories,55.98,Winter,L,Red,Yes,No,21,Bi-Weekly,4.17,Express,Cash
3363,36,Male,Arizona,No,Dress,Clothing,59.57,Summer,L,Blue,No,No,15,Quarterly,3.73,Express,PayPal
3364,45,Male,Ohio,No,Blouse,Clothing,46.07,Fall,M,Brown,No,No,25,Bi-Weekly,4.76,Express,Debit Card
3365,66,Male,Ohio,No,Boots,Footwear,26.96,Winter,S,Brown,No,Yes,14,Bi-Weekly,4.15,Standard,Venmo
3366,18,Male,Montana,Yes,Skirt,Clothing,95.66,Summer,S,Yellow,No,No,20,Weekly,3.17,Express,Venmo
3367,35,Male,Florida,No,Sandals,Footwear,43.56,Fall,M,White,No,No,11,Monthly,4.11,Express,PayPal
3368,24,Female,Ohio,No,Belt,Accessories,35.96,Fall,XL,Gray,Yes,No,27,Weekly,2.86,Express,Cash
3369,50,Male,New York,No,Scarf,Accessories,68.62,Winter,L,Yellow,No,No,29,Weekly,3.65,Express,PayPal
3370,39,Male,Illinois,Yes,Blouse,Clothing,95.59,Winter,S,Red,No,Yes,18,Bi-Weekly,2.93,Standard,PayPal
3371,36,Male,California,No,Scarf,Accessories,77.76,Fall,S,Purple,No,Yes,29,Bi-Weekly,4.37,Express,Venmo
3372,66,Male,Texas,No,Sandals,Footwear,43.97,Winter,S,Purple,No,Yes,25,Annually,2.18,Express,Debit Card
3373,49,Male,Texas,No,Shirt,Clothing,44.06,Spring,M,Red,No,No,22,Quarterly,3.0,Express,Debit Card
3374,67,Female,Montana,No,Shoes,Footwear,65.49,Fall,L,Green,No,Yes,27,Monthly,4.75,Express,Credit Card
3375,41,Female,Georgia,Yes,Belt,Accessories,101.86,Fall,S,Black,Yes,No,16,Weekly,3.76,Express,Cash
3376,36,Male,Arizona,Yes,Sneakers,Footwear,52.71,Summer,M,Red,No,No,12,Monthly,3.37,Express,Cash
3377,44,Female,New York,No,Coat,Clothing,78.55,Winter,L,Yellow,No,No,14,Quarterly,4.21,Express,Cash
3378,39,Female,Texas,Yes,Sneakers,Footwear,63.19,Summer,S,Yellow,No,No,24,Quarterly,4.1,Standard,Debit Card
3379,52,Female,Washington,No,Sunglasses,Accessories,72.99,Summer,S,Pink,No,Yes,17,Annually,3.64,Express,Credit Card
3380,68,Female,Illinois,No,Sweater,Clothing,52.68,Fall,XL,Black,No,No,29,Annually,3.25,Express,Debit Card
3381,65,Male,Florida,No,Shirt,Clothing,15.0,Summer,L,Black,No,No,18,Quarterly,3.84,Express,Credit Card
3382,45,Male,Georgia,No,Scarf,Accessories,89.87,Winter,L,Red,No,No,14,Bi-Weekly,3.85,Express,Credit Card
3383,18,Male,California,No,Blouse,Clothing,96.6,Spring,S,Yellow,No,Yes,12,Weekly,4.81,Express,PayPal
3384,62,Male,New York,No,T-shirt,Clothing,61.95,Winter,M,Pink,Yes,Yes,13,Monthly,4.23,Standard,Cash
3385,47,Male,Washington,No,Coat,Outerwear,70.89,Spring,S,Blue,No,Yes,12,Weekly,4.23,Express,Cash
3386,27,Male,Texas,No,Sweater,Clothing,52.73,Spring,L,Yellow,Yes,No,13,Weekly,4.25,Standard,PayPal
3387,48,Female,Texas,No,Shirt,Clothing,61.76,Summer,L,White,No,No,12,Monthly,4.27,Express,Venmo
3388,21,Male,Illinois,No,Skirt,Clothing,46.49,Fall,L,Brown,No,No,15,Bi-Weekly,3.64,Express,Debit Card
3389,55,Male,Illinois,No,Hoodie,Outerwear,54.28,Summer,M,Yellow,No,Yes,16,Annually,4.2,Standard,Debit Card
3390,36,Male,Georgia,No,Hoodie,Outerwear,64.36,Fall,S,Brown,No,No,23,Annually,3.1,Express,PayPal
3391,70,Female,Arizona,No,Coat,Clothing,69.1,Winter,XL,Gray,Yes,Yes,30,Bi-Weekly,3.97,Express,Credit Card
3392,49,Male,California,Yes,Boots,Footwear,53.29,Summer,M,Gray,No,No,27,Weekly,3.51,Standard,Venmo
3393,66,Male,Washington,No,Shirt,Clothing,49.54,Summer,M,Gray,No,No,25,Monthly,3.91,Express,Cash
3394,50,Male,New York,No,Hoodie,Outerwear,49.11,Summer,S,Purple,No,No,19,Quarterly,4.11,Standard,Venmo
3395,19,Male,Georgia,No,Sweater,Clothing,25.73,Fall,L,Blue,No,No,14,Monthly,4.41,Express,Debit Card
3396,59,Male,Montana,No,Coat,Outerwear,49.06,Fall,L,White,No,Yes,28,Weekly,3.29,Express,Venmo
3397,25,Female,Texas,No,Jewelry,Accessories,46.94,Spring,M,Gray,No,No,30,Quarterly,4.44,Express,Credit Card
3398,66,Female,Washington,Yes,Sunglasses,Accessories,81.22,Spring,S,Gray,No,Yes,16,Monthly,2.73,Standard,PayPal
3399,34,Male,California,No,Scarf,Accessories,75.0,Spring,XL,Purple,No,Yes,19,Monthly,3.33,Express,PayPal
3400,42,Female,California,Yes,Jewelry,Accessories,47.74,Summer,S,Purple,No,No,25,Bi-Weekly,3.5,Express,Debit Card
3401,61,Male,Illinois,No,Sneakers,Footwear,49.69,Winter,XL,Purple,No,No,23,Bi-Weekly,3.7,Standard,PayPal
3402,64,Female,Washington,No,Jacket,Outerwear,56.49,Spring,L,Blue,No,No,22,Bi-Weekly,4.01,Express,Venmo
3403,69,Male,Arizona,Yes,Sunglasses,Accessories,45.0,Spring,S,White,No,Yes,13,Annually,4.03,Express,Credit Card
3404,23,Male,California,No,Scarf,Accessories,57.77,Fall,M,Pink,No,No,19,Weekly,3.22,Standard,Venmo
3405,34,Male,Arizona,No,Skirt,Clothing,82.36,Summer,M,Gray,Yes,No,29,Monthly,3.54,Express,Debit Card
3406,63,Male,Illinois,No,Sneakers,Footwear,54.26,Fall,XL,Green,No,No,28,Monthly,2.99,Express,Cash
3407,36,Male,New York,Yes,Jewelry,Accessories,69.91,Spring,M,Red,Yes,Yes,14,Bi-Weekly,3.33,Express,Debit Card
3408,69,Male,Florida,No,Sunglasses,Accessories,79.54,Fall,L,Black,No,Yes,11,Annually,3.85,Express,Credit Card
3409,28,Male,California,No,Pants,Clothing,45.67,Winter,XL,Blue,No,No,20,Weekly,3.77,Express,Cash
3410,53,Male,Georgia,No,Sweater,Clothing,23.46,Spring,S,White,No,Yes,20,Bi-Weekly,4.44,Express,Cash
3411,65,Male,Illinois,No,Sandals,Footwear,63.65,Summer,S,Blue,No,No,25,Monthly,3.4,Express,Debit Card
3412,25,Male,Texas,No,Sweater,Clothing,110.0,Spring,L,Blue,No,Yes,13,Quarterly,3.31,Express,PayPal
3413,64,Male,Illinois,Yes,Skirt,Clothing,23.8,Spring,XL,Brown,Yes,No,15,Bi-Weekly,4.56,Express,Debit Card
3414,51,Female,New York,Yes,Jewelry,Accessories,66.95,Spring,S,Blue,Yes,No,15,Annually,3.63,Standard,Debit Card
3415,24,Female,Ohio,Yes,Boots,Footwear,24.6,Winter,S,Green,No,Yes,15,Quarterly,3.84,Express,Venmo
3416,23,Female,Texas,Yes,Blouse,Clothing,98.55,Spring,S,Red,No,No,20,Annually,3.59,Express,PayPal
3417,57,Male,California,No,Sunglasses,Accessories,84.53,Summer,S,White,No,Yes,29,Quarterly,5.0,Express,Credit Card
3418,51,Male,California,No,Belt,Accessories,56.54,Fall,S,Black,No,No,27,Quarterly,2.99,Express,Venmo
3419,65,Female,Ohio,No,Hoodie,Outerwear,70.45,Fall,L,Pink,Yes,No,13,Bi-Weekly,4.13,Express,Debit Card
3420,64,Female,Montana,No,Coat,Outerwear,81.59,Winter,M,Red,No,No,22,Bi-Weekly,3.66,Standard,Venmo
3421,39,Female,Montana,No,Sunglasses,Accessories,55.03,Winter,S,Brown,Yes,No,15,Annually,3.78,Express,PayPal
3422,65,Male,Montana,No,Shirt,Clothing,61.12,Winter,S,Purple,Yes,Yes,21,Bi-Weekly,3.34,Express,Debit Card
3423,63,Male,Texas,No,Jacket,Outerwear,39.45,Winter,M,Red,No,No,21,Quarterly,3.49,Express,Venmo
3424,69,Female,Montana,No,T-shirt,Clothing,50.31,Summer,S,Red,No,No,25,Bi-Weekly,3.89,Express,Credit Card
3425,39,Female,Washington,No,Hoodie,Outerwear,58.02,Summer,M,Green,No,No,26,Bi-Weekly,3.42,Express,PayPal
3426,33,Male,Washington,No,Scarf,Accessories,81.05,Spring,M,White,No,Yes,15,Quarterly,4.06,Express,Credit Card
3427,48,Male,Montana,No,Sneakers,Footwear,37.57,Spring,S,Green,No,No,21,Weekly,4.4,Standard,Cash
3428,24,Male,Montana,No,Sweater,Clothing,49.25,Spring,M,Pink,No,No,25,Monthly,3.84,Express,PayPal
3429,53,Female,Texas,No,Dress,Clothing,83.81,Summer,L,Brown,No,No,12,Weekly,4.2,Express,Debit Card
3430,64,Female,Montana,No,Coat,Clothing,77.25,Winter,S,Black,Yes,No,28,Annually,4.04,Express,Debit Card
3431,40,Male,Georgia,Yes,Shirt,Clothing,97.92,Winter,M,Yellow,Yes,Yes,17,Weekly,3.53,Express,Debit Card
3432,30,Male,Florida,Yes,Sweater,Clothing,77.42,Winter,XL,White,No,No,13,Bi-Weekly,3.44,Express,PayPal
3433,45,Female,California,No,Boots,Footwear,21.61,Summer,S,Yellow,No,No,26,Monthly,2.84,Express,Debit Card
3434,20,Male,Florida,Yes,Hoodie,Outerwear,43.54,Winter,L,Brown,No,Yes,26,Weekly,3.7,Standard,Credit Card
3435,45,Male,Florida,No,Blouse,Clothing,44.78,Fall,M,Red,No,No,16,Quarterly,4.29,Express,Cash
3436,29,Female,Arizona,No,Shirt,Clothing,98.03,Spring,L,Pink,No,No,27,Bi-Weekly,4.26,Express,Venmo
3437,20,Female,Washington,No,Sneakers,Footwear,60.17,Winter,S,White,No,No,26,Quarterly,3.53,Express,PayPal
3438,35,Female,Illinois,No,Jacket,Outerwear,69.69,Spring,L,White,Yes,Yes,22,Quarterly,3.59,Express,Venmo
3439,50,Male,California,Yes,Sunglasses,Accessories,30.75,Fall,S,Purple,Yes,Yes,21,Monthly,3.85,Standard,Cash
3440,23,Male,Montana,No,Hoodie,Outerwear,104.37,Summer,S,Purple,Yes,No,19,Quarterly,3.04,Express,Cash
3441,63,Female,Arizona,No,Sandals,Footwear,47.09,Winter,S,Green,No,Yes,27,Monthly,3.69,Express,Venmo
3442,57,Female,Washington,No,Belt,Accessories,51.7,Summer,M,Purple,No,No,12,Bi-Weekly,3.19,Express,Cash
3443,20,Male,Illinois,Yes,Sneakers,Footwear,99.1,Summer,S,Yellow,No,No,20,Monthly,4.0,Express,PayPal
3444,27,Male,Arizona,No,Blouse,Clothing,50.36,Winter,XL,Red,No,No,15,Weekly,2.69,Express,Cash
3445,30,Male,Illinois,No,Sweater,Clothing,69.06,Fall,S,Blue,No,Yes,19,Weekly,3.92,Express,Venmo
3446,26,Male,Ohio,No,Shirt,Clothing,62.94,Fall,S,Gray,No,No,26,Weekly,3.18,Express,Venmo
3447,47,Male,Georgia,No,Shirt,Clothing,56.04,Winter,L,Black,No,Yes,14,Annually,3.83,Express,PayPal
3448,65,Female,Arizona,No,Sunglasses,Accessories,27.71,Spring,S,Yellow,No,Yes,13,Monthly,3.3,Express,Debit Card
3449,21,Female,Arizona,No,T-shirt,Clothing,78.52,Spring,L,White,Yes,No,26,Annually,3.49,Express,PayPal
3450,68,Male,Georgia,No,Scarf,Accessories,44.18,Winter,M,Gray,Yes,Yes,29,Quarterly,3.63,Express,Cash
3451,48,Male,Georgia,Yes,Shirt,Clothing,42.47,Summer,XL,Gray,Yes,No,14,Quarterly,3.14,Express,Debit Card
3452,48,Male,Montana,No,Sweater,Clothing,110.0,Summer,S,Yellow,No,Yes,11,Monthly,4.64,Express,PayPal
3453,62,Male,California,Yes,Sunglasses,Accessories,55.93,Winter,M,Yellow,No,No,29,Weekly,3.67,Express,Venmo
3454,65,Male,New York,No,Boots,Footwear,92.91,Winter,XL,White,Yes,No,14,Monthly,4.54,Express,Credit Card
3455,32,Female,Illinois,No,Jacket,Outerwear,63.98,Spring,M,Pink,Yes,Yes,12,Weekly,3.61,Express,Debit Card
3456,22,Male,California,No,Scarf,Accessories,15.0,Spring,M,Red,No,No,22,Quarterly,3.1,Express,Credit Card
3457,37,Female,Texas,No,Boots,Footwear,82.45,Fall,M,Pink,No,No,23,Weekly,4.43,Express,Cash
3458,18,Male,Illinois,No,Jewelry,Accessories,71.68,Spring,S,Pink,Yes,No,18,Monthly,4.47,Express,Debit Card
3459,37,Female,California,No,Scarf,Accessories,64.23,Winter,XL,Blue,No,Yes,30,Bi-Weekly,3.62,Express,Cash
3460,48,Male,Illinois,Yes,Dress,Clothing,43.88,Spring,S,Yellow,No,No,17,Weekly,3.71,Express,Venmo
3461,22,Male,Georgia,No,Shirt,Clothing,33.14,Summer,L,Black,Yes,No,17,Weekly,3.23,Standard,Cash
3462,41,Male,Georgia,Yes,Shirt,Clothing,54.71,Fall,S,Gray,Yes,No,17,Quarterly,2.93,Standard,Debit Card
3463,64,Female,Washington,No,Boots,Footwear,47.26,Summer,M,Blue,No,No,22,Quarterly,3.12,Express,Cash
3464,51,Male,Texas,No,Boots,Footwear,67.76,Winter,XL,Black,No,No,26,Weekly,3.1,Express,Credit Card
3465,22,Female,Washington,No,Dress,Clothing,61.58,Summer,L,Blue,No,No,12,Bi-Weekly,4.0,Standard,Cash
3466,25,Male,Georgia,No,Sweater,Clothing,65.09,Spring,XL,Red,Yes,No,27,Monthly,3.34,Express,Credit Card
3467,45,Male,Arizona,No,Coat,Outerwear,84.78,Winter,M,Black,No,No,20,Quarterly,3.43,Standard,Credit Card
3468,68,Male,New York,No,Sweater,Clothing,57.63,Spring,M,Purple,No,Yes,13,Bi-Weekly,3.56,Express,Credit Card
3469,34,Male,Illinois,No,Scarf,Accessories,35.32,Winter,L,Red,No,No,25,Quarterly,4.21,Express,Credit Card
3470,63,Male,Montana,Yes,Belt,Accessories,84.29,Spring,S,Green,Yes,No,21,Annually,4.24,Express,Credit Card
3471,32,Male,New York,No,Coat,Clothing,65.28,Spring,M,Black,No,No,23,Weekly,3.19,Express,PayPal
3472,48,Male,Texas,No,Jacket,Outerwear,70.86,Winter,M,Red,No,Yes,18,Bi-Weekly,4.17,Standard,Debit Card
3473,34,Male,Illinois,Yes,Shirt,Clothing,39.09,Spring,M,Yellow,No,No,25,Weekly,3.58,Express,Cash
3474,24,Male,New York,No,Belt,Accessories,66.2,Spring,XL,Gray,No,No,22,Annually,3.77,Standard,Cash
3475,43,Male,Florida,No,Pants,Clothing,36.89,Fall,S,Red,No,No,24,Annually,2.93,Express,Credit Card
3476,18,Male,Georgia,No,Jewelry,Accessories,54.77,Spring,M,Pink,No,Yes,13,Monthly,3.58,Express,Debit Card
3477,39,Female,New York,Yes,Hoodie,Outerwear,57.35,Fall,L,Green,No,Yes,16,Quarterly,3.66,Express,Debit Card
3478,69,Male,Texas,No,Shoes,Footwear,46.4,Spring,M,Blue,No,No,15,Quarterly,4.13,Express,Credit Card
3479,23,Male,Ohio,No,Hoodie,Outerwear,50.4,Winter,XL,Gray,Yes,No,27,Annually,3.85,Standard,Cash
3480,30,Male,Montana,No,Hoodie,Outerwear,43.96,Summer,L,Blue,No,No,13,Annually,3.6,Standard,Debit Card
3481,59,Male,Arizona,Yes,Belt,Accessories,54.29,Winter,XL,Brown,No,No,30,Quarterly,2.72,Standard,Credit Card
3482,50,Male,Florida,No,Sandals,Footwear,38.62,Winter,XL,Gray,No,No,15,Bi-Weekly,3.3,Standard,Cash
3483,42,Male,Illinois,Yes,Hoodie,Outerwear,69.23,Summer,XL,Blue,No,No,14,Annually,3.02,Standard,Credit Card
3484,58,Male,New York,Yes,Belt,Accessories,46.79,Spring,M,White,No,No,20,Annually,4.09,Express,Debit Card
3485,69,Male,California,No,Skirt,Clothing,67.66,Summer,S,Green,No,No,19,Quarterly,3.91,Express,Credit Card
3486,43,Male,Washington,No,Boots,Footwear,36.79,Spring,M,Black,No,No,20,Quarterly,2.99,Express,Debit Card
3487,24,Female,California,Yes,Shirt,Clothing,62.26,Summer,S,White,No,No,28,Quarterly,4.18,Express,Debit Card
3488,40,Male,Georgia,No,Shoes,Footwear,53.28,Winter,S,Green,No,No,29,Bi-Weekly,3.4,Express,Credit Card
3489,59,Male,Georgia,No,Scarf,Accessories,44.24,Fall,S,Blue,No,Yes,13,Weekly,4.37,Standard,Venmo
3490,38,Male,Illinois,No,Blouse,Clothing,77.26,Fall,XL,Yellow,No,No,21,Bi-Weekly,3.1,Express,Venmo
3491,58,Female,Georgia,No,Sweater,Clothing,22.86,Fall,M,Green,No,No,28,Monthly,3.24,Standard,Credit Card
3492,21,Female,Arizona,No,Coat,Outerwear,53.09,Spring,L,Yellow,No,No,16,Quarterly,3.04,Express,PayPal
3493,20,Male,Montana,No,Sweater,Clothing,60.71,Summer,XL,Red,Yes,No,17,Bi-Weekly,4.69,Express,PayPal
3494,38,Male,Illinois,Yes,Blouse,Clothing,66.66,Winter,M,Blue,No,Yes,24,Annually,4.38,Standard,PayPal
3495,20,Male,Texas,No,Sweater,Clothing,63.4,Spring,S,Black,Yes,Yes,15,Weekly,3.79,Express,Cash
3496,28,Male,Illinois,No,Hoodie,Outerwear,105.61,Fall,M,Black,No,Yes,22,Weekly,4.02,Express,PayPal
3497,59,Female,Arizona,No,Jewelry,Accessories,49.3,Summer,M,Yellow,Yes,No,29,Weekly,3.56,Standard,Credit Card
3498,27,Female,Illinois,No,Sandals,Footwear,66.76,Summer,XL,Red,No,Yes,19,Annually,3.3,Express,Venmo
3499,49,Male,Montana,No,Sunglasses,Accessories,80.87,Fall,S,Green,No,No,30,Quarterly,4.12,Express,PayPal
3500,25,Male,Texas,No,Shirt,Clothing,110.0,Winter,S,Gray,Yes,Yes,22,Monthly,4.1,Express,PayPal
3501,33,Male,Washington,No,Belt,Accessories,51.58,Winter,XL,Red,No,No,22,Monthly,3.08,Standard,Credit Card
3502,37,Male,Montana,Yes,Coat,Outerwear,56.25,Summer,L,Pink,No,No,13,Weekly,2.91,Express,Credit Card
3503,24,Female,Georgia,Yes,Jewelry,Accessories,15.0,Summer,XL,Gray,No,No,18,Bi-Weekly,3.67,Standard,PayPal
3504,25,Male,Illinois,No,Sandals,Footwear,61.4,Fall,XL,Yellow,Yes,No,20,Quarterly,4.95,Express,Venmo
3505,60,Male,Arizona,Yes,Scarf,Accessories,43.54,Fall,M,Blue,No,No,18,Quarterly,3.88,Standard,Debit Card
3506,44,Male,Montana,Yes,T-shirt,Clothing,41.13,Summer,L,White,Yes,No,16,Annually,3.85,Express,Credit Card
3507,46,Male,Georgia,No,Scarf,Accessories,54.76,Winter,XL,Brown,Yes,Yes,12,Quarterly,4.1,Express,Credit Card
3508,24,Male,New York,No,Sandals,Footwear,110.0,Fall,S,Gray,No,Yes,12,Annually,5.0,Standard,Debit Card
3509,28,Male,Georgia,Yes,Boots,Footwear,56.55,Winter,M,Brown,No,No,24,Bi-Weekly,3.82,Express,Credit Card
3510,69,Male,New York,No,T-shirt,Clothing,44.17,Summer,L,Red,No,Yes,12,Bi-Weekly,3.94,Standard,Credit Card
3511,27,Female,Ohio,No,Pants,Clothing,47.47,Spring,L,White,No,No,24,Quarterly,3.47,Express,Debit Card
3512,50,Male,Florida,Yes,Hoodie,Outerwear,34.16,Spring,S,Purple,Yes,No,30,Quarterly,3.63,Standard,Credit Card
3513,54,Male,Georgia,No,Shoes,Footwear,73.37,Summer,S,Black,Yes,No,27,Bi-Weekly,4.02,Express,PayPal
3514,67,Male,Texas,No,T-shirt,Clothing,63.3,Spring,L,Purple,No,No,24,Bi-Weekly,3.81,Express,Debit Card
3515,61,Male,Washington,Yes,Pants,Clothing,53.95,Fall,L,Black,Yes,Yes,29,Bi-Weekly,3.84,Express,Debit Card
3516,36,Male,New York,No,Sneakers,Footwear,85.59,Fall,S,Red,No,Yes,22,Weekly,3.9,Express,Credit Card
3517,47,Male,Florida,No,Sandals,Footwear,59.37,Fall,XL,Red,No,No,28,Quarterly,3.76,Express,Debit Card
3518,21,Male,Ohio,No,Pants,Clothing,107.4,Spring,XL,Pink,Yes,No,19,Bi-Weekly,4.17,Express,Cash
3519,37,Female,Texas,Yes,Dress,Clothing,19.02,Winter,XL,Brown,No,No,16,Monthly,3.85,Standard,Credit Card
3520,40,Male,Washington,No,Scarf,Accessories,26.39,Spring,L,White,No,No,23,Annually,3.18,Express,PayPal
3521,20,Male,Washington,No,Sweater,Clothing,88.05,Fall,XL,Pink,No,No,12,Weekly,3.42,Standard,Cash
3522,24,Male,Washington,No,Sneakers,Footwear,68.73,Spring,L,Green,No,No,27,Weekly,3.89,Express,PayPal
3523,34,Male,California,No,Dress,Clothing,46.55,Summer,M,Black,No,No,22,Annually,3.75,Express,PayPal
3524,36,Male,Washington,No,Scarf,Accessories,67.27,Summer,S,Brown,No,No,21,Monthly,3.45,Express,PayPal
3525,29,Male,Arizona,Yes,Shirt,Clothing,35.51,Winter,XL,White,No,No,22,Weekly,3.85,Standard,Venmo
3526,21,Male,Texas,No,Sweater,Clothing,15.0,Summer,XL,Gray,No,No,23,Weekly,3.7,Standard,Venmo
3527,67,Male,Illinois,No,T-shirt,Clothing,69.62,Winter,S,Black,Yes,Yes,23,Monthly,3.39,Express,Cash
3528,53,Male,Florida,No,Belt,Accessories,26.17,Winter,XL,Green,No,Yes,20,Annually,3.86,Express,PayPal
3529,41,Female,Ohio,No,Sneakers,Footwear,79.2,Fall,S,Red,No,Yes,29,Weekly,3.31,Express,Cash
3530,18,Female,New York,Yes,Blouse,Clothing,56.55,Fall,M,Pink,No,No,20,Quarterly,3.42,Standard,Cash
3531,68,Male,Georgia,No,Sandals,Footwear,50.7,Fall,S,Green,No,No,26,Weekly,3.17,Express,PayPal
3532,59,Male,Washington,No,Jewelry,Accessories,51.94,Spring,XL,Black,Yes,No,21,Weekly,4.37,Express,Credit Card
3533,64,Female,Florida,No,Coat,Clothing,84.42,Winter,M,Gray,No,No,18,Weekly,3.6,Express,Venmo
3534,23,Male,California,No,Shirt,Clothing,53.47,Spring,M,Green,No,No,23,Annually,4.16,Express,Debit Card
3535,31,Female,Montana,No,Pants,Clothing,64.12,Spring,XL,Gray,No,No,17,Quarterly,4.08,Standard,Venmo
3536,35,Male,Montana,No,Dress,Clothing,78.56,Fall,M,White,No,No,21,Bi-Weekly,4.22,Standard,Credit Card
3537,21,Female,Washington,No,Sunglasses,Accessories,34.79,Fall,L,Blue,No,No,18,Weekly,3.96,Express,Venmo
3538,29,Male,Washington,No,Sunglasses,Accessories,75.44,Spring,XL,Green,No,No,27,Bi-Weekly,3.7,Express,Debit Card
3539,60,Male,Montana,No,Hoodie,Outerwear,66.52,Fall,XL,Pink,No,No,22,Annually,3.32,Standard,Cash
3540,22,Female,Arizona,No,Coat,Outerwear,57.75,Winter,M,Blue,Yes,No,29,Annually,3.62,Express,PayPal
3541,54,Male,Arizona,Yes,Shoes,Footwear,31.43,Spring,XL,White,Yes,No,24,Weekly,3.63,Express,PayPal
3542,69,Female,Texas,Yes,Scarf,Accessories,83.08,Spring,M,Black,No,Yes,22,Quarterly,3.76,Express,PayPal
3543,32,Female,Florida,No,Sweater,Clothing,70.81,Spring,S,Purple,No,No,23,Weekly,3.65,Standard,Debit Card
3544,39,Male,Arizona,No,Jewelry,Accessories,70.56,Spring,S,Black,No,Yes,11,Quarterly,4.07,Express,Venmo
3545,18,Female,Georgia,No,Sunglasses,Accessories,32.72,Winter,XL,White,No,No,22,Quarterly,3.96,Express,Venmo
3546,55,Male,Ohio,No,Pants,Clothing,53.54,Fall,M,Yellow,No,Yes,24,Annually,4.13,Express,Cash
3547,59,Female,Washington,Yes,Pants,Clothing,79.05,Winter,M,Yellow,No,No,16,Annually,3.26,Express,Debit Card
3548,44,Female,Arizona,No,Jewelry,Accessories,54.31,Fall,S,Green,No,No,25,Weekly,3.47,Standard,Cash
3549,49,Male,New York,No,Dress,Clothing,76.54,Fall,M,Brown,No,No,16,Weekly,3.03,Express,Credit Card
3550,54,Male,Texas,Yes,Sneakers,Footwear,92.03,Fall,XL,White,No,No,28,Quarterly,3.74,Express,Credit Card
3551,66,Female,Georgia,Yes,T-shirt,Clothing,26.07,Spring,XL,Blue,No,No,30,Monthly,3.62,Express,Cash
3552,26,Male,Texas,Yes,Shoes,Footwear,15.0,Fall,S,White,Yes,Yes,27,Quarterly,2.91,Express,Credit Card
3553,69,Female,Illinois,No,Boots,Footwear,91.69,Summer,M,Green,No,No,25,Annually,3.44,Express,Venmo
3554,42,Male,Florida,No,Hoodie,Outerwear,58.05,Winter,L,Pink,No,No,30,Bi-Weekly,3.78,Express,Credit Card
3555,57,Male,Florida,No,Hoodie,Outerwear,98.49,Spring,M,Pink,No,Yes,19,Bi-Weekly,2.84,Express,Debit Card
3556,37,Female,Washington,Yes,T-shirt,Clothing,76.26,Winter,XL,Gray,No,No,19,Annually,3.87,Express,Credit Card
3557,42,Male,Montana,Yes,Sunglasses,Accessories,44.09,Winter,L,Yellow,No,No,16,Weekly,3.08,Express,Cash
3558,70,Male,Georgia,Yes,Belt,Accessories,40.56,Spring,L,Purple,No,No,16,Monthly,3.68,Express,PayPal
3559,64,Female,Illinois,No,Sunglasses,Accessories,62.63,Fall,XL,Black,No,No,25,Quarterly,4.48,Express,PayPal
3560,51,Female,Ohio,No,Sandals,Footwear,97.57,Summer,L,Red,Yes,No,11,Bi-Weekly,3.79,Express,Credit Card
3561,48,Female,Washington,Yes,Boots,Footwear,67.08,Spring,L,Green,No,No,15,Bi-Weekly,4.31,Express,PayPal
3562,35,Male,Arizona,No,Sandals,Footwear,48.96,Fall,M,Pink,Yes,No,30,Weekly,3.34,Express,Venmo
3563,38,Male,Georgia,No,Boots,Footwear,40.71,Summer,M,White,No,Yes,24,Quarterly,3.29,Express,PayPal
3564,40,Male,Florida,No,Sweater,Clothing,50.33,Fall,S,Yellow,No,No,15,Monthly,3.47,Standard,Credit Card
3565,39,Female,Ohio,Yes,Blouse,Clothing,48.06,Fall,XL,Pink,No,No,22,Weekly,4.01,Express,Venmo
3566,70,Male,Illinois,No,Scarf,Accessories,57.83,Winter,XL,Brown,Yes,No,20,Monthly,3.65,Express,Debit Card
3567,29,Male,Illinois,No,Scarf,Accessories,43.6,Summer,M,Brown,No,No,18,Annually,4.16,Express,Credit Card
3568,30,Male,Florida,Yes,Jacket,Outerwear,70.24,Spring,M,Yellow,Yes,No,14,Quarterly,3.74,Standard,Debit Card
3569,64,Female,Montana,Yes,Jacket,Outerwear,63.17,Fall,XL,Green,No,Yes,27,Weekly,3.81,Express,Cash
3570,51,Male,Washington,No,Sneakers,Footwear,56.37,Spring,S,Pink,No,No,17,Bi-Weekly,3.49,Express,Debit Card
3571,22,Male,Georgia,No,Hoodie,Outerwear,78.64,Summer,S,Blue,Yes,No,24,Annually,3.78,Express,Venmo
3572,39,Male,New York,No,Scarf,Accessories,56.12,Spring,M,Brown,No,No,17,Annually,3.99,Standard,Venmo
3573,61,Male,New York,Yes,Pants,Clothing,70.38,Winter,L,Yellow,No,No,23,Bi-Weekly,3.86,Express,PayPal
3574,67,Female,California,No,Skirt,Clothing,39.4,Winter,L,Yellow,No,Yes,12,Monthly,3.6,Express,Venmo
3575,24,Female,Texas,Yes,Sweater,Clothing,66.38,Fall,L,Green,No,Yes,27,Monthly,2.78,Express,Venmo
3576,47,Female,New York,No,Skirt,Clothing,73.15,Summer,M,Black,No,No,23,Bi-Weekly,3.41,Express,Credit Card
3577,47,Male,Florida,No,Scarf,Accessories,51.74,Fall,S,Red,No,No,23,Annually,3.3,Express,Credit Card
3578,55,Male,Texas,No,Scarf,Accessories,25.99,Fall,S,Green,Yes,No,25,Bi-Weekly,3.56,Express,PayPal
3579,47,Male,New York,Yes,Shoes,Footwear,47.46,Winter,S,Brown,No,Yes,11,Quarterly,3.32,Express,Venmo
3580,20,Female,Texas,No,Sweater,Clothing,69.55,Summer,M,Pink,No,No,14,Bi-Weekly,3.82,Express,Cash
3581,67,Male,Washington,No,Jewelry,Accessories,62.37,Fall,S,Black,No,No,24,Bi-Weekly,3.82,Express,Credit Card
3582,33,Female,Washington,No,Jacket,Outerwear,15.0,Fall,L,White,No,No,18,Quarterly,3.81,Standard,Debit Card
3583,69,Female,Ohio,No,T-shirt,Clothing,55.82,Fall,S,Red,No,No,27,Bi-Weekly,4.18,Standard,PayPal
3584,64,Male,Montana,No,Scarf,Accessories,40.03,Winter,L,White,No,Yes,21,Bi-Weekly,3.75,Express,PayPal
3585,34,Female,Texas,No,Hoodie,Outerwear,72.67,Winter,S,Pink,Yes,No,12,Weekly,3.22,Express,Venmo
3586,49,Male,Georgia,No,Sunglasses,Accessories,32.42,Summer,XL,White,Yes,Yes,21,Bi-Weekly,2.69,Express,Credit Card
3587,28,Female,New York,No,Sneakers,Footwear,101.58,Summer,L,Brown,No,No,15,Annually,3.95,Standard,PayPal
3588,67,Male,Montana,No,Hoodie,Outerwear,80.53,Winter,S,Red,No,Yes,14,Quarterly,3.94,Express,PayPal
3589,24,Male,Florida,No,Skirt,Clothing,60.96,Fall,XL,Brown,No,No,16,Quarterly,4.48,Express,Debit Card
3590,54,Male,New York,No,Sweater,Clothing,69.54,Winter,M,Blue,Yes,Yes,12,Monthly,4.25,Express,Cash
3591,41,Male,Florida,Yes,Belt,Accessories,71.17,Winter,XL,Black,No,Yes,15,Weekly,4.06,Express,Cash
3592,55,Female,Florida,Yes,Pants,Clothing,88.72,Fall,XL,Purple,No,No,29,Bi-Weekly,4.79,Standard,Debit Card
3593,48,Male,Illinois,Yes,Sunglasses,Accessories,46.28,Fall,XL,Gray,Yes,No,19,Bi-Weekly,4.0,Express,Venmo
3594,26,Male,New York,Yes,Scarf,Accessories,34.18,Winter,L,White,No,No,20,Monthly,2.53,Standard,Venmo
3595,36,Female,Illinois,Yes,Jacket,Outerwear,60.24,Summer,S,Purple,Yes,Yes,20,Bi-Weekly,4.05,Express,Credit Card
3596,55,Female,Montana,No,Sneakers,Footwear,83.28,Winter,L,Red,No,No,29,Annually,3.8,Express,Credit Card
3597,35,Female,Florida,No,Sandals,Footwear,43.56,Summer,S,Brown,No,No,28,Quarterly,4.4,Express,Credit Card
3598,39,Female,Texas,No,Jacket,Outerwear,30.01,Fall,XL,Black,No,Yes,28,Annually,4.36,Express,Venmo
3599,30,Male,Florida,Yes,Pants,Clothing,62.89,Summer,S,Brown,No,No,23,Bi-Weekly,3.43,Express,Credit Card
3600,41,Female,New York,No,T-shirt,Clothing,49.66,Fall,S,Purple,No,No,17,Monthly,4.32,Express,Venmo
3601,53,Male,New York,No,Sandals,Footwear,49.2,Summer,M,Brown,No,No,19,Weekly,4.02,Express,Credit Card
3602,48,Female,Ohio,No,Shoes,Footwear,36.05,Spring,S,Red,No,No,30,Quarterly,3.69,Standard,Credit Card
3603,35,Male,New York,No,Sweater,Clothing,55.77,Winter,L,Red,Yes,No,22,Monthly,3.99,Express,Credit Card
3604,47,Male,Texas,No,Jacket,Outerwear,40.1,Fall,S,White,No,No,21,Bi-Weekly,3.1,Express,Credit Card
3605,43,Male,Washington,No,T-shirt,Clothing,69.15,Spring,XL,Black,No,No,16,Quarterly,3.57,Standard,Venmo
3606,20,Male,Ohio,No,Sweater,Clothing,78.83,Summer,XL,Gray,Yes,No,15,Bi-Weekly,4.05,Express,Debit Card
3607,65,Female,Washington,Yes,Belt,Accessories,47.98,Winter,XL,Black,Yes,No,19,Annually,3.35,Express,Cash
3608,53,Female,Montana,Yes,Belt,Accessories,82.02,Summer,XL,Pink,No,No,22,Bi-Weekly,2.88,Express,Credit Card
3609,36,Female,Arizona,Yes,Jacket,Outerwear,80.18,Fall,M,Yellow,No,No,11,Bi-Weekly,4.06,Standard,Cash
3610,18,Male,Montana,Yes,Belt,Accessories,82.17,Summer,M,Purple,Yes,No,18,Quarterly,3.69,Standard,Credit Card
3611,19,Male,Washington,Yes,Pants,Clothing,17.35,Winter,M,White,No,No,27,Weekly,3.46,Standard,PayPal
3612,70,Female,California,No,Coat,Clothing,94.91,Summer,M,Green,No,No,17,Bi-Weekly,3.92,Express,Credit Card
3613,66,Male,Ohio,No,Scarf,Accessories,76.8,Summer,XL,Black,No,No,25,Weekly,3.64,Express,PayPal
3614,46,Male,Georgia,No,Sneakers,Footwear,61.17,Winter,XL,Black,No,No,21,Monthly,4.11,Express,Credit Card
3615,58,Female,Georgia,No,Sneakers,Footwear,56.67,Spring,L,Red,No,No,27,Quarterly,4.38,Express,Credit Card
3616,42,Male,Montana,No,Hoodie,Outerwear,72.52,Summer,XL,Green,No,No,28,Monthly,3.56,Express,Venmo
3617,25,Male,New York,No,Sneakers,Footwear,63.36,Winter,L,Green,Yes,No,22,Bi-Weekly,2.72,Express,Cash
3618,36,Male,Washington,No,Jacket,Outerwear,84.18,Summer,L,Yellow,No,Yes,26,Weekly,4.16,Standard,Cash
3619,55,Female,Montana,No,T-shirt,Clothing,58.33,Winter,L,Purple,No,No,19,Monthly,3.71,Express,Credit Card
3620,57,Male,Montana,No,Scarf,Accessories,87.6,Spring,S,Red,Yes,No,21,Quarterly,3.46,Express,Debit Card
3621,64,Male,Arizona,No,Sneakers,Footwear,50.81,Winter,XL,Purple,Yes,Yes,11,Annually,3.48,Standard,Venmo
3622,33,Female,Florida,No,Pants,Clothing,62.94,Summer,M,Yellow,No,Yes,25,Quarterly,3.96,Express,Cash
3623,33,Female,Texas,No,Sandals,Footwear,63.36,Fall,XL,Yellow,No,No,16,Annually,4.05,Express,Credit Card
3624,31,Male,Texas,No,Dress,Clothing,24.5,Winter,XL,Black,No,No,20,Quarterly,4.01,Express,PayPal
3625,27,Male,Montana,No,Sunglasses,Accessories,30.39,Summer,L,Purple,No,No,14,Quarterly,3.25,Express,Debit Card
3626,63,Female,Ohio,No,Sunglasses,Accessories,110.0,Summer,XL,Blue,No,No,25,Quarterly,3.4,Standard,PayPal
3627,57,Male,Washington,No,Jacket,Outerwear,50.39,Fall,L,Red,No,Yes,16,Quarterly,3.25,Standard,Credit Card
3628,30,Male,Florida,No,Hoodie,Outerwear,32.86,Winter,S,Green,No,No,23,Quarterly,3.74,Express,Credit Card
3629,21,Male,Washington,No,Jewelry,Accessories,55.48,Fall,L,Red,Yes,No,27,Weekly,3.64,Express,Cash
3630,46,Male,Montana,No,Scarf,Accessories,58.83,Summer,XL,Yellow,Yes,No,12,Bi-Weekly,3.4,Express,Debit Card
3631,26,Female,Texas,Yes,Jacket,Outerwear,90.9,Winter,XL,Red,No,No,19,Weekly,3.95,Express,Venmo
3632,51,Male,Washington,No,Shoes,Footwear,90.39,Winter,XL,Gray,Yes,Yes,24,Weekly,3.51,Express,Cash
3633,26,Male,Georgia,Yes,Coat,Outerwear,62.11,Spring,XL,Blue,No,No,23,Weekly,3.55,Express,Venmo
3634,66,Male,Florida,Yes,Coat,Clothing,41.3,Fall,L,Brown,No,No,17,Monthly,4.23,Express,Cash
3635,48,Male,Washington,No,Shirt,Clothing,44.23,Summer,XL,White,No,No,18,Bi-Weekly,3.68,Express,Debit Card
3636,25,Female,Montana,No,Sneakers,Footwear,54.89,Summer,L,Purple,No,Yes,14,Bi-Weekly,4.23,Express,Debit Card
3637,41,Female,California,No,Scarf,Accessories,71.28,Summer,S,Pink,No,Yes,25,Annually,3.93,Express,PayPal
3638,37,Male,Ohio,Yes,Jacket,Outerwear,39.92,Fall,M,Green,No,Yes,28,Monthly,4.03,Standard,Debit Card
3639,24,Male,Illinois,No,Sweater,Clothing,47.88,Winter,L,Blue,No,No,26,Bi-Weekly,3.25,Express,Venmo
3640,38,Male,Montana,No,Coat,Clothing,80.41,Summer,XL,Gray,No,No,16,Quarterly,4.31,Express,Venmo
3641,24,Female,Georgia,No,Jacket,Outerwear,90.74,Spring,M,Green,No,No,29,Weekly,4.14,Express,Credit Card
3642,70,Male,Arizona,No,Skirt,Clothing,48.16,Winter,L,Pink,No,No,20,Quarterly,3.37,Standard,Cash
3643,22,Female,Washington,No,Jacket,Outerwear,71.05,Spring,M,Blue,No,No,30,Bi-Weekly,3.5,Express,Debit Card
3644,21,Female,Arizona,No,Jewelry,Accessories,55.38,Summer,M,Blue,No,Yes,13,Quarterly,3.64,Express,Credit Card
3645,51,Male,Georgia,No,Shirt,Clothing,52.32,Fall,M,Green,Yes,No,13,Weekly,3.88,Express,Venmo
3646,44,Male,Ohio,No,Jacket,Outerwear,54.26,Summer,L,Purple,No,No,22,Quarterly,3.44,Express,Credit Card
3647,37,Male,Montana,No,Sneakers,Footwear,36.59,Summer,L,Yellow,No,No,26,Annually,4.73,Express,Venmo
3648,38,Male,New York,Yes,T-shirt,Clothing,96.41,Fall,M,Yellow,No,No,29,Weekly,3.83,Express,PayPal
3649,23,Male,Washington,No,Blouse,Clothing,90.02,Summer,M,White,No,No,23,Annually,3.5,Express,Venmo
3650,47,Male,Montana,No,Sunglasses,Accessories,40.61,Fall,M,Yellow,No,No,11,Weekly,2.47,Express,Venmo
3651,18,Male,Georgia,No,T-shirt,Clothing,85.44,Summer,XL,Brown,No,No,14,Weekly,2.6,Express,Debit Card
3652,35,Female,Illinois,No,Coat,Outerwear,60.13,Fall,XL,Purple,No,No,20,Monthly,4.66,Express,PayPal
3653,29,Male,Georgia,No,Dress,Clothing,60.97,Fall,M,Red,Yes,Yes,22,Weekly,3.59,Standard,Venmo
3654,64,Male,California,No,Jewelry,Accessories,50.55,Summer,S,Red,No,No,15,Quarterly,3.9,Express,Cash
3655,65,Male,Florida,No,Sandals,Footwear,79.75,Fall,L,Black,Yes,No,22,Quarterly,4.06,Standard,PayPal
3656,25,Male,New York,No,Sweater,Clothing,62.64,Winter,L,White,No,Yes,29,Quarterly,2.9,Express,Venmo
3657,51,Male,Texas,Yes,Boots,Footwear,90.15,Fall,M,Gray,No,No,21,Quarterly,2.6,Express,Debit Card
3658,64,Male,California,Yes,Skirt,Clothing,27.71,Fall,M,Gray,No,Yes,22,Monthly,3.15,Express,PayPal
3659,64,Male,New York,No,Scarf,Accessories,77.55,Winter,S,White,No,Yes,20,Quarterly,3.95,Express,Debit Card
3660,40,Male,Florida,No,Jacket,Outerwear,61.86,Winter,XL,Black,No,Yes,29,Quarterly,3.23,Express,PayPal
3661,27,Male,Arizona,No,Pants,Clothing,62.31,Winter,XL,Purple,No,No,13,Annually,3.92,Express,Debit Card
3662,69,Female,Texas,No,Jewelry,Accessories,68.34,Fall,M,Pink,No,No,23,Bi-Weekly,4.26,Express,Cash
3663,47,Male,Washington,No,Boots,Footwear,36.13,Spring,L,Black,No,No,23,Bi-Weekly,3.7,Express,Cash
3664,58,Male,Texas,No,Pants,Clothing,57.62,Spring,XL,Blue,No,No,24,Bi-Weekly,3.82,Express,Cash
3665,63,Male,Washington,No,Sunglasses,Accessories,71.92,Winter,L,Purple,No,No,11,Bi-Weekly,3.58,Express,Venmo
3666,26,Female,New York,No,T-shirt,Clothing,55.11,Summer,XL,Yellow,No,Yes,16,Annually,2.85,Express,Credit Card
3667,55,Female,Ohio,No,Belt,Accessories,77.69,Summer,L,Brown,No,No,15,Monthly,3.85,Express,PayPal
3668,55,Male,Washington,No,Shirt,Clothing,76.2,Winter,L,Black,No,Yes,22,Quarterly,4.55,Express,Cash
3669,69,Male,New York,No,Blouse,Clothing,82.57,Spring,M,Black,No,No,19,Bi-Weekly,4.38,Express,Venmo
3670,48,Male,Ohio,No,Skirt,Clothing,102.17,Spring,M,Yellow,No,Yes,12,Monthly,3.15,Express,Venmo
3671,53,Male,Ohio,No,Jacket,Outerwear,49.17,Fall,M,Black,No,No,20,Quarterly,3.67,Express,Venmo
3672,54,Male,California,No,T-shirt,Clothing,61.78,Fall,L,Brown,No,Yes,17,Weekly,3.73,Express,Venmo
3673,56,Male,Arizona,No,Boots,Footwear,20.34,Spring,S,Blue,No,No,20,Quarterly,3.37,Express,Cash
3674,55,Female,Texas,No,Sweater,Clothing,49.74,Fall,L,Purple,No,No,29,Quarterly,3.78,Express,Credit Card
3675,69,Male,Illinois,No,Boots,Footwear,49.14,Spring,S,Green,No,No,15,Bi-Weekly,3.0,Express,Venmo
3676,55,Female,Arizona,Yes,Belt,Accessories,100.2,Winter,L,Purple,No,No,17,Bi-Weekly,3.09,Express,PayPal
3677,39,Female,Arizona,No,Hoodie,Outerwear,60.57,Spring,XL,White,No,No,27,Monthly,3.93,Express,Debit Card
3678,43,Female,Texas,No,Sunglasses,Accessories,56.21,Fall,XL,Brown,Yes,No,15,Bi-Weekly,2.87,Express,PayPal
3679,65,Female,Georgia,No,Jacket,Outerwear,63.37,Spring,M,Brown,No,Yes,21,Annually,4.19,Express,Venmo
3680,30,Male,Ohio,No,Coat,Outerwear,91.6,Summer,S,Purple,No,Yes,25,Monthly,3.21,Express,Credit Card
3681,21,Male,Texas,No,Coat,Clothing,56.58,Winter,XL,Green,No,No,17,Annually,4.38,Express,Debit Card
3682,62,Male,Washington,No,Sweater,Clothing,15.0,Fall,M,Red,Yes,Yes,22,Quarterly,2.95,Standard,PayPal
3683,30,Male,Montana,Yes,Jacket,Outerwear,61.15,Spring,XL,Gray,No,No,30,Monthly,4.13,Express,Credit Card
3684,69,Male,Florida,No,Belt,Accessories,72.95,Spring,L,Yellow,Yes,No,23,Annually,3.51,Standard,Debit Card
3685,29,Male,Washington,No,Pants,Clothing,33.69,Spring,M,Red,No,Yes,11,Quarterly,4.37,Standard,Credit Card
3686,69,Female,Washington,No,Shoes,Footwear,95.46,Winter,XL,Black,No,No,21,Quarterly,3.16,Standard,Debit Card
3687,66,Male,Georgia,Yes,Shirt,Clothing,34.74,Fall,M,Blue,No,No,24,Bi-Weekly,4.4,Express,Debit Card
3688,54,Male,California,No,Blouse,Clothing,56.16,Spring,XL,Purple,No,No,29,Quarterly,4.61,Express,Cash
3689,29,Female,Georgia,Yes,Sandals,Footwear,42.85,Fall,L,Green,No,No,15,Annually,4.58,Express,Credit Card
3690,40,Male,California,No,Pants,Clothing,107.88,Fall,L,Yellow,No,No,21,Monthly,3.53,Express,Debit Card
3691,53,Female,Florida,Yes,Jewelry,Accessories,44.44,Winter,S,Gray,Yes,No,12,Annually,3.84,Express,Debit Card
3692,50,Male,Ohio,No,Hoodie,Outerwear,42.3,Spring,M,Brown,No,No,26,Annually,3.06,Express,Debit Card
3693,29,Male,Georgia,No,Jewelry,Accessories,71.3,Spring,M,Green,No,No,25,Quarterly,4.1,Express,Cash
3694,19,Male,Illinois,No,Sneakers,Footwear,78.73,Winter,XL,White,No,No,19,Quarterly,3.67,Express,Debit Card
3695,51,Male,Ohio,No,Scarf,Accessories,47.88,Summer,M,Pink,No,Yes,14,Quarterly,3.76,Express,PayPal
3696,65,Male,Florida,Yes,Scarf,Accessories,99.24,Winter,XL,Pink,Yes,Yes,30,Weekly,3.42,Express,PayPal
3697,38,Female,Texas,No,Pants,Clothing,93.11,Winter,L,Pink,No,No,18,Annually,3.98,Express,PayPal
3698,69,Male,Arizona,Yes,Shirt,Clothing,35.85,Summer,S,Yellow,No,No,22,Annually,4.1,Express,PayPal
3699,37,Male,Ohio,Yes,Scarf,Accessories,69.83,Fall,S,Purple,No,No,22,Monthly,4.12,Express,Venmo
3700,33,Male,California,Yes,Shoes,Footwear,69.49,Winter,L,Brown,No,No,20,Quarterly,3.42,Express,Credit Card
3701,30,Male,Illinois,No,Boots,Footwear,61.72,Spring,L,Brown,No,No,17,Annually,3.87,Express,Cash
3702,36,Female,Georgia,No,Jacket,Outerwear,49.36,Fall,L,Pink,No,No,21,Quarterly,3.26,Standard,Debit Card
3703,30,Female,Montana,Yes,Boots,Footwear,25.7,Winter,L,Pink,No,No,14,Weekly,3.18,Express,Venmo
3704,18,Male,California,Yes,Sandals,Footwear,71.85,Summer,S,Pink,No,No,25,Monthly,4.45,Standard,Credit Card
3705,36,Male,Texas,No,Coat,Clothing,67.76,Spring,S,Pink,No,Yes,25,Annually,4.67,Express,Cash
3706,34,Female,California,No,T-shirt,Clothing,42.07,Fall,L,Pink,No,No,21,Annually,3.45,Express,Venmo
3707,38,Female,Georgia,No,Shirt,Clothing,50.61,Fall,XL,Brown,Yes,No,18,Bi-Weekly,4.46,Express,PayPal
3708,33,Male,New York,Yes,T-shirt,Clothing,62.56,Spring,S,Gray,No,No,12,Monthly,3.03,Express,PayPal
3709,45,Male,Illinois,No,Coat,Clothing,19.65,Summer,S,Yellow,No,Yes,28,Annually,3.82,Express,Venmo
3710,43,Female,Washington,No,Sunglasses,Accessories,82.27,Fall,M,Red,No,No,17,Monthly,3.9,Express,Venmo
3711,67,Male,Illinois,No,Sunglasses,Accessories,67.84,Fall,M,Pink,No,No,19,Weekly,3.62,Express,Debit Card
3712,54,Female,Arizona,No,Sunglasses,Accessories,51.95,Summer,S,Green,No,Yes,29,Weekly,3.45,Standard,PayPal
3713,27,Male,Washington,No,Boots,Footwear,84.58,Summer,M,Blue,No,No,16,Annually,3.91,Express,Debit Card
3714,21,Male,New York,No,Scarf,Accessories,73.25,Spring,M,Blue,Yes,No,14,Annually,4.02,Express,Debit Card
3715,40,Male,Arizona,Yes,Sneakers,Footwear,34.96,Summer,L,Black,No,No,16,Annually,3.31,Express,Debit Card
3716,23,Female,Texas,No,Jacket,Outerwear,41.02,Fall,M,Brown,No,Yes,27,Annually,3.47,Express,Credit Card
3717,61,Male,Arizona,No,Hoodie,Outerwear,34.86,Fall,XL,White,No,No,20,Weekly,4.28,Express,PayPal
3718,27,Female,Arizona,Yes,Jewelry,Accessories,59.51,Fall,S,Black,No,No,30,Bi-Weekly,3.65,Standard,PayPal
3719,41,Female,Ohio,No,T-shirt,Clothing,53.57,Summer,L,Purple,Yes,Yes,26,Annually,3.56,Standard,Debit Card
3720,25,Male,Ohio,No,Pants,Clothing,59.71,Fall,XL,White,Yes,No,21,Bi-Weekly,4.09,Standard,PayPal
3721,39,Female,New York,No,Sweater,Clothing,61.75,Spring,XL,Pink,No,Yes,16,Annually,3.67,Express,Venmo
3722,57,Female,New York,Yes,Skirt,Clothing,52.99,Winter,L,Purple,No,No,17,Bi-Weekly,3.09,Standard,Credit Card
3723,35,Female,Washington,No,Belt,Accessories,48.73,Spring,XL,Black,Yes,No,15,Quarterly,3.73,Express,Debit Card
3724,21,Male,Montana,No,Coat,Outerwear,47.23,Winter,S,Gray,No,No,23,Monthly,3.91,Express,Venmo
3725,45,Male,Arizona,No,Sunglasses,Accessories,65.28,Fall,L,Pink,No,No,14,Bi-Weekly,4.52,Standard,Venmo
3726,47,Male,Illinois,No,Hoodie,Outerwear,60.7,Summer,XL,Purple,Yes,No,15,Weekly,4.21,Express,Cash
3727,23,Male,Montana,No,Jacket,Outerwear,53.84,Spring,M,Pink,Yes,No,28,Monthly,4.02,Standard,Credit Card
3728,41,Male,California,Yes,Jewelry,Accessories,44.33,Spring,S,Blue,No,No,28,Bi-Weekly,3.29,Standard,Cash
3729,58,Male,Georgia,No,Shirt,Clothing,73.25,Winter,XL,Gray,No,Yes,19,Annually,3.54,Express,Credit Card
3730,47,Male,New York,Yes,Jewelry,Accessories,38.82,Fall,L,Brown,No,No,16,Bi-Weekly,2.6,Standard,Cash
3731,25,Female,California,Yes,Skirt,Clothing,88.95,Winter,L,Green,No,No,16,Bi-Weekly,3.5,Express,Debit Card
3732,33,Male,Washington,Yes,Belt,Accessories,59.62,Spring,S,Blue,Yes,Yes,16,Weekly,3.8,Standard,Venmo
3733,64,Male,Washington,No,Belt,Accessories,50.84,Spring,S,Purple,No,No,14,Monthly,3.75,Express,Debit Card
3734,23,Male,California,No,Belt,Accessories,70.73,Winter,M,Blue,No,No,23,Bi-Weekly,4.01,Express,Venmo
3735,46,Male,Montana,Yes,Scarf,Accessories,70.0,Winter,M,Green,No,No,22,Quarterly,4.17,Express,Debit Card
3736,18,Female,Ohio,No,Hoodie,Outerwear,43.8,Spring,XL,Green,No,No,23,Monthly,3.7,Standard,Cash
3737,37,Male,Illinois,No,Jacket,Outerwear,36.66,Fall,XL,Blue,No,No,29,Bi-Weekly,3.88,Standard,Cash
3738,61,Male,Illinois,No,Boots,Footwear,110.0,Summer,S,White,Yes,Yes,19,Monthly,3.69,Express,Debit Card
3739,38,Male,Texas,Yes,Shoes,Footwear,49.71,Summer,L,Purple,No,No,25,Quarterly,3.81,Express,Venmo
3740,21,Male,Texas,Yes,Jewelry,Accessories,89.05,Winter,S,Red,No,Yes,20,Weekly,3.09,Express,Cash
3741,36,Female,Florida,No,Skirt,Clothing,60.57,Summer,XL,Red,Yes,Yes,30,Weekly,3.07,Express,PayPal
3742,33,Male,Arizona,No,Sweater,Clothing,57.9,Fall,L,Purple,No,No,21,Bi-Weekly,3.79,Standard,Debit Card
3743,52,Male,Illinois,No,Sweater,Clothing,55.91,Fall,M,Green,No,No,15,Bi-Weekly,3.95,Express,Venmo
3744,30,Female,Florida,No,Belt,Accessories,42.61,Summer,L,White,No,No,26,Quarterly,4.02,Express,Cash
3745,67,Male,California,No,Jewelry,Accessories,76.15,Winter,L,Green,Yes,No,26,Weekly,4.17,Express,Credit Card
3746,63,Male,Illinois,Yes,Blouse,Clothing,80.31,Summer,M,Black,No,No,12,Annually,3.19,Express,PayPal
3747,66,Female,New York,No,T-shirt,Clothing,74.39,Fall,S,Pink,No,Yes,23,Monthly,3.88,Express,PayPal
3748,68,Male,Florida,No,Belt,Accessories,60.15,Spring,XL,Yellow,No,Yes,21,Monthly,3.86,Express,PayPal
3749,39,Male,California,No,Jewelry,Accessories,44.86,Fall,S,Gray,No,No,15,Monthly,4.68,Express,Cash
3750,59,Female,Arizona,No,Scarf,Accessories,73.35,Spring,M,Purple,No,Yes,22,Annually,3.3,Express,PayPal
3751,64,Male,Washington,No,Sneakers,Footwear,93.48,Summer,S,Black,No,No,13,Monthly,3.67,Express,Cash
3752,68,Male,Florida,Yes,Sandals,Footwear,74.13,Summer,L,Yellow,No,Yes,21,Quarterly,4.62,Express,Debit Card
3753,65,Male,Georgia,No,Shirt,Clothing,67.71,Winter,M,Brown,Yes,No,24,Monthly,3.52,Express,Cash
3754,43,Male,Georgia,Yes,Hoodie,Outerwear,75.99,Summer,M,Brown,No,No,11,Monthly,4.71,Express,Credit Card
3755,25,Female,Arizona,No,Dress,Clothing,58.31,Summer,L,Pink,No,No,17,Bi-Weekly,3.71,Express,Debit Card
3756,33,Female,Washington,Yes,Jewelry,Accessories,69.1,Fall,M,Black,No,No,21,Bi-Weekly,3.78,Express,PayPal
3757,20,Female,New York,No,Belt,Accessories,47.79,Spring,L,Gray,No,No,26,Annually,3.62,Standard,Credit Card
3758,61,Female,California,Yes,Skirt,Clothing,70.5,Spring,M,White,No,No,26,Annually,3.67,Express,Debit Card
3759,27,Male,Illinois,No,Sneakers,Footwear,56.05,Summer,M,Blue,No,Yes,25,Bi-Weekly,3.63,Express,PayPal
3760,49,Male,Montana,No,T-shirt,Clothing,91.2,Spring,L,Black,No,Yes,25,Bi-Weekly,3.82,Express,Venmo
3761,32,Female,Texas,No,Sandals,Footwear,86.26,Winter,S,Black,No,No,29,Weekly,2.91,Express,Venmo
3762,53,Male,Florida,No,Sunglasses,Accessories,78.42,Fall,XL,Red,Yes,No,30,Bi-Weekly,3.95,Express,PayPal
3763,53,Female,California,No,Hoodie,Outerwear,71.79,Winter,M,Yellow,No,No,14,Bi-Weekly,2.78,Express,Credit Card
3764,66,Female,Montana,No,Pants,Clothing,74.02,Spring,XL,Black,No,Yes,26,Bi-Weekly,2.63,Standard,Debit Card
3765,28,Male,Montana,No,T-shirt,Clothing,85.11,Summer,L,Pink,Yes,No,12,Bi-Weekly,4.01,Express,Debit Card
3766,45,Male,Montana,Yes,Belt,Accessories,54.05,Spring,M,Yellow,No,No,27,Weekly,3.81,Express,PayPal
3767,41,Male,Florida,No,Sneakers,Footwear,19.38,Spring,S,Gray,No,No,13,Bi-Weekly,4.71,Express,Credit Card
3768,53,Female,New York,Yes,Boots,Footwear,56.57,Spring,S,Yellow,No,No,15,Monthly,3.1,Standard,Debit Card
3769,42,Female,Illinois,No,Scarf,Accessories,61.66,Fall,S,Yellow,No,No,25,Quarterly,4.74,Express,Cash
3770,23,Female,Georgia,No,T-shirt,Clothing,74.53,Summer,S,Green,No,No,26,Annually,3.99,Express,Debit Card
3771,32,Female,Montana,No,Coat,Clothing,67.63,Fall,XL,Pink,No,No,25,Quarterly,3.88,Standard,PayPal
3772,36,Female,Montana,No,Sandals,Footwear,23.56,Fall,S,Green,No,Yes,15,Weekly,3.53,Express,Cash
3773,36,Female,Illinois,No,Blouse,Clothing,64.07,Summer,XL,Blue,No,No,12,Bi-Weekly,4.22,Express,PayPal
3774,39,Male,Arizona,No,Sneakers,Footwear,23.28,Summer,S,Black,No,No,22,Monthly,4.6,Standard,Venmo
3775,54,Female,Florida,No,Sneakers,Footwear,57.9,Winter,S,Black,No,No,24,Monthly,3.61,Express,Venmo
3776,65,Female,Illinois,No,Belt,Accessories,90.51,Winter,L,Red,No,No,26,Weekly,3.7,Express,Venmo
3777,41,Male,Georgia,No,Jacket,Outerwear,24.77,Winter,M,Green,No,Yes,26,Bi-Weekly,3.22,Express,Cash
3778,46,Male,California,No,Coat,Outerwear,77.79,Summer,XL,Red,Yes,No,30,Quarterly,3.34,Express,Venmo
3779,48,Female,Illinois,No,T-shirt,Clothing,56.98,Fall,L,Gray,Yes,No,25,Weekly,4.23,Express,PayPal
3780,28,Male,Texas,No,Sunglasses,Accessories,56.09,Fall,M,Green,Yes,No,14,Bi-Weekly,4.09,Express,Cash
3781,67,Male,Georgia,Yes,Pants,Clothing,71.63,Spring,L,Purple,No,No,26,Annually,3.14,Standard,Venmo
3782,19,Male,Montana,Yes,Pants,Clothing,61.14,Summer,L,Yellow,Yes,No,26,Bi-Weekly,4.8,Express,PayPal
3783,53,Male,Florida,Yes,Scarf,Accessories,76.65,Spring,M,Blue,No,No,21,Annually,3.45,Express,Venmo
3784,47,Male,Florida,No,T-shirt,Clothing,69.51,Fall,L,White,No,Yes,24,Bi-Weekly,3.91,Express,Credit Card
3785,18,Female,Ohio,No,Scarf,Accessories,45.5,Fall,XL,Purple,Yes,Yes,16,Bi-Weekly,3.67,Express,Venmo
3786,26,Male,Texas,Yes,Dress,Clothing,87.84,Summer,M,Yellow,No,No,29,Monthly,3.15,Standard,Debit Card
3787,54,Female,Washington,No,T-shirt,Clothing,81.52,Summer,XL,Gray,No,No,16,Weekly,3.1,Standard,Debit Card
3788,49,Female,Washington,No,Belt,Accessories,69.49,Spring,L,Gray,No,Yes,29,Monthly,3.8,Standard,Venmo
3789,47,Male,Washington,No,Shirt,Clothing,47.93,Fall,M,Pink,No,No,28,Monthly,4.07,Express,Cash
3790,53,Female,Washington,No,Scarf,Accessories,47.98,Spring,XL,Blue,No,No,17,Monthly,4.74,Express,Cash
3791,26,Female,Ohio,No,Jewelry,Accessories,81.29,Winter,M,Brown,No,No,18,Monthly,3.77,Express,Debit Card
3792,29,Female,Florida,Yes,Boots,Footwear,50.34,Winter,S,Pink,No,No,19,Annually,3.9,Express,Debit Card
3793,24,Female,Washington,No,Coat,Outerwear,48.35,Winter,XL,White,No,No,28,Monthly,3.19,Express,Debit Card
3794,38,Male,Montana,Yes,Skirt,Clothing,94.07,Spring,M,Green,No,No,11,Weekly,4.38,Express,Venmo
3795,33,Female,Ohio,No,Jacket,Outerwear,82.72,Fall,S,Brown,No,No,28,Bi-Weekly,2.51,Express,Venmo
3796,69,Male,Ohio,No,Sunglasses,Accessories,29.8,Winter,XL,Yellow,No,No,26,Annually,4.35,Express,PayPal
3797,33,Male,Montana,Yes,T-shirt,Clothing,50.83,Fall,M,Yellow,Yes,No,14,Annually,3.13,Express,Venmo
3798,45,Female,Florida,No,Sunglasses,Accessories,78.07,Fall,S,Pink,No,No,18,Weekly,4.22,Express,Debit Card
3799,34,Female,New York,No,Coat,Outerwear,73.11,Spring,L,Purple,Yes,No,12,Annually,3.1,Express,Credit Card
3800,61,Male,Arizona,No,Jacket,Outerwear,15.0,Fall,S,Brown,No,No,16,Annually,2.96,Express,Credit Card
3801,41,Female,Washington,No,Dress,Clothing,79.2,Summer,XL,Purple,No,No,19,Annually,2.91,Standard,Cash
3802,46,Male,Florida,No,Jewelry,Accessories,43.12,Spring,XL,Green,No,No,16,Weekly,3.55,Express,Venmo
3803,35,Female,New York,No,Jacket,Outerwear,38.33,Spring,L,Gray,No,Yes,21,Weekly,3.17,Express,Venmo
3804,36,Male,Florida,No,Shoes,Footwear,92.12,Spring,XL,Pink,No,Yes,16,Weekly,3.96,Standard,PayPal
3805,32,Male,Ohio,Yes,Coat,Clothing,60.43,Spring,L,Brown,Yes,No,30,Quarterly,4.66,Express,Cash
3806,20,Female,Illinois,No,Shoes,Footwear,45.6,Winter,S,Pink,No,No,22,Bi-Weekly,4.66,Express,Debit Card
3807,34,Male,Ohio,No,Jacket,Outerwear,38.81,Winter,M,Blue,No,Yes,25,Annually,3.88,Express,PayPal
3808,66,Male,Georgia,No,Coat,Outerwear,56.91,Spring,S,Yellow,Yes,Yes,14,Annually,2.55,Express,Cash
3809,37,Male,Montana,No,Blouse,Clothing,44.67,Spring,S,Green,No,Yes,23,Bi-Weekly,3.29,Standard,Cash
3810,19,Female,Montana,Yes,Coat,Clothing,60.24,Spring,M,Green,No,No,14,Weekly,3.56,Express,Cash
3811,18,Male,Montana,No,Shoes,Footwear,51.51,Spring,S,Blue,No,No,23,Bi-Weekly,3.39,Express,Cash
3812,19,Male,Arizona,Yes,Scarf,Accessories,67.38,Fall,L,Black,No,No,25,Annually,3.8,Express,Credit Card
3813,50,Male,Washington,Yes,Blouse,Clothing,76.25,Fall,M,Pink,Yes,No,23,Quarterly,4.62,Express,Debit Card
3814,22,Male,Ohio,Yes,Pants,Clothing,57.07,Fall,S,Yellow,Yes,No,12,Quarterly,4.57,Standard,Debit Card
3815,55,Male,California,No,Jewelry,Accessories,28.77,Winter,M,Gray,Yes,No,16,Weekly,3.46,Express,Credit Card
3816,61,Male,Florida,Yes,Jewelry,Accessories,78.53,Spring,S,White,No,No,21,Weekly,3.87,Express,Credit Card
3817,33,Male,Arizona,Yes,Scarf,Accessories,67.11,Fall,S,Yellow,Yes,Yes,27,Quarterly,3.83,Express,Cash
3818,55,Male,Ohio,No,Blouse,Clothing,82.65,Winter,XL,Black,No,Yes,19,Weekly,3.84,Express,Cash
3819,62,Male,New York,No,Belt,Accessories,97.24,Winter,L,Red,No,No,18,Quarterly,2.46,Express,Cash
3820,57,Male,Montana,No,Boots,Footwear,59.1,Spring,S,Pink,Yes,Yes,18,Annually,3.66,Standard,Credit Card
3821,22,Female,Washington,No,Jewelry,Accessories,62.73,Fall,XL,Blue,Yes,No,21,Monthly,3.66,Express,PayPal
3822,48,Male,Georgia,No,Sunglasses,Accessories,76.34,Spring,XL,White,No,No,14,Monthly,4.18,Express,Cash
3823,48,Male,Florida,No,Jacket,Outerwear,55.11,Winter,S,Gray,No,No,20,Monthly,2.86,Express,Credit Card
3824,23,Male,Illinois,No,Blouse,Clothing,81.73,Summer,M,Purple,No,Yes,27,Weekly,4.7,Express,Cash
3825,65,Male,Georgia,Yes,T-shirt,Clothing,42.22,Fall,L,Yellow,No,No,25,Annually,2.92,Standard,Debit Card
3826,64,Male,New York,Yes,Boots,Footwear,61.72,Summer,L,Blue,Yes,No,30,Monthly,3.76,Standard,Cash
3827,18,Male,Washington,Yes,Sandals,Footwear,35.05,Summer,XL,White,No,Yes,24,Annually,3.51,Express,Cash
3828,28,Female,California,No,Hoodie,Outerwear,79.51,Summer,XL,Purple,No,No,25,Quarterly,4.56,Express,Credit Card
3829,63,Female,Ohio,No,Sunglasses,Accessories,77.82,Spring,L,Brown,No,Yes,11,Annually,3.94,Standard,PayPal
3830,26,Male,California,No,Pants,Clothing,94.71,Winter,XL,Red,No,Yes,27,Bi-Weekly,2.69,Express,Cash
3831,59,Female,Ohio,No,Pants,Clothing,41.89,Fall,S,Black,No,Yes,26,Quarterly,3.76,Standard,Venmo
3832,67,Female,California,No,T-shirt,Clothing,42.54,Winter,M,Green,No,Yes,13,Annually,3.81,Standard,PayPal
3833,55,Male,Georgia,Yes,Coat,Outerwear,54.55,Winter,S,White,No,No,13,Bi-Weekly,3.25,Express,Venmo
3834,29,Male,Georgia,No,Sweater,Clothing,77.85,Summer,S,Brown,No,No,23,Weekly,3.75,Express,Cash
3835,35,Male,Washington,No,Sandals,Footwear,41.8,Summer,L,Red,No,No,30,Monthly,4.21,Express,Cash
3836,42,Male,Washington,No,T-shirt,Clothing,79.86,Fall,M,Brown,Yes,No,22,Bi-Weekly,3.03,Express,Cash
3837,50,Female,Texas,No,Coat,Outerwear,44.56,Fall,M,Pink,No,No,25,Weekly,3.66,Express,Cash
3838,22,Male,Florida,Yes,Sweater,Clothing,59.27,Fall,S,Purple,No,No,22,Quarterly,3.7,Express,Debit Card
3839,50,Female,Georgia,No,Jacket,Outerwear,57.95,Spring,M,White,No,No,19,Weekly,4.08,Express,Debit Card
3840,53,Male,Florida,No,Sweater,Clothing,39.38,Winter,M,Brown,No,No,17,Monthly,4.41,Express,Venmo
3841,22,Male,Washington,No,Sunglasses,Accessories,26.65,Fall,S,Purple,Yes,Yes,21,Bi-Weekly,2.82,Express,PayPal
3842,21,Male,New York,No,Jewelry,Accessories,82.67,Summer,S,Brown,No,No,16,Monthly,4.07,Express,Debit Card
3843,45,Female,Georgia,Yes,Sunglasses,Accessories,64.24,Fall,XL,White,No,No,28,Quarterly,3.22,Standard,Venmo
3844,34,Male,Florida,No,Shirt,Clothing,62.35,Fall,XL,White,No,No,24,Bi-Weekly,3.62,Standard,Credit Card
3845,55,Female,Arizona,No,Pants,Clothing,88.04,Fall,L,Red,No,No,27,Monthly,3.96,Express,PayPal
3846,39,Male,Florida,No,Coat,Clothing,67.02,Spring,XL,White,No,Yes,18,Annually,3.78,Express,PayPal
3847,30,Male,Florida,No,Boots,Footwear,50.45,Winter,S,Gray,No,Yes,16,Bi-Weekly,4.08,Express,Debit Card
3848,51,Male,Ohio,No,Sunglasses,Accessories,84.92,Fall,L,Green,No,No,23,Monthly,4.16,Express,Debit Card
3849,25,Male,Ohio,No,Jewelry,Accessories,106.39,Summer,L,Red,No,No,23,Weekly,3.7,Express,Debit Card
3850,68,Male,Illinois,No,Jewelry,Accessories,53.63,Summer,M,Pink,No,Yes,11,Monthly,4.52,Express,Cash
3851,53,Male,California,Yes,Pants,Clothing,37.02,Fall,L,Green,Yes,No,17,Bi-Weekly,4.52,Standard,Debit Card
3852,50,Male,Texas,No,Pants,Clothing,39.61,Spring,M,Gray,Yes,No,14,Bi-Weekly,3.96,Express,Cash
3853,44,Male,Texas,Yes,Blouse,Clothing,47.47,Spring,XL,Yellow,Yes,Yes,25,Annually,4.21,Express,Debit Card
3854,19,Male,Georgia,Yes,Shoes,Footwear,80.03,Summer,XL,Gray,No,Yes,19,Weekly,4.11,Express,Debit Card
3855,36,Male,Ohio,Yes,Coat,Outerwear,59.63,Spring,XL,White,No,No,16,Quarterly,4.28,Express,Venmo
3856,43,Female,Montana,No,Sweater,Clothing,64.67,Summer,S,Blue,No,No,13,Monthly,3.42,Express,Credit Card
3857,31,Male,Texas,No,Skirt,Clothing,34.68,Spring,M,Brown,No,No,15,Weekly,3.03,Express,Debit Card
3858,39,Female,Illinois,No,Scarf,Accessories,24.3,Spring,XL,Green,No,No,23,Monthly,4.12,Standard,Credit Card
3859,37,Male,Georgia,No,Sneakers,Footwear,66.94,Spring,L,Purple,No,Yes,11,Weekly,4.09,Standard,PayPal
3860,59,Male,Washington,No,Pants,Clothing,62.07,Winter,S,Red,No,No,19,Weekly,3.39,Express,Venmo
3861,51,Female,Illinois,No,Shirt,Clothing,65.46,Summer,L,Gray,Yes,No,12,Monthly,4.87,Standard,Venmo
3862,69,Male,Montana,Yes,Scarf,Accessories,56.69,Fall,S,Yellow,No,No,30,Annually,3.75,Express,Debit Card
3863,22,Male,Florida,No,Dress,Clothing,55.44,Summer,M,Red,No,Yes,30,Bi-Weekly,3.48,Standard,Credit Card
3864,70,Female,Florida,Yes,Belt,Accessories,53.36,Winter,XL,Brown,Yes,Yes,14,Bi-Weekly,3.47,Express,Credit Card
3865,63,Male,Illinois,No,Shoes,Footwear,46.88,Winter,L,Green,No,Yes,13,Quarterly,3.57,Standard,PayPal
3866,63,Male,Illinois,No,Sandals,Footwear,81.71,Winter,M,Purple,No,No,23,Monthly,4.53,Express,Cash
3867,44,Female,Texas,No,Jacket,Outerwear,38.05,Winter,S,Brown,No,Yes,15,Weekly,4.46,Standard,Debit Card
3868,24,Female,Texas,No,Sneakers,Footwear,76.34,Fall,M,Red,No,No,25,Annually,3.27,Standard,Debit Card
3869,32,Male,Florida,No,Scarf,Accessories,62.39,Spring,M,Purple,No,No,16,Annually,3.85,Express,Credit Card
3870,49,Male,Ohio,Yes,Shirt,Clothing,66.59,Spring,M,Pink,No,No,29,Monthly,3.58,Express,Credit Card
3871,53,Female,Arizona,Yes,Shirt,Clothing,87.44,Spring,M,White,No,Yes,23,Monthly,3.6,Express,PayPal
3872,48,Male,California,Yes,Jacket,Outerwear,67.87,Winter,M,Red,Yes,No,17,Bi-Weekly,3.6,Standard,Venmo
3873,24,Male,Illinois,No,Hoodie,Outerwear,58.38,Winter,L,Brown,No,Yes,13,Annually,3.83,Express,Debit Card
3874,47,Male,Georgia,No,Coat,Outerwear,47.4,Summer,L,Yellow,No,No,28,Bi-Weekly,3.63,Express,Venmo
3875,31,Male,Florida,Yes,Boots,Footwear,48.59,Fall,XL,Purple,No,No,24,Annually,3.58,Express,Credit Card
3876,57,Male,Montana,No,Blouse,Clothing,51.52,Winter,S,Pink,No,No,18,Monthly,4.23,Express,Venmo
3877,27,Female,Georgia,No,Sneakers,Footwear,67.36,Winter,S,Blue,Yes,No,13,Quarterly,4.62,Standard,Venmo
3878,58,Male,Montana,No,Hoodie,Outerwear,41.24,Spring,XL,White,No,No,11,Quarterly,3.54,Express,Venmo
3879,27,Male,Georgia,No,Sneakers,Footwear,75.54,Summer,L,Gray,No,No,22,Annually,3.52,Express,Cash
3880,21,Male,Ohio,No,Jacket,Outerwear,53.92,Spring,M,Blue,Yes,No,18,Weekly,4.19,Express,PayPal
3881,40,Male,Montana,Yes,Coat,Outerwear,76.15,Winter,S,Red,No,No,21,Annually,3.2,Express,Debit Card
3882,36,Female,Texas,No,Skirt,Clothing,45.67,Summer,M,Black,No,No,20,Bi-Weekly,3.75,Express,PayPal
3883,38,Male,Montana,No,Pants,Clothing,33.15,Fall,L,Pink,No,Yes,17,Monthly,3.84,Express,Debit Card
3884,30,Female,Montana,No,Shoes,Footwear,88.02,Fall,M,Gray,Yes,Yes,21,Weekly,3.32,Express,Cash
3885,23,Male,Washington,No,Sweater,Clothing,70.47,Winter,L,Green,No,No,15,Annually,3.71,Express,Cash
3886,48,Male,Ohio,Yes,Dress,Clothing,34.61,Fall,L,Pink,No,No,11,Bi-Weekly,4.29,Express,Cash
3887,51,Male,Georgia,Yes,Sneakers,Footwear,73.42,Winter,S,Blue,No,No,13,Quarterly,2.66,Express,PayPal
3888,61,Male,California,No,Sunglasses,Accessories,110.0,Winter,S,White,No,No,25,Bi-Weekly,4.5,Express,Cash
3889,58,Female,Washington,No,Sunglasses,Accessories,106.24,Fall,L,Purple,No,Yes,17,Bi-Weekly,4.12,Express,Credit Card
3890,55,Male,Washington,Yes,Sweater,Clothing,58.01,Fall,L,Purple,No,No,21,Bi-Weekly,4.04,Express,Debit Card
3891,40,Male,Texas,No,Pants,Clothing,80.52,Spring,XL,White,No,Yes,11,Bi-Weekly,2.92,Express,Credit Card
3892,57,Male,Florida,Yes,Coat,Clothing,64.64,Fall,L,White,No,No,14,Annually,3.48,Express,Credit Card
3893,56,Male,Georgia,Yes,Pants,Clothing,82.95,Winter,M,Green,Yes,No,21,Quarterly,3.68,Express,Debit Card
3894,27,Male,Georgia,No,Hoodie,Outerwear,33.87,Winter,S,Red,No,No,22,Quarterly,3.0,Standard,Debit Card
3895,47,Male,Arizona,Yes,Boots,Footwear,47.95,Spring,S,Yellow,No,No,20,Weekly,4.37,Express,Debit Card
3896,61,Male,Arizona,No,Blouse,Clothing,32.63,Fall,M,Purple,No,Yes,26,Annually,3.78,Express,Debit Card
3897,27,Female,California,No,Sweater,Clothing,80.26,Winter,M,Brown,No,No,15,Weekly,3.72,Express,Venmo
3898,65,Male,California,Yes,Blouse,Clothing,44.61,Winter,L,Pink,No,No,26,Weekly,4.33,Express,Debit Card
3899,50,Male,New York,No,Blouse,Clothing,59.24,Winter,S,Pink,No,No,13,Annually,4.14,Express,PayPal
3900,54,Female,Florida,No,Shirt,Clothing,46.23,Fall,L,Brown,Yes,No,28,Quarterly,3.05,Standard,Credit Card
